run_id,stage,example,n_disc,a_disc,discount,seed,w_lr,num_updates,p,M,sampled_cost,idealized_cost,gap,abs_gap,rel_gap,reference_run_id,outlier_threshold
s0_seir_sampled_seed00,stage0_smoke,seir,4,3,0.9,0,0.7,2000,1,0.3,3.40977142794,3.34702618987,0.062745238073,0.062745238073,0.0187465632217,s0_seir_ideal,0.01
s0_seir_sampled_seed00,stage0_smoke,seir,4,3,0.9,0,0.7,2000,0,0.3,3.30036992873,3.3363720219,-0.0360020931672,0.0360020931672,0.0107907909942,s0_seir_ideal,0.01
s0_sis_sampled_seed00,stage0_smoke,sis,8,3,0.5,0,0.7,1000,1,0,1.12557870367,1.16068672835,-0.0351080246855,0.0351080246855,0.0302476317062,s0_sis_ideal,0.01
s2_sysrisk_w075_u05m_seed04,stage2_sysrisk_screen,sysrisk,5,2,0.5,4,0.75,5000000,1,0,5.12952380947,4.85333333329,0.276190476187,0.276190476187,0.0569073783357,s1_sysrisk_samegrid,0.01
s2_sysrisk_w075_u10m_seed00,stage2_sysrisk_screen,sysrisk,5,2,0.5,0,0.75,10000000,1,0,5.06666666662,4.85333333329,0.21333333333,0.21333333333,0.0439560439558,s1_sysrisk_samegrid,0.01
s2_sysrisk_w075_u05m_seed04,stage2_sysrisk_screen,sysrisk,5,2,0.5,4,0.75,5000000,0.75,0,4.40071544707,4.19400696856,0.206708478511,0.206708478511,0.0492866321064,s1_sysrisk_samegrid,0.01
s2_sysrisk_w080_u05m_seed00,stage2_sysrisk_screen,sysrisk,5,2,0.5,0,0.8,5000000,1,0,5.05142857138,4.85333333329,0.198095238092,0.198095238092,0.0408163265304,s1_sysrisk_samegrid,0.01
s2_sysrisk_w085_u05m_seed00,stage2_sysrisk_screen,sysrisk,5,2,0.5,0,0.85,5000000,1,0,5.05142857138,4.85333333329,0.198095238092,0.198095238092,0.0408163265304,s1_sysrisk_samegrid,0.01
s2_sysrisk_w080_u05m_seed04,stage2_sysrisk_screen,sysrisk,5,2,0.5,4,0.8,5000000,1,0,5.03238095233,4.85333333329,0.179047619045,0.179047619045,0.0368916797487,s1_sysrisk_samegrid,0.01
s2_sysrisk_w075_u05m_seed00,stage2_sysrisk_screen,sysrisk,5,2,0.5,0,0.75,5000000,1,0,5.01714285709,4.85333333329,0.163809523807,0.163809523807,0.0337519623232,s1_sysrisk_samegrid,0.01
s2_sysrisk_w075_u10m_seed04,stage2_sysrisk_screen,sysrisk,5,2,0.5,4,0.75,10000000,1,0,5.01714285709,4.85333333329,0.163809523807,0.163809523807,0.0337519623232,s1_sysrisk_samegrid,0.01
s2_sysrisk_w075_u10m_seed00,stage2_sysrisk_screen,sysrisk,5,2,0.5,0,0.75,10000000,0.75,0,4.35325783963,4.19400696856,0.159250871078,0.159250871078,0.0379710554303,s1_sysrisk_samegrid,0.01
s2_sysrisk_w085_u05m_seed00,stage2_sysrisk_screen,sysrisk,5,2,0.5,0,0.85,5000000,0.75,0,4.33784322919,4.19400696856,0.143836260635,0.143836260635,0.034295665628,s1_sysrisk_samegrid,0.01
s2_sysrisk_w075_u05m_seed00,stage2_sysrisk_screen,sysrisk,5,2,0.5,0,0.75,5000000,0.75,0,4.33759700387,4.19400696856,0.143590035314,0.143590035314,0.0342369567792,s1_sysrisk_samegrid,0.01
s2_sysrisk_w075_u10m_seed04,stage2_sysrisk_screen,sysrisk,5,2,0.5,4,0.75,10000000,0.75,0,4.33759700387,4.19400696856,0.143590035314,0.143590035314,0.0342369567792,s1_sysrisk_samegrid,0.01
s2_sysrisk_w080_u05m_seed00,stage2_sysrisk_screen,sysrisk,5,2,0.5,0,0.8,5000000,0.75,0,4.33685368215,4.19400696856,0.142846713597,0.142846713597,0.0340597225202,s1_sysrisk_samegrid,0.01
s2_sysrisk_w075_u05m_seed04,stage2_sysrisk_screen,sysrisk,5,2,0.5,4,0.75,5000000,0.5,0,3.66601360538,3.52616780039,0.139845804988,0.139845804988,0.0396594299831,s1_sysrisk_samegrid,0.01
s2_sysrisk_w080_u05m_seed04,stage2_sysrisk_screen,sysrisk,5,2,0.5,4,0.8,5000000,0.75,0,4.32893263638,4.19400696856,0.134925667827,0.134925667827,0.032171064292,s1_sysrisk_samegrid,0.01
s2_sysrisk_w080_u10m_seed04,stage2_sysrisk_screen,sysrisk,5,2,0.5,4,0.8,10000000,1,0,4.979047619,4.85333333329,0.125714285713,0.125714285713,0.0259026687597,s1_sysrisk_samegrid,0.01
s2_sysrisk_w080_u05m_seed02,stage2_sysrisk_screen,sysrisk,5,2,0.5,2,0.8,5000000,1,0,4.96952380947,4.85333333329,0.116190476189,0.116190476189,0.0239403453688,s1_sysrisk_samegrid,0.01
s2_sysrisk_w085_u05m_seed02,stage2_sysrisk_screen,sysrisk,5,2,0.5,2,0.85,5000000,1,0,4.96952380947,4.85333333329,0.116190476189,0.116190476189,0.0239403453688,s1_sysrisk_samegrid,0.01
s2_sysrisk_w085_u05m_seed04,stage2_sysrisk_screen,sysrisk,5,2,0.5,4,0.85,5000000,1,0,4.96952380947,4.85333333329,0.116190476189,0.116190476189,0.0239403453688,s1_sysrisk_samegrid,0.01
s2_sysrisk_w075_u05m_seed02,stage2_sysrisk_screen,sysrisk,5,2,0.5,2,0.75,5000000,0.75,0.3,3.26653678806,3.1541974164,0.112339371658,0.112339371658,0.0356158340227,s1_sysrisk_samegrid,0.01
s2_sysrisk_w080_u05m_seed02,stage2_sysrisk_screen,sysrisk,5,2,0.5,2,0.8,5000000,0.75,0.3,3.26653678806,3.1541974164,0.112339371658,0.112339371658,0.0356158340227,s1_sysrisk_samegrid,0.01
s2_sysrisk_w085_u05m_seed02,stage2_sysrisk_screen,sysrisk,5,2,0.5,2,0.85,5000000,0.75,0.3,3.26653678806,3.1541974164,0.112339371658,0.112339371658,0.0356158340227,s1_sysrisk_samegrid,0.01
s2_sysrisk_w075_u10m_seed01,stage2_sysrisk_screen,sysrisk,5,2,0.5,1,0.75,10000000,0.75,0.3,3.2661692085,3.1541974164,0.111971792098,0.111971792098,0.0354992973856,s1_sysrisk_samegrid,0.01
s2_sysrisk_w080_u10m_seed04,stage2_sysrisk_screen,sysrisk,5,2,0.5,4,0.8,10000000,0.75,0,4.30525087099,4.19400696856,0.111243902438,0.111243902438,0.0265244915594,s1_sysrisk_samegrid,0.01
s2_sysrisk_w075_u05m_seed00,stage2_sysrisk_screen,sysrisk,5,2,0.5,0,0.75,5000000,0.5,0,3.63397920081,3.52616780039,0.107811400421,0.107811400421,0.0305746653377,s1_sysrisk_samegrid,0.01
s2_sysrisk_w075_u10m_seed04,stage2_sysrisk_screen,sysrisk,5,2,0.5,4,0.75,10000000,0.5,0,3.63397920081,3.52616780039,0.107811400421,0.107811400421,0.0305746653377,s1_sysrisk_samegrid,0.01
s2_sysrisk_w075_u05m_seed01,stage2_sysrisk_screen,sysrisk,5,2,0.5,1,0.75,5000000,0.5,0,3.63387848926,3.52616780039,0.107710688871,0.107710688871,0.0305461041473,s1_sysrisk_samegrid,0.01
s2_sysrisk_w080_u05m_seed01,stage2_sysrisk_screen,sysrisk,5,2,0.5,1,0.8,5000000,0.5,0,3.63387848926,3.52616780039,0.107710688871,0.107710688871,0.0305461041473,s1_sysrisk_samegrid,0.01
s2_sysrisk_w085_u05m_seed01,stage2_sysrisk_screen,sysrisk,5,2,0.5,1,0.85,5000000,0.5,0,3.63387848926,3.52616780039,0.107710688871,0.107710688871,0.0305461041473,s1_sysrisk_samegrid,0.01
s2_sysrisk_w075_u10m_seed00,stage2_sysrisk_screen,sysrisk,5,2,0.5,0,0.75,10000000,0.5,0,3.63362811785,3.52616780039,0.10746031746,0.10746031746,0.0304751003194,s1_sysrisk_samegrid,0.01
s2_sysrisk_w080_u10m_seed00,stage2_sysrisk_screen,sysrisk,5,2,0.5,0,0.8,10000000,1,0,4.95999999995,4.85333333329,0.106666666665,0.106666666665,0.0219780219779,s1_sysrisk_samegrid,0.01
s2_sysrisk_w085_u10m_seed00,stage2_sysrisk_screen,sysrisk,5,2,0.5,0,0.85,10000000,1,0,4.95999999995,4.85333333329,0.106666666665,0.106666666665,0.0219780219779,s1_sysrisk_samegrid,0.01
s2_sysrisk_w075_u05m_seed01,stage2_sysrisk_screen,sysrisk,5,2,0.5,1,0.75,5000000,0.75,0,4.29787755093,4.19400696856,0.103870582373,0.103870582373,0.0247664305642,s1_sysrisk_samegrid,0.01
s2_sysrisk_w080_u05m_seed01,stage2_sysrisk_screen,sysrisk,5,2,0.5,1,0.8,5000000,0.75,0,4.29787755093,4.19400696856,0.103870582373,0.103870582373,0.0247664305642,s1_sysrisk_samegrid,0.01
s2_sysrisk_w085_u05m_seed01,stage2_sysrisk_screen,sysrisk,5,2,0.5,1,0.85,5000000,0.75,0,4.29787755093,4.19400696856,0.103870582373,0.103870582373,0.0247664305642,s1_sysrisk_samegrid,0.01
s2_sysrisk_w075_u05m_seed02,stage2_sysrisk_screen,sysrisk,5,2,0.5,2,0.75,5000000,1,1,3.27619047617,3.37904761902,-0.102857142856,0.102857142856,0.0304396843291,s1_sysrisk_samegrid,0.01
s2_sysrisk_w085_u05m_seed02,stage2_sysrisk_screen,sysrisk,5,2,0.5,2,0.85,5000000,1,1,3.27619047617,3.37904761902,-0.102857142856,0.102857142856,0.0304396843291,s1_sysrisk_samegrid,0.01
s2_sysrisk_w085_u10m_seed03,stage2_sysrisk_screen,sysrisk,5,2,0.5,3,0.85,10000000,1,1,3.27619047617,3.37904761902,-0.102857142856,0.102857142856,0.0304396843291,s1_sysrisk_samegrid,0.01
s2_sysrisk_w075_u10m_seed02,stage2_sysrisk_screen,sysrisk,5,2,0.5,2,0.75,10000000,0.75,0.3,3.2545669952,3.1541974164,0.100369578797,0.100369578797,0.0318209565055,s1_sysrisk_samegrid,0.01
s2_sysrisk_w080_u10m_seed02,stage2_sysrisk_screen,sysrisk,5,2,0.5,2,0.8,10000000,0.75,0.3,3.2545669952,3.1541974164,0.100369578797,0.100369578797,0.0318209565055,s1_sysrisk_samegrid,0.01
s2_sysrisk_w085_u10m_seed02,stage2_sysrisk_screen,sysrisk,5,2,0.5,2,0.85,10000000,0.75,0.3,3.2545669952,3.1541974164,0.100369578797,0.100369578797,0.0318209565055,s1_sysrisk_samegrid,0.01
s2_sysrisk_w075_u10m_seed01,stage2_sysrisk_screen,sysrisk,5,2,0.5,1,0.75,10000000,1,0.3,3.64952380949,3.55238095235,0.0971428571429,0.0971428571429,0.0273458445043,s1_sysrisk_samegrid,0.01
s2_sysrisk_w075_u05m_seed00,stage2_sysrisk_screen,sysrisk,5,2,0.5,0,0.75,5000000,1,1,3.28190476188,3.37904761902,-0.0971428571416,0.0971428571416,0.0287485907552,s1_sysrisk_samegrid,0.01
s2_sysrisk_w075_u10m_seed03,stage2_sysrisk_screen,sysrisk,5,2,0.5,3,0.75,10000000,1,1,3.28190476188,3.37904761902,-0.0971428571416,0.0971428571416,0.0287485907552,s1_sysrisk_samegrid,0.01
s2_sysrisk_w080_u05m_seed00,stage2_sysrisk_screen,sysrisk,5,2,0.5,0,0.8,5000000,1,1,3.28190476188,3.37904761902,-0.0971428571416,0.0971428571416,0.0287485907552,s1_sysrisk_samegrid,0.01
s2_sysrisk_w080_u05m_seed02,stage2_sysrisk_screen,sysrisk,5,2,0.5,2,0.8,5000000,1,1,3.28190476188,3.37904761902,-0.0971428571416,0.0971428571416,0.0287485907552,s1_sysrisk_samegrid,0.01
s2_sysrisk_w080_u10m_seed03,stage2_sysrisk_screen,sysrisk,5,2,0.5,3,0.8,10000000,1,1,3.28190476188,3.37904761902,-0.0971428571416,0.0971428571416,0.0287485907552,s1_sysrisk_samegrid,0.01
s2_sysrisk_w085_u05m_seed00,stage2_sysrisk_screen,sysrisk,5,2,0.5,0,0.85,5000000,1,1,3.28190476188,3.37904761902,-0.0971428571416,0.0971428571416,0.0287485907552,s1_sysrisk_samegrid,0.01
s2_sysrisk_w075_u05m_seed01,stage2_sysrisk_screen,sysrisk,5,2,0.5,1,0.75,5000000,0.75,0.3,3.25064299585,3.1541974164,0.0964455794465,0.0964455794465,0.0305769001474,s1_sysrisk_samegrid,0.01
s2_sysrisk_w080_u05m_seed01,stage2_sysrisk_screen,sysrisk,5,2,0.5,1,0.8,5000000,0.75,0.3,3.25064299585,3.1541974164,0.0964455794465,0.0964455794465,0.0305769001474,s1_sysrisk_samegrid,0.01
s2_sysrisk_w085_u05m_seed00,stage2_sysrisk_screen,sysrisk,5,2,0.5,0,0.85,5000000,0.5,0,3.62139776364,3.52616780039,0.0952299632493,0.0952299632493,0.0270066453556,s1_sysrisk_samegrid,0.01
s2_sysrisk_w080_u05m_seed00,stage2_sysrisk_screen,sysrisk,5,2,0.5,0,0.8,5000000,0.5,0,3.6200735006,3.52616780039,0.0939057002107,0.0939057002107,0.0266310923151,s1_sysrisk_samegrid,0.01
s2_sysrisk_w080_u05m_seed04,stage2_sysrisk_screen,sysrisk,5,2,0.5,4,0.8,5000000,0.5,0,3.61828117907,3.52616780039,0.0921133786844,0.0921133786844,0.0261228007,s1_sysrisk_samegrid,0.01
s2_sysrisk_w075_u05m_seed03,stage2_sysrisk_screen,sysrisk,5,2,0.5,3,0.75,5000000,0.75,0.3,3.24625058007,3.1541974164,0.0920531636667,0.0920531636667,0.0291843380468,s1_sysrisk_samegrid,0.01
s2_sysrisk_w080_u05m_seed03,stage2_sysrisk_screen,sysrisk,5,2,0.5,3,0.8,5000000,0.75,0.3,3.24625058007,3.1541974164,0.0920531636667,0.0920531636667,0.0291843380468,s1_sysrisk_samegrid,0.01
s2_sysrisk_w085_u05m_seed03,stage2_sysrisk_screen,sysrisk,5,2,0.5,3,0.85,5000000,0.75,0.3,3.24619155044,3.1541974164,0.0919941340361,0.0919941340361,0.029165623419,s1_sysrisk_samegrid,0.01
s2_sysrisk_w075_u05m_seed00,stage2_sysrisk_screen,sysrisk,5,2,0.5,0,0.75,5000000,0.75,0.3,3.24613252081,3.1541974164,0.0919351044056,0.0919351044056,0.0291469087913,s1_sysrisk_samegrid,0.01
s2_sysrisk_w080_u10m_seed01,stage2_sysrisk_screen,sysrisk,5,2,0.5,1,0.8,10000000,0.75,0.3,3.24613252081,3.1541974164,0.0919351044056,0.0919351044056,0.0291469087913,s1_sysrisk_samegrid,0.01
s2_sysrisk_w075_u05m_seed02,stage2_sysrisk_screen,sysrisk,5,2,0.5,2,0.75,5000000,1,0.3,3.63999999997,3.55238095235,0.087619047619,0.087619047619,0.0246648793568,s1_sysrisk_samegrid,0.01
s2_sysrisk_w080_u05m_seed02,stage2_sysrisk_screen,sysrisk,5,2,0.5,2,0.8,5000000,1,0.3,3.63999999997,3.55238095235,0.087619047619,0.087619047619,0.0246648793568,s1_sysrisk_samegrid,0.01
s2_sysrisk_w085_u05m_seed02,stage2_sysrisk_screen,sysrisk,5,2,0.5,2,0.85,5000000,1,0.3,3.63999999997,3.55238095235,0.087619047619,0.087619047619,0.0246648793568,s1_sysrisk_samegrid,0.01
s2_sysrisk_w080_u10m_seed04,stage2_sysrisk_screen,sysrisk,5,2,0.5,4,0.8,10000000,0.5,0,3.61365986388,3.52616780039,0.0874920634916,0.0874920634916,0.0248122234801,s1_sysrisk_samegrid,0.01
s2_sysrisk_w080_u05m_seed02,stage2_sysrisk_screen,sysrisk,5,2,0.5,2,0.8,5000000,0.75,0,4.280551684,4.19400696856,0.0865447154462,0.0865447154462,0.0206353294344,s1_sysrisk_samegrid,0.01
s2_sysrisk_w085_u05m_seed02,stage2_sysrisk_screen,sysrisk,5,2,0.5,2,0.85,5000000,0.75,0,4.280551684,4.19400696856,0.0865447154462,0.0865447154462,0.0206353294344,s1_sysrisk_samegrid,0.01
s2_sysrisk_w085_u05m_seed04,stage2_sysrisk_screen,sysrisk,5,2,0.5,4,0.85,5000000,0.75,0,4.280551684,4.19400696856,0.0865447154462,0.0865447154462,0.0206353294344,s1_sysrisk_samegrid,0.01
s2_sysrisk_w085_u10m_seed03,stage2_sysrisk_screen,sysrisk,5,2,0.5,3,0.85,10000000,0.75,1,3.1067529667,3.19328718448,-0.0865342177769,0.0865342177769,0.0270987896728,s1_sysrisk_samegrid,0.01
s2_sysrisk_w075_u10m_seed02,stage2_sysrisk_screen,sysrisk,5,2,0.5,2,0.75,10000000,1,0.3,3.63428571426,3.55238095235,0.0819047619048,0.0819047619048,0.0230563002683,s1_sysrisk_samegrid,0.01
s2_sysrisk_w080_u10m_seed02,stage2_sysrisk_screen,sysrisk,5,2,0.5,2,0.8,10000000,1,0.3,3.63428571426,3.55238095235,0.0819047619048,0.0819047619048,0.0230563002683,s1_sysrisk_samegrid,0.01
s2_sysrisk_w085_u10m_seed02,stage2_sysrisk_screen,sysrisk,5,2,0.5,2,0.85,10000000,1,0.3,3.63428571426,3.55238095235,0.0819047619048,0.0819047619048,0.0230563002683,s1_sysrisk_samegrid,0.01
s2_sysrisk_w075_u05m_seed02,stage2_sysrisk_screen,sysrisk,5,2,0.5,2,0.75,5000000,0,0.3,2.29352522841,2.37415664133,-0.0806314129199,0.0806314129199,0.0339621284949,s1_sysrisk_samegrid,0.01
s2_sysrisk_w080_u05m_seed02,stage2_sysrisk_screen,sysrisk,5,2,0.5,2,0.8,5000000,0,0.3,2.29352522841,2.37415664133,-0.0806314129199,0.0806314129199,0.0339621284949,s1_sysrisk_samegrid,0.01
s2_sysrisk_w085_u05m_seed02,stage2_sysrisk_screen,sysrisk,5,2,0.5,2,0.85,5000000,0,0.3,2.29352522841,2.37415664133,-0.0806314129199,0.0806314129199,0.0339621284949,s1_sysrisk_samegrid,0.01
s2_sysrisk_w075_u05m_seed00,stage2_sysrisk_screen,sysrisk,5,2,0.5,0,0.75,5000000,0.75,1,3.11289132971,3.19328718448,-0.0803958547702,0.0803958547702,0.0251765187801,s1_sysrisk_samegrid,0.01
s2_sysrisk_w075_u10m_seed03,stage2_sysrisk_screen,sysrisk,5,2,0.5,3,0.75,10000000,0.75,1,3.11402100578,3.19328718448,-0.0792661787024,0.0792661787024,0.0248227528948,s1_sysrisk_samegrid,0.01
s2_sysrisk_w080_u10m_seed03,stage2_sysrisk_screen,sysrisk,5,2,0.5,3,0.8,10000000,0.75,1,3.11402100578,3.19328718448,-0.0792661787024,0.0792661787024,0.0248227528948,s1_sysrisk_samegrid,0.01
s2_sysrisk_w080_u05m_seed04,stage2_sysrisk_screen,sysrisk,5,2,0.5,4,0.8,5000000,0.75,0.3,3.23345212906,3.1541974164,0.0792547126508,0.0792547126508,0.025126744521,s1_sysrisk_samegrid,0.01
s2_sysrisk_w080_u10m_seed00,stage2_sysrisk_screen,sysrisk,5,2,0.5,0,0.8,10000000,0.75,0,4.27317073162,4.19400696856,0.0791637630653,0.0791637630653,0.0188754486244,s1_sysrisk_samegrid,0.01
s2_sysrisk_w085_u10m_seed00,stage2_sysrisk_screen,sysrisk,5,2,0.5,0,0.85,10000000,0.75,0,4.27317073162,4.19400696856,0.0791637630653,0.0791637630653,0.0188754486244,s1_sysrisk_samegrid,0.01
s2_sysrisk_w075_u05m_seed02,stage2_sysrisk_screen,sysrisk,5,2,0.5,2,0.75,5000000,0.5,0.3,2.92419649786,2.84532654751,0.0788699503456,0.0788699503456,0.027719120821,s1_sysrisk_samegrid,0.01
s2_sysrisk_w080_u05m_seed02,stage2_sysrisk_screen,sysrisk,5,2,0.5,2,0.8,5000000,0.5,0.3,2.92419649786,2.84532654751,0.0788699503456,0.0788699503456,0.027719120821,s1_sysrisk_samegrid,0.01
s2_sysrisk_w085_u05m_seed02,stage2_sysrisk_screen,sysrisk,5,2,0.5,2,0.85,5000000,0.5,0.3,2.92419649786,2.84532654751,0.0788699503456,0.0788699503456,0.027719120821,s1_sysrisk_samegrid,0.01
s2_sysrisk_w075_u10m_seed01,stage2_sysrisk_screen,sysrisk,5,2,0.5,1,0.75,10000000,0.5,0.3,2.92171360418,2.84532654751,0.0763870566611,0.0763870566611,0.0268464991225,s1_sysrisk_samegrid,0.01
s2_sysrisk_w075_u05m_seed04,stage2_sysrisk_screen,sysrisk,5,2,0.5,4,0.75,5000000,0.25,0,2.92582945728,2.85040974521,0.0754197120706,0.0754197120706,0.0264592528135,s1_sysrisk_samegrid,0.01
s2_sysrisk_w085_u10m_seed03,stage2_sysrisk_screen,sysrisk,5,2,0.5,3,0.85,10000000,0.5,1,2.99757555558,3.07229131016,-0.0747157545872,0.0747157545872,0.024319228564,s1_sysrisk_samegrid,0.01
s2_sysrisk_w075_u05m_seed01,stage2_sysrisk_screen,sysrisk,5,2,0.5,1,0.75,5000000,1,0.3,3.62666666664,3.55238095235,0.0742857142857,0.0742857142857,0.0209115281503,s1_sysrisk_samegrid,0.01
s2_sysrisk_w080_u05m_seed01,stage2_sysrisk_screen,sysrisk,5,2,0.5,1,0.8,5000000,1,0.3,3.62666666664,3.55238095235,0.0742857142857,0.0742857142857,0.0209115281503,s1_sysrisk_samegrid,0.01
s2_sysrisk_w075_u05m_seed04,stage2_sysrisk_screen,sysrisk,5,2,0.5,4,0.75,5000000,1,1,3.30476190474,3.37904761902,-0.0742857142848,0.0742857142848,0.0219842164599,s1_sysrisk_samegrid,0.01
s2_sysrisk_w080_u05m_seed04,stage2_sysrisk_screen,sysrisk,5,2,0.5,4,0.8,5000000,1,1,3.30476190474,3.37904761902,-0.0742857142848,0.0742857142848,0.0219842164599,s1_sysrisk_samegrid,0.01
s2_sysrisk_w085_u05m_seed04,stage2_sysrisk_screen,sysrisk,5,2,0.5,4,0.85,5000000,1,1,3.30476190474,3.37904761902,-0.0742857142848,0.0742857142848,0.0219842164599,s1_sysrisk_samegrid,0.01
s2_sysrisk_w075_u05m_seed04,stage2_sysrisk_screen,sysrisk,5,2,0.5,4,0.75,5000000,0.75,0.3,3.2276510224,3.1541974164,0.0734536060006,0.0734536060006,0.023287574081,s1_sysrisk_samegrid,0.01
s2_sysrisk_w085_u10m_seed01,stage2_sysrisk_screen,sysrisk,5,2,0.5,1,0.85,10000000,0.75,0.3,3.2276510224,3.1541974164,0.0734536060006,0.0734536060006,0.023287574081,s1_sysrisk_samegrid,0.01
s2_sysrisk_w085_u10m_seed03,stage2_sysrisk_screen,sysrisk,5,2,0.5,3,0.85,10000000,0.75,0.3,3.2276510224,3.1541974164,0.0734536060006,0.0734536060006,0.023287574081,s1_sysrisk_samegrid,0.01
s2_sysrisk_w075_u10m_seed03,stage2_sysrisk_screen,sysrisk,5,2,0.5,3,0.75,10000000,0.75,0,4.26710917529,4.19400696856,0.0731022067354,0.0731022067354,0.0174301586248,s1_sysrisk_samegrid,0.01
s2_sysrisk_w080_u10m_seed03,stage2_sysrisk_screen,sysrisk,5,2,0.5,3,0.8,10000000,0.75,0,4.26710917529,4.19400696856,0.0731022067354,0.0731022067354,0.0174301586248,s1_sysrisk_samegrid,0.01
s2_sysrisk_w085_u10m_seed03,stage2_sysrisk_screen,sysrisk,5,2,0.5,3,0.85,10000000,0.75,0,4.26710917529,4.19400696856,0.0731022067354,0.0731022067354,0.0174301586248,s1_sysrisk_samegrid,0.01
s2_sysrisk_w080_u05m_seed00,stage2_sysrisk_screen,sysrisk,5,2,0.5,0,0.8,5000000,0.75,1,3.12027895986,3.19328718448,-0.0730082246238,0.0730082246238,0.0228630312296,s1_sysrisk_samegrid,0.01
s2_sysrisk_w075_u05m_seed01,stage2_sysrisk_screen,sysrisk,5,2,0.5,1,0.75,5000000,0.25,0,2.92327221029,2.85040974521,0.0728624650824,0.0728624650824,0.0255621021521,s1_sysrisk_samegrid,0.01
s2_sysrisk_w080_u05m_seed01,stage2_sysrisk_screen,sysrisk,5,2,0.5,1,0.8,5000000,0.25,0,2.92327221029,2.85040974521,0.0728624650824,0.0728624650824,0.0255621021521,s1_sysrisk_samegrid,0.01
s2_sysrisk_w085_u05m_seed01,stage2_sysrisk_screen,sysrisk,5,2,0.5,1,0.85,5000000,0.25,0,2.92327221029,2.85040974521,0.0728624650824,0.0728624650824,0.0255621021521,s1_sysrisk_samegrid,0.01
s2_sysrisk_w075_u10m_seed03,stage2_sysrisk_screen,sysrisk,5,2,0.5,3,0.75,10000000,1,0,4.92571428567,4.85333333329,0.0723809523802,0.0723809523802,0.0149136577708,s1_sysrisk_samegrid,0.01
s2_sysrisk_w080_u05m_seed03,stage2_sysrisk_screen,sysrisk,5,2,0.5,3,0.8,5000000,1,0,4.92571428567,4.85333333329,0.0723809523802,0.0723809523802,0.0149136577708,s1_sysrisk_samegrid,0.01
s2_sysrisk_w080_u10m_seed03,stage2_sysrisk_screen,sysrisk,5,2,0.5,3,0.8,10000000,1,0,4.92571428567,4.85333333329,0.0723809523802,0.0723809523802,0.0149136577708,s1_sysrisk_samegrid,0.01
s2_sysrisk_w085_u05m_seed03,stage2_sysrisk_screen,sysrisk,5,2,0.5,3,0.85,5000000,1,0,4.92571428567,4.85333333329,0.0723809523802,0.0723809523802,0.0149136577708,s1_sysrisk_samegrid,0.01
s2_sysrisk_w085_u10m_seed03,stage2_sysrisk_screen,sysrisk,5,2,0.5,3,0.85,10000000,1,0,4.92571428567,4.85333333329,0.0723809523802,0.0723809523802,0.0149136577708,s1_sysrisk_samegrid,0.01
s2_sysrisk_w085_u05m_seed00,stage2_sysrisk_screen,sysrisk,5,2,0.5,0,0.85,5000000,0.75,1,3.12183386753,3.19328718448,-0.0714533169465,0.0714533169465,0.0223761011204,s1_sysrisk_samegrid,0.01
s2_sysrisk_w075_u05m_seed00,stage2_sysrisk_screen,sysrisk,5,2,0.5,0,0.75,5000000,1,0.3,3.62095238092,3.55238095235,0.0685714285714,0.0685714285714,0.0193029490618,s1_sysrisk_samegrid,0.01
s2_sysrisk_w075_u05m_seed03,stage2_sysrisk_screen,sysrisk,5,2,0.5,3,0.75,5000000,1,0.3,3.62095238092,3.55238095235,0.0685714285714,0.0685714285714,0.0193029490618,s1_sysrisk_samegrid,0.01
s2_sysrisk_w080_u05m_seed03,stage2_sysrisk_screen,sysrisk,5,2,0.5,3,0.8,5000000,1,0.3,3.62095238092,3.55238095235,0.0685714285714,0.0685714285714,0.0193029490618,s1_sysrisk_samegrid,0.01
s2_sysrisk_w080_u10m_seed01,stage2_sysrisk_screen,sysrisk,5,2,0.5,1,0.8,10000000,1,0.3,3.62095238092,3.55238095235,0.0685714285714,0.0685714285714,0.0193029490618,s1_sysrisk_samegrid,0.01
s2_sysrisk_w085_u05m_seed03,stage2_sysrisk_screen,sysrisk,5,2,0.5,3,0.85,5000000,1,0.3,3.62095238092,3.55238095235,0.0685714285714,0.0685714285714,0.0193029490618,s1_sysrisk_samegrid,0.01
s2_sysrisk_w085_u05m_seed02,stage2_sysrisk_screen,sysrisk,5,2,0.5,2,0.85,5000000,0.75,1,3.12481285039,3.19328718448,-0.0684743340881,0.0684743340881,0.0214432120045,s1_sysrisk_samegrid,0.01
s2_sysrisk_w075_u10m_seed02,stage2_sysrisk_screen,sysrisk,5,2,0.5,2,0.75,10000000,0.5,0.3,2.91371870668,2.84532654751,0.0683921591645,0.0683921591645,0.0240366643415,s1_sysrisk_samegrid,0.01
s2_sysrisk_w080_u10m_seed02,stage2_sysrisk_screen,sysrisk,5,2,0.5,2,0.8,10000000,0.5,0.3,2.91371870668,2.84532654751,0.0683921591645,0.0683921591645,0.0240366643415,s1_sysrisk_samegrid,0.01
s2_sysrisk_w085_u10m_seed02,stage2_sysrisk_screen,sysrisk,5,2,0.5,2,0.85,10000000,0.5,0.3,2.91371870668,2.84532654751,0.0683921591645,0.0683921591645,0.0240366643415,s1_sysrisk_samegrid,0.01
s2_sysrisk_w080_u05m_seed02,stage2_sysrisk_screen,sysrisk,5,2,0.5,2,0.8,5000000,0.75,1,3.1251506625,3.19328718448,-0.0681365219783,0.0681365219783,0.0213374238025,s1_sysrisk_samegrid,0.01
s2_sysrisk_w075_u05m_seed01,stage2_sysrisk_screen,sysrisk,5,2,0.5,1,0.75,5000000,0.5,0.3,2.91230197202,2.84532654751,0.0669754245076,0.0669754245076,0.0235387479747,s1_sysrisk_samegrid,0.01
s2_sysrisk_w080_u05m_seed01,stage2_sysrisk_screen,sysrisk,5,2,0.5,1,0.8,5000000,0.5,0.3,2.91230197202,2.84532654751,0.0669754245076,0.0669754245076,0.0235387479747,s1_sysrisk_samegrid,0.01
s2_sysrisk_w075_u10m_seed01,stage2_sysrisk_screen,sysrisk,5,2,0.5,1,0.75,10000000,0.75,0,4.25972822291,4.19400696856,0.0657212543545,0.0657212543545,0.0156702778148,s1_sysrisk_samegrid,0.01
s2_sysrisk_w075_u05m_seed00,stage2_sysrisk_screen,sysrisk,5,2,0.5,0,0.75,5000000,0.5,0.3,2.91038760083,2.84532654751,0.0650610533199,0.0650610533199,0.0228659355028,s1_sysrisk_samegrid,0.01
s2_sysrisk_w080_u10m_seed01,stage2_sysrisk_screen,sysrisk,5,2,0.5,1,0.8,10000000,0.5,0.3,2.91038760083,2.84532654751,0.0650610533199,0.0650610533199,0.0228659355028,s1_sysrisk_samegrid,0.01
s2_sysrisk_w080_u10m_seed04,stage2_sysrisk_screen,sysrisk,5,2,0.5,4,0.8,10000000,1,1,3.31428571426,3.37904761902,-0.064761904761,0.064761904761,0.0191657271701,s1_sysrisk_samegrid,0.01
s2_sysrisk_w085_u10m_seed03,stage2_sysrisk_screen,sysrisk,5,2,0.5,3,0.85,10000000,0.25,1,2.92556066644,2.99020674345,-0.0646460770105,0.0646460770105,0.0216192666785,s1_sysrisk_samegrid,0.01
s2_sysrisk_w075_u10m_seed03,stage2_sysrisk_screen,sysrisk,5,2,0.5,3,0.75,10000000,0.5,1,3.00766392438,3.07229131016,-0.064627385787,0.064627385787,0.0210355657269,s1_sysrisk_samegrid,0.01
s2_sysrisk_w080_u10m_seed03,stage2_sysrisk_screen,sysrisk,5,2,0.5,3,0.8,10000000,0.5,1,3.00766392438,3.07229131016,-0.064627385787,0.064627385787,0.0210355657269,s1_sysrisk_samegrid,0.01
s2_sysrisk_w085_u05m_seed03,stage2_sysrisk_screen,sysrisk,5,2,0.5,3,0.85,5000000,0.5,0.3,2.90942408244,2.84532654751,0.0640975349237,0.0640975349237,0.0225273035813,s1_sysrisk_samegrid,0.01
s2_sysrisk_w075_u05m_seed00,stage2_sysrisk_screen,sysrisk,5,2,0.5,0,0.75,5000000,0.25,0,2.91440075362,2.85040974521,0.0639910084127,0.0639910084127,0.0224497578007,s1_sysrisk_samegrid,0.01
s2_sysrisk_w075_u10m_seed04,stage2_sysrisk_screen,sysrisk,5,2,0.5,4,0.75,10000000,0.25,0,2.91440075362,2.85040974521,0.0639910084127,0.0639910084127,0.0224497578007,s1_sysrisk_samegrid,0.01
s2_sysrisk_w075_u05m_seed03,stage2_sysrisk_screen,sysrisk,5,2,0.5,3,0.75,5000000,0.5,0.3,2.90846056404,2.84532654751,0.0631340165275,0.0631340165275,0.0221886716597,s1_sysrisk_samegrid,0.01
s2_sysrisk_w080_u05m_seed03,stage2_sysrisk_screen,sysrisk,5,2,0.5,3,0.8,5000000,0.5,0.3,2.90846056404,2.84532654751,0.0631340165275,0.0631340165275,0.0221886716597,s1_sysrisk_samegrid,0.01
s2_sysrisk_w075_u10m_seed03,stage2_sysrisk_screen,sysrisk,5,2,0.5,3,0.75,10000000,0.5,0,3.58917006796,3.52616780039,0.0630022675733,0.0630022675733,0.017867064513,s1_sysrisk_samegrid,0.01
s2_sysrisk_w080_u10m_seed03,stage2_sysrisk_screen,sysrisk,5,2,0.5,3,0.8,10000000,0.5,0,3.58917006796,3.52616780039,0.0630022675733,0.0630022675733,0.017867064513,s1_sysrisk_samegrid,0.01
s2_sysrisk_w085_u10m_seed03,stage2_sysrisk_screen,sysrisk,5,2,0.5,3,0.85,10000000,0.5,0,3.58917006796,3.52616780039,0.0630022675733,0.0630022675733,0.017867064513,s1_sysrisk_samegrid,0.01
s2_sysrisk_w075_u05m_seed02,stage2_sysrisk_screen,sysrisk,5,2,0.5,2,0.75,5000000,1,0,4.91619047614,4.85333333329,0.0628571428564,0.0628571428564,0.0129513343799,s1_sysrisk_samegrid,0.01
s2_sysrisk_w075_u10m_seed01,stage2_sysrisk_screen,sysrisk,5,2,0.5,1,0.75,10000000,1,0,4.91619047614,4.85333333329,0.0628571428564,0.0628571428564,0.0129513343799,s1_sysrisk_samegrid,0.01
s2_sysrisk_w085_u10m_seed04,stage2_sysrisk_screen,sysrisk,5,2,0.5,4,0.85,10000000,1,0,4.91619047614,4.85333333329,0.0628571428564,0.0628571428564,0.0129513343799,s1_sysrisk_samegrid,0.01
s2_sysrisk_w080_u05m_seed04,stage2_sysrisk_screen,sysrisk,5,2,0.5,4,0.8,5000000,0.25,1,2.92757268327,2.99020674345,-0.0626340601779,0.0626340601779,0.0209463978754,s1_sysrisk_samegrid,0.01
s2_sysrisk_w085_u05m_seed04,stage2_sysrisk_screen,sysrisk,5,2,0.5,4,0.85,5000000,0.25,1,2.92757268327,2.99020674345,-0.0626340601779,0.0626340601779,0.0209463978754,s1_sysrisk_samegrid,0.01
s2_sysrisk_w075_u05m_seed02,stage2_sysrisk_screen,sysrisk,5,2,0.5,2,0.75,5000000,0.75,1,3.13075705895,3.19328718448,-0.0625301255272,0.0625301255272,0.0195817419213,s1_sysrisk_samegrid,0.01
s2_sysrisk_w075_u05m_seed03,stage2_sysrisk_screen,sysrisk,5,2,0.5,3,0.75,5000000,0,0.3,2.31190747854,2.37415664133,-0.0622491627911,0.0622491627911,0.0262194843034,s1_sysrisk_samegrid,0.01
s2_sysrisk_w080_u05m_seed03,stage2_sysrisk_screen,sysrisk,5,2,0.5,3,0.8,5000000,0,0.3,2.31190747854,2.37415664133,-0.0622491627911,0.0622491627911,0.0262194843034,s1_sysrisk_samegrid,0.01
s2_sysrisk_w080_u05m_seed04,stage2_sysrisk_screen,sysrisk,5,2,0.5,4,0.8,5000000,0.75,1,3.13175878764,3.19328718448,-0.0615283968383,0.0615283968383,0.019268043644,s1_sysrisk_samegrid,0.01
s2_sysrisk_w085_u05m_seed04,stage2_sysrisk_screen,sysrisk,5,2,0.5,4,0.85,5000000,0.75,1,3.13175878764,3.19328718448,-0.0615283968383,0.0615283968383,0.019268043644,s1_sysrisk_samegrid,0.01
s2_sysrisk_w080_u05m_seed04,stage2_sysrisk_screen,sysrisk,5,2,0.5,4,0.8,5000000,0.5,0.3,2.9064799406,2.84532654751,0.0611533930896,0.0611533930896,0.021492574602,s1_sysrisk_samegrid,0.01
s2_sysrisk_w080_u05m_seed04,stage2_sysrisk_screen,sysrisk,5,2,0.5,4,0.8,5000000,0,1,2.87196757249,2.93291944096,-0.0609518684659,0.0609518684659,0.0207819783983,s1_sysrisk_samegrid,0.01
s2_sysrisk_w085_u05m_seed04,stage2_sysrisk_screen,sysrisk,5,2,0.5,4,0.85,5000000,0,1,2.87196757249,2.93291944096,-0.0609518684659,0.0609518684659,0.0207819783983,s1_sysrisk_samegrid,0.01
s2_sysrisk_w080_u05m_seed04,stage2_sysrisk_screen,sysrisk,5,2,0.5,4,0.8,5000000,0.5,1,3.01154424151,3.07229131016,-0.0607470686521,0.0607470686521,0.0197725614271,s1_sysrisk_samegrid,0.01
s2_sysrisk_w085_u05m_seed04,stage2_sysrisk_screen,sysrisk,5,2,0.5,4,0.85,5000000,0.5,1,3.01154424151,3.07229131016,-0.0607470686521,0.0607470686521,0.0197725614271,s1_sysrisk_samegrid,0.01
s2_sysrisk_w075_u05m_seed04,stage2_sysrisk_screen,sysrisk,5,2,0.5,4,0.75,5000000,0.75,1,3.13297007352,3.19328718448,-0.060317110957,0.060317110957,0.0188887210803,s1_sysrisk_samegrid,0.01
s2_sysrisk_w075_u05m_seed03,stage2_sysrisk_screen,sysrisk,5,2,0.5,3,0.75,5000000,0.75,0,4.25361382105,4.19400696856,0.0596068524961,0.0596068524961,0.0142123875671,s1_sysrisk_samegrid,0.01
s2_sysrisk_w075_u10m_seed02,stage2_sysrisk_screen,sysrisk,5,2,0.5,2,0.75,10000000,0,1,2.99117645027,2.93291944096,0.058257009314,0.058257009314,0.0198631467678,s1_sysrisk_samegrid,0.01
s2_sysrisk_w080_u05m_seed02,stage2_sysrisk_screen,sysrisk,5,2,0.5,2,0.8,5000000,0.5,0,3.58437641717,3.52616780039,0.0582086167798,0.0582086167798,0.0165076139523,s1_sysrisk_samegrid,0.01
s2_sysrisk_w085_u05m_seed02,stage2_sysrisk_screen,sysrisk,5,2,0.5,2,0.85,5000000,0.5,0,3.58437641717,3.52616780039,0.0582086167798,0.0582086167798,0.0165076139523,s1_sysrisk_samegrid,0.01
s2_sysrisk_w085_u05m_seed04,stage2_sysrisk_screen,sysrisk,5,2,0.5,4,0.85,5000000,0.5,0,3.58437641717,3.52616780039,0.0582086167798,0.0582086167798,0.0165076139523,s1_sysrisk_samegrid,0.01
s2_sysrisk_w075_u10m_seed02,stage2_sysrisk_screen,sysrisk,5,2,0.5,2,0.75,10000000,0,0.3,2.31610858023,2.37415664133,-0.0580480610938,0.0580480610938,0.0244499710269,s1_sysrisk_samegrid,0.01
s2_sysrisk_w080_u10m_seed02,stage2_sysrisk_screen,sysrisk,5,2,0.5,2,0.8,10000000,0,0.3,2.31610858023,2.37415664133,-0.0580480610938,0.0580480610938,0.0244499710269,s1_sysrisk_samegrid,0.01
s2_sysrisk_w085_u10m_seed02,stage2_sysrisk_screen,sysrisk,5,2,0.5,2,0.85,10000000,0,0.3,2.31610858023,2.37415664133,-0.0580480610938,0.0580480610938,0.0244499710269,s1_sysrisk_samegrid,0.01
s2_sysrisk_w075_u10m_seed00,stage2_sysrisk_screen,sysrisk,5,2,0.5,0,0.75,10000000,0.25,0,2.90821151708,2.85040974521,0.0578017718713,0.0578017718713,0.0202784080318,s1_sysrisk_samegrid,0.01
s2_sysrisk_w075_u10m_seed01,stage2_sysrisk_screen,sysrisk,5,2,0.5,1,0.75,10000000,0.5,0,3.58393197272,3.52616780039,0.0577641723352,0.0577641723352,0.0163815721784,s1_sysrisk_samegrid,0.01
s2_sysrisk_w075_u05m_seed04,stage2_sysrisk_screen,sysrisk,5,2,0.5,4,0.75,5000000,0.5,0.3,2.90248249186,2.84532654751,0.0571559443413,0.0571559443413,0.0200876572115,s1_sysrisk_samegrid,0.01
s2_sysrisk_w085_u10m_seed01,stage2_sysrisk_screen,sysrisk,5,2,0.5,1,0.85,10000000,0.5,0.3,2.90248249186,2.84532654751,0.0571559443413,0.0571559443413,0.0200876572115,s1_sysrisk_samegrid,0.01
s2_sysrisk_w085_u10m_seed03,stage2_sysrisk_screen,sysrisk,5,2,0.5,3,0.85,10000000,0.5,0.3,2.90248249186,2.84532654751,0.0571559443413,0.0571559443413,0.0200876572115,s1_sysrisk_samegrid,0.01
s2_sysrisk_w075_u05m_seed04,stage2_sysrisk_screen,sysrisk,5,2,0.5,4,0.75,5000000,0.5,1,3.01552799259,3.07229131016,-0.0567633175703,0.0567633175703,0.0184758904153,s1_sysrisk_samegrid,0.01
s2_sysrisk_w075_u10m_seed01,stage2_sysrisk_screen,sysrisk,5,2,0.5,1,0.75,10000000,0,0.3,2.31741764267,2.37415664133,-0.056738998655,0.056738998655,0.023898591048,s1_sysrisk_samegrid,0.01
s2_sysrisk_w075_u05m_seed03,stage2_sysrisk_screen,sysrisk,5,2,0.5,3,0.75,5000000,0.5,0,3.58273469381,3.52616780039,0.0565668934236,0.0565668934236,0.0160420310733,s1_sysrisk_samegrid,0.01
s2_sysrisk_w085_u10m_seed04,stage2_sysrisk_screen,sysrisk,5,2,0.5,4,0.85,10000000,0,1,2.87694844752,2.93291944096,-0.0559709934398,0.0559709934398,0.0190837131965,s1_sysrisk_samegrid,0.01
s2_sysrisk_w085_u05m_seed03,stage2_sysrisk_screen,sysrisk,5,2,0.5,3,0.85,5000000,0,0.3,2.31846173852,2.37415664133,-0.0556949028017,0.0556949028017,0.0234588155778,s1_sysrisk_samegrid,0.01
s2_sysrisk_w075_u05m_seed01,stage2_sysrisk_screen,sysrisk,5,2,0.5,1,0.75,5000000,0,0.3,2.3187054541,2.37415664133,-0.0554511872298,0.0554511872298,0.0233561620428,s1_sysrisk_samegrid,0.01
s2_sysrisk_w080_u05m_seed01,stage2_sysrisk_screen,sysrisk,5,2,0.5,1,0.8,5000000,0,0.3,2.3187054541,2.37415664133,-0.0554511872298,0.0554511872298,0.0233561620428,s1_sysrisk_samegrid,0.01
s2_sysrisk_w075_u05m_seed04,stage2_sysrisk_screen,sysrisk,5,2,0.5,4,0.75,5000000,0.25,1,2.93479826404,2.99020674345,-0.0554084794092,0.0554084794092,0.0185299827615,s1_sysrisk_samegrid,0.01
s2_sysrisk_w080_u10m_seed04,stage2_sysrisk_screen,sysrisk,5,2,0.5,4,0.8,10000000,0.25,0,2.90545625684,2.85040974521,0.0550465116276,0.0550465116276,0.0193117890227,s1_sysrisk_samegrid,0.01
s2_sysrisk_w075_u05m_seed00,stage2_sysrisk_screen,sysrisk,5,2,0.5,0,0.75,5000000,0.5,1,3.01732497743,3.07229131016,-0.0549663327303,0.0549663327303,0.0178909898773,s1_sysrisk_samegrid,0.01
s2_sysrisk_w080_u05m_seed03,stage2_sysrisk_screen,sysrisk,5,2,0.5,3,0.8,5000000,0.75,0,4.24835075485,4.19400696856,0.0543437862945,0.0543437862945,0.0129574859322,s1_sysrisk_samegrid,0.01
s2_sysrisk_w085_u05m_seed03,stage2_sysrisk_screen,sysrisk,5,2,0.5,3,0.85,5000000,0.75,0,4.24835075485,4.19400696856,0.0543437862945,0.0543437862945,0.0129574859322,s1_sysrisk_samegrid,0.01
s2_sysrisk_w075_u10m_seed03,stage2_sysrisk_screen,sysrisk,5,2,0.5,3,0.75,10000000,0.25,1,2.93665874597,2.99020674345,-0.0535479974731,0.0535479974731,0.0179077910216,s1_sysrisk_samegrid,0.01
s2_sysrisk_w080_u10m_seed03,stage2_sysrisk_screen,sysrisk,5,2,0.5,3,0.8,10000000,0.25,1,2.93665874597,2.99020674345,-0.0535479974731,0.0535479974731,0.0179077910216,s1_sysrisk_samegrid,0.01
s2_sysrisk_w075_u10m_seed04,stage2_sysrisk_screen,sysrisk,5,2,0.5,4,0.75,10000000,1,1,3.32571428569,3.37904761902,-0.0533333333326,0.0533333333326,0.0157835400224,s1_sysrisk_samegrid,0.01
s2_sysrisk_w085_u10m_seed04,stage2_sysrisk_screen,sysrisk,5,2,0.5,4,0.85,10000000,1,1,3.32571428569,3.37904761902,-0.0533333333326,0.0533333333326,0.0157835400224,s1_sysrisk_samegrid,0.01
s2_sysrisk_w080_u10m_seed00,stage2_sysrisk_screen,sysrisk,5,2,0.5,0,0.8,10000000,0.5,0,3.57913832193,3.52616780039,0.0529705215417,0.0529705215417,0.0150221216177,s1_sysrisk_samegrid,0.01
s2_sysrisk_w085_u10m_seed00,stage2_sysrisk_screen,sysrisk,5,2,0.5,0,0.85,10000000,0.5,0,3.57913832193,3.52616780039,0.0529705215417,0.0529705215417,0.0150221216177,s1_sysrisk_samegrid,0.01
s2_sysrisk_w080_u10m_seed04,stage2_sysrisk_screen,sysrisk,5,2,0.5,4,0.8,10000000,0.75,1,3.14168411716,3.19328718448,-0.0516030673252,0.0516030673252,0.0161598579595,s1_sysrisk_samegrid,0.01
s2_sysrisk_w085_u10m_seed01,stage2_sysrisk_screen,sysrisk,5,2,0.5,1,0.85,10000000,0.75,1,3.14185028967,3.19328718448,-0.0514368948143,0.0514368948143,0.0161078198868,s1_sysrisk_samegrid,0.01
s2_sysrisk_w085_u10m_seed03,stage2_sysrisk_screen,sysrisk,5,2,0.5,3,0.85,10000000,0,1,2.88153103274,2.93291944096,-0.0513884082152,0.0513884082152,0.0175212477703,s1_sysrisk_samegrid,0.01
s2_sysrisk_w075_u05m_seed04,stage2_sysrisk_screen,sysrisk,5,2,0.5,4,0.75,5000000,0,1,2.88221291389,2.93291944096,-0.0507065270622,0.0507065270622,0.0172887554817,s1_sysrisk_samegrid,0.01
s2_sysrisk_w080_u05m_seed04,stage2_sysrisk_screen,sysrisk,5,2,0.5,4,0.8,5000000,0.25,0,2.90092912505,2.85040974521,0.0505193798448,0.0505193798448,0.0177235500719,s1_sysrisk_samegrid,0.01
s2_sysrisk_w085_u05m_seed00,stage2_sysrisk_screen,sysrisk,5,2,0.5,0,0.85,5000000,0.25,0,2.90084454794,2.85040974521,0.0504348027304,0.0504348027304,0.0176938781574,s1_sysrisk_samegrid,0.01
s2_sysrisk_w075_u10m_seed02,stage2_sysrisk_screen,sysrisk,5,2,0.5,2,0.75,10000000,0.25,1,3.03975047573,2.99020674345,0.0495437322856,0.0495437322856,0.0165686644892,s1_sysrisk_samegrid,0.01
s2_sysrisk_w075_u05m_seed03,stage2_sysrisk_screen,sysrisk,5,2,0.5,3,0.75,5000000,1,0,4.90285714281,4.85333333329,0.049523809523,0.049523809523,0.0102040816326,s1_sysrisk_samegrid,0.01
s2_sysrisk_w080_u05m_seed00,stage2_sysrisk_screen,sysrisk,5,2,0.5,0,0.8,5000000,0.25,0,2.89979471405,2.85040974521,0.0493849688433,0.0493849688433,0.017325568342,s1_sysrisk_samegrid,0.01
s2_sysrisk_w075_u05m_seed00,stage2_sysrisk_screen,sysrisk,5,2,0.5,0,0.75,5000000,0,0.3,2.32501599851,2.37415664133,-0.0491406428123,0.0491406428123,0.0206981468522,s1_sysrisk_samegrid,0.01
s2_sysrisk_w080_u10m_seed01,stage2_sysrisk_screen,sysrisk,5,2,0.5,1,0.8,10000000,0,0.3,2.32501599851,2.37415664133,-0.0491406428123,0.0491406428123,0.0206981468522,s1_sysrisk_samegrid,0.01
s2_sysrisk_w085_u10m_seed01,stage2_sysrisk_screen,sysrisk,5,2,0.5,1,0.85,10000000,1,1,3.33047619045,3.37904761902,-0.0485714285708,0.0485714285708,0.0143742953776,s1_sysrisk_samegrid,0.01
s2_sysrisk_w080_u10m_seed02,stage2_sysrisk_screen,sysrisk,5,2,0.5,2,0.8,10000000,0,1,2.8845761297,2.93291944096,-0.048343311257,0.048343311257,0.0164830000381,s1_sysrisk_samegrid,0.01
s2_sysrisk_w080_u05m_seed04,stage2_sysrisk_screen,sysrisk,5,2,0.5,4,0.8,5000000,1,0.3,3.59999999997,3.55238095235,0.047619047619,0.047619047619,0.0134048257374,s1_sysrisk_samegrid,0.01
s2_sysrisk_w075_u05m_seed02,stage2_sysrisk_screen,sysrisk,5,2,0.5,2,0.75,5000000,0.75,0,4.24096980247,4.19400696856,0.0469628339136,0.0469628339136,0.0111976051222,s1_sysrisk_samegrid,0.01
s2_sysrisk_w085_u10m_seed04,stage2_sysrisk_screen,sysrisk,5,2,0.5,4,0.85,10000000,0.75,0,4.24096980247,4.19400696856,0.0469628339136,0.0469628339136,0.0111976051222,s1_sysrisk_samegrid,0.01
s2_sysrisk_w085_u10m_seed04,stage2_sysrisk_screen,sysrisk,5,2,0.5,4,0.85,10000000,0.25,1,2.94347238457,2.99020674345,-0.0467343588761,0.0467343588761,0.0156291396836,s1_sysrisk_samegrid,0.01
s2_sysrisk_w085_u05m_seed01,stage2_sysrisk_screen,sysrisk,5,2,0.5,1,0.85,5000000,1,1,3.33333333331,3.37904761902,-0.0457142857138,0.0457142857138,0.0135287485907,s1_sysrisk_samegrid,0.01
s2_sysrisk_w085_u10m_seed01,stage2_sysrisk_screen,sysrisk,5,2,0.5,1,0.85,10000000,0.5,1,3.02683047653,3.07229131016,-0.0454608336294,0.0454608336294,0.0147970452798,s1_sysrisk_samegrid,0.01
s2_sysrisk_w080_u05m_seed01,stage2_sysrisk_screen,sysrisk,5,2,0.5,1,0.8,5000000,0.75,1,3.1484023092,3.19328718448,-0.0448848752843,0.0448848752843,0.0140560095886,s1_sysrisk_samegrid,0.01
s2_sysrisk_w075_u10m_seed03,stage2_sysrisk_screen,sysrisk,5,2,0.5,3,0.75,10000000,0,1,2.88854195371,2.93291944096,-0.0443774872466,0.0443774872466,0.0151308237884,s1_sysrisk_samegrid,0.01
s2_sysrisk_w080_u10m_seed03,stage2_sysrisk_screen,sysrisk,5,2,0.5,3,0.8,10000000,0,1,2.88854195371,2.93291944096,-0.0443774872466,0.0443774872466,0.0151308237884,s1_sysrisk_samegrid,0.01
s2_sysrisk_w085_u10m_seed04,stage2_sysrisk_screen,sysrisk,5,2,0.5,4,0.85,10000000,0.75,1,3.14933547199,3.19328718448,-0.0439517124864,0.0439517124864,0.013763783195,s1_sysrisk_samegrid,0.01
s2_sysrisk_w080_u05m_seed02,stage2_sysrisk_screen,sysrisk,5,2,0.5,2,0.8,5000000,0.5,1,3.02838198221,3.07229131016,-0.0439093279535,0.0439093279535,0.0142920457472,s1_sysrisk_samegrid,0.01
s2_sysrisk_w085_u10m_seed00,stage2_sysrisk_screen,sysrisk,5,2,0.5,0,0.85,10000000,0,1,2.97646015297,2.93291944096,0.0435407120096,0.0435407120096,0.0148455192466,s1_sysrisk_samegrid,0.01
s2_sysrisk_w080_u05m_seed01,stage2_sysrisk_screen,sysrisk,5,2,0.5,1,0.8,5000000,0.5,1,3.02919357097,3.07229131016,-0.0430977391913,0.0430977391913,0.014027881747,s1_sysrisk_samegrid,0.01
s2_sysrisk_w075_u10m_seed03,stage2_sysrisk_screen,sysrisk,5,2,0.5,3,0.75,10000000,0.25,0,2.89318604643,2.85040974521,0.0427763012179,0.0427763012179,0.0150070709272,s1_sysrisk_samegrid,0.01
s2_sysrisk_w080_u10m_seed03,stage2_sysrisk_screen,sysrisk,5,2,0.5,3,0.8,10000000,0.25,0,2.89318604643,2.85040974521,0.0427763012179,0.0427763012179,0.0150070709272,s1_sysrisk_samegrid,0.01
s2_sysrisk_w085_u10m_seed03,stage2_sysrisk_screen,sysrisk,5,2,0.5,3,0.85,10000000,0.25,0,2.89318604643,2.85040974521,0.0427763012179,0.0427763012179,0.0150070709272,s1_sysrisk_samegrid,0.01
s2_sysrisk_w080_u05m_seed00,stage2_sysrisk_screen,sysrisk,5,2,0.5,0,0.8,5000000,0.5,1,3.0296509239,3.07229131016,-0.0426403862661,0.0426403862661,0.013879017958,s1_sysrisk_samegrid,0.01
s2_sysrisk_w085_u10m_seed04,stage2_sysrisk_screen,sysrisk,5,2,0.5,4,0.85,10000000,0.5,1,3.0298583341,3.07229131016,-0.0424329760602,0.0424329760602,0.0138115080168,s1_sysrisk_samegrid,0.01
s2_sysrisk_w075_u05m_seed03,stage2_sysrisk_screen,sysrisk,5,2,0.5,3,0.75,5000000,0.25,0,2.89193853812,2.85040974521,0.0415287929122,0.0415287929122,0.0145694116371,s1_sysrisk_samegrid,0.01
s2_sysrisk_w085_u05m_seed01,stage2_sysrisk_screen,sysrisk,5,2,0.5,1,0.85,5000000,0.75,1,3.15185286828,3.19328718448,-0.0414343161971,0.0414343161971,0.0129754431103,s1_sysrisk_samegrid,0.01
s2_sysrisk_w085_u05m_seed00,stage2_sysrisk_screen,sysrisk,5,2,0.5,0,0.85,5000000,0.5,1,3.0322781817,3.07229131016,-0.0400131284665,0.0400131284665,0.0130238719011,s1_sysrisk_samegrid,0.01
s2_sysrisk_w075_u05m_seed04,stage2_sysrisk_screen,sysrisk,5,2,0.5,4,0.75,5000000,1,0.3,3.59238095235,3.55238095235,0.04,0.04,0.0112600536194,s1_sysrisk_samegrid,0.01
s2_sysrisk_w085_u10m_seed01,stage2_sysrisk_screen,sysrisk,5,2,0.5,1,0.85,10000000,1,0.3,3.59238095235,3.55238095235,0.04,0.04,0.0112600536194,s1_sysrisk_samegrid,0.01
s2_sysrisk_w085_u10m_seed03,stage2_sysrisk_screen,sysrisk,5,2,0.5,3,0.85,10000000,1,0.3,3.59238095235,3.55238095235,0.04,0.04,0.0112600536194,s1_sysrisk_samegrid,0.01
s2_sysrisk_w075_u10m_seed00,stage2_sysrisk_screen,sysrisk,5,2,0.5,0,0.75,10000000,1,1,3.33904761902,3.37904761902,-0.0399999999993,0.0399999999993,0.0118376550168,s1_sysrisk_samegrid,0.01
s2_sysrisk_w080_u10m_seed00,stage2_sysrisk_screen,sysrisk,5,2,0.5,0,0.8,10000000,1,1,3.33904761902,3.37904761902,-0.0399999999993,0.0399999999993,0.0118376550168,s1_sysrisk_samegrid,0.01
s2_sysrisk_w080_u10m_seed02,stage2_sysrisk_screen,sysrisk,5,2,0.5,2,0.8,10000000,0.25,1,2.95051839147,2.99020674345,-0.0396883519756,0.0396883519756,0.0132727785671,s1_sysrisk_samegrid,0.01
s2_sysrisk_w075_u10m_seed01,stage2_sysrisk_screen,sysrisk,5,2,0.5,1,0.75,10000000,0.25,0,2.89009080833,2.85040974521,0.0396810631227,0.0396810631227,0.0139211785917,s1_sysrisk_samegrid,0.01
s2_sysrisk_w080_u05m_seed01,stage2_sysrisk_screen,sysrisk,5,2,0.5,1,0.8,5000000,0.25,1,2.95082020459,2.99020674345,-0.0393865388507,0.0393865388507,0.0131718447017,s1_sysrisk_samegrid,0.01
s2_sysrisk_w085_u10m_seed01,stage2_sysrisk_screen,sysrisk,5,2,0.5,1,0.85,10000000,0.25,1,2.9514327968,2.99020674345,-0.0387739466486,0.0387739466486,0.012966978532,s1_sysrisk_samegrid,0.01
s2_sysrisk_w080_u05m_seed01,stage2_sysrisk_screen,sysrisk,5,2,0.5,1,0.8,5000000,0,1,2.89533505215,2.93291944096,-0.0375843888079,0.0375843888079,0.0128146679663,s1_sysrisk_samegrid,0.01
s2_sysrisk_w075_u05m_seed04,stage2_sysrisk_screen,sysrisk,5,2,0.5,4,0.75,5000000,0,0.3,2.33664207015,2.37415664133,-0.0375145711741,0.0375145711741,0.0158012199031,s1_sysrisk_samegrid,0.01
s2_sysrisk_w085_u10m_seed01,stage2_sysrisk_screen,sysrisk,5,2,0.5,1,0.85,10000000,0,0.3,2.33664207015,2.37415664133,-0.0375145711741,0.0375145711741,0.0158012199031,s1_sysrisk_samegrid,0.01
s2_sysrisk_w085_u10m_seed03,stage2_sysrisk_screen,sysrisk,5,2,0.5,3,0.85,10000000,0,0.3,2.33664207015,2.37415664133,-0.0375145711741,0.0375145711741,0.0158012199031,s1_sysrisk_samegrid,0.01
s2_sysrisk_w080_u05m_seed03,stage2_sysrisk_screen,sysrisk,5,2,0.5,3,0.8,5000000,0.5,0,3.56312925164,3.52616780039,0.036961451247,0.036961451247,0.0104820454781,s1_sysrisk_samegrid,0.01
s2_sysrisk_w085_u05m_seed03,stage2_sysrisk_screen,sysrisk,5,2,0.5,3,0.85,5000000,0.5,0,3.56312925164,3.52616780039,0.036961451247,0.036961451247,0.0104820454781,s1_sysrisk_samegrid,0.01
s2_sysrisk_w080_u05m_seed04,stage2_sysrisk_screen,sysrisk,5,2,0.5,4,0.8,5000000,0,0.3,2.33729660137,2.37415664133,-0.0368600399546,0.0368600399546,0.0155255299137,s1_sysrisk_samegrid,0.01
s2_sysrisk_w080_u10m_seed01,stage2_sysrisk_screen,sysrisk,5,2,0.5,1,0.8,10000000,0,1,2.96916111299,2.93291944096,0.036241672035,0.036241672035,0.0123568590152,s1_sysrisk_samegrid,0.01
s2_sysrisk_w080_u05m_seed03,stage2_sysrisk_screen,sysrisk,5,2,0.5,3,0.8,5000000,0,1,2.96864953877,2.93291944096,0.0357300978094,0.0357300978094,0.0121824340998,s1_sysrisk_samegrid,0.01
s2_sysrisk_w080_u10m_seed04,stage2_sysrisk_screen,sysrisk,5,2,0.5,4,0.8,10000000,0.5,1,3.03690871069,3.07229131016,-0.0353825994765,0.0353825994765,0.0115166811687,s1_sysrisk_samegrid,0.01
s2_sysrisk_w075_u10m_seed00,stage2_sysrisk_screen,sysrisk,5,2,0.5,0,0.75,10000000,0,1,2.96820609185,2.93291944096,0.0352866508882,0.0352866508882,0.0120312376792,s1_sysrisk_samegrid,0.01
s2_sysrisk_w085_u10m_seed01,stage2_sysrisk_screen,sysrisk,5,2,0.5,1,0.85,10000000,0,1,2.89786668137,2.93291944096,-0.0350527595848,0.0350527595848,0.0119514907553,s1_sysrisk_samegrid,0.01
s2_sysrisk_w085_u05m_seed02,stage2_sysrisk_screen,sysrisk,5,2,0.5,2,0.85,5000000,0.5,1,3.03734342568,3.07229131016,-0.0349478844817,0.0349478844817,0.011375185799,s1_sysrisk_samegrid,0.01
s2_sysrisk_w075_u05m_seed03,stage2_sysrisk_screen,sysrisk,5,2,0.5,3,0.75,5000000,0,1,2.96785542856,2.93291944096,0.0349359876001,0.0349359876001,0.0119116765064,s1_sysrisk_samegrid,0.01
s2_sysrisk_w075_u05m_seed00,stage2_sysrisk_screen,sysrisk,5,2,0.5,0,0.75,5000000,0,0.6,2.71548521295,2.75032120293,-0.0348359899749,0.0348359899749,0.012666153298,s1_sysrisk_samegrid,0.01
s2_sysrisk_w080_u05m_seed01,stage2_sysrisk_screen,sysrisk,5,2,0.5,1,0.8,5000000,1,1,3.34476190474,3.37904761902,-0.0342857142854,0.0342857142854,0.010146561443,s1_sysrisk_samegrid,0.01
s2_sysrisk_w075_u10m_seed01,stage2_sysrisk_screen,sysrisk,5,2,0.5,1,0.75,10000000,1,1,3.34476190474,3.37904761902,-0.0342857142852,0.0342857142852,0.010146561443,s1_sysrisk_samegrid,0.01
s2_sysrisk_w075_u05m_seed03,stage2_sysrisk_screen,sysrisk,5,2,0.5,3,0.75,5000000,1,1,3.34476190474,3.37904761902,-0.034285714285,0.034285714285,0.0101465614429,s1_sysrisk_samegrid,0.01
s2_sysrisk_w085_u05m_seed02,stage2_sysrisk_screen,sysrisk,5,2,0.5,2,0.85,5000000,1,0.6,3.20380952379,3.23809523807,-0.034285714285,0.034285714285,0.010588235294,s1_sysrisk_samegrid,0.01
s2_sysrisk_w085_u05m_seed04,stage2_sysrisk_screen,sysrisk,5,2,0.5,4,0.85,5000000,1,0.6,3.20380952379,3.23809523807,-0.034285714285,0.034285714285,0.010588235294,s1_sysrisk_samegrid,0.01
s2_sysrisk_w080_u10m_seed01,stage2_sysrisk_screen,sysrisk,5,2,0.5,1,0.8,10000000,0.5,0,3.55944217681,3.52616780039,0.0332743764169,0.0332743764169,0.00943641321133,s1_sysrisk_samegrid,0.01
s2_sysrisk_w085_u10m_seed01,stage2_sysrisk_screen,sysrisk,5,2,0.5,1,0.85,10000000,0.5,0,3.55944217681,3.52616780039,0.0332743764169,0.0332743764169,0.00943641321133,s1_sysrisk_samegrid,0.01
s2_sysrisk_w075_u10m_seed02,stage2_sysrisk_screen,sysrisk,5,2,0.5,2,0.75,10000000,0.5,1,3.10414512342,3.07229131016,0.0318538132572,0.0318538132572,0.0103680966554,s1_sysrisk_samegrid,0.01
s2_sysrisk_w085_u05m_seed00,stage2_sysrisk_screen,sysrisk,5,2,0.5,0,0.85,5000000,0,1,2.96467241204,2.93291944096,0.0317529710845,0.0317529710845,0.0108264041082,s1_sysrisk_samegrid,0.01
s2_sysrisk_w075_u05m_seed02,stage2_sysrisk_screen,sysrisk,5,2,0.5,2,0.75,5000000,0.5,0,3.5578911564,3.52616780039,0.0317233560089,0.0317233560089,0.00899655314346,s1_sysrisk_samegrid,0.01
s2_sysrisk_w085_u10m_seed04,stage2_sysrisk_screen,sysrisk,5,2,0.5,4,0.85,10000000,0.5,0,3.5578911564,3.52616780039,0.0317233560089,0.0317233560089,0.00899655314346,s1_sysrisk_samegrid,0.01
s2_sysrisk_w085_u05m_seed02,stage2_sysrisk_screen,sysrisk,5,2,0.5,2,0.85,5000000,0,1,2.96460180212,2.93291944096,0.0316823611665,0.0316823611665,0.0108023291483,s1_sysrisk_samegrid,0.01
s2_sysrisk_w085_u05m_seed01,stage2_sysrisk_screen,sysrisk,5,2,0.5,1,0.85,5000000,0.5,1,3.04065086489,3.07229131016,-0.0316404452701,0.0316404452701,0.0102986475161,s1_sysrisk_samegrid,0.01
s2_sysrisk_w080_u10m_seed00,stage2_sysrisk_screen,sysrisk,5,2,0.5,0,0.8,10000000,0,1,2.96419606678,2.93291944096,0.0312766258256,0.0312766258256,0.0106639907625,s1_sysrisk_samegrid,0.01
s2_sysrisk_w075_u05m_seed02,stage2_sysrisk_screen,sysrisk,5,2,0.5,2,0.75,5000000,0.5,1,3.04117465338,3.07229131016,-0.0311166567876,0.0311166567876,0.0101281596197,s1_sysrisk_samegrid,0.01
s2_sysrisk_w080_u05m_seed02,stage2_sysrisk_screen,sysrisk,5,2,0.5,2,0.8,5000000,0.25,0,2.88150055363,2.85040974521,0.0310908084163,0.0310908084163,0.0109074874125,s1_sysrisk_samegrid,0.01
s2_sysrisk_w085_u05m_seed02,stage2_sysrisk_screen,sysrisk,5,2,0.5,2,0.85,5000000,0.25,0,2.88150055363,2.85040974521,0.0310908084163,0.0310908084163,0.0109074874125,s1_sysrisk_samegrid,0.01
s2_sysrisk_w085_u05m_seed04,stage2_sysrisk_screen,sysrisk,5,2,0.5,4,0.85,5000000,0.25,0,2.88150055363,2.85040974521,0.0310908084163,0.0310908084163,0.0109074874125,s1_sysrisk_samegrid,0.01
s2_sysrisk_w075_u10m_seed03,stage2_sysrisk_screen,sysrisk,5,2,0.5,3,0.75,10000000,1,0.3,3.58285714283,3.55238095235,0.0304761904762,0.0304761904762,0.00857908847192,s1_sysrisk_samegrid,0.01
s2_sysrisk_w075_u05m_seed01,stage2_sysrisk_screen,sysrisk,5,2,0.5,1,0.75,5000000,1,0,4.88380952376,4.85333333329,0.0304761904754,0.0304761904754,0.00627943485076,s1_sysrisk_samegrid,0.01
s2_sysrisk_w080_u05m_seed01,stage2_sysrisk_screen,sysrisk,5,2,0.5,1,0.8,5000000,1,0,4.88380952376,4.85333333329,0.0304761904754,0.0304761904754,0.00627943485076,s1_sysrisk_samegrid,0.01
s2_sysrisk_w085_u05m_seed01,stage2_sysrisk_screen,sysrisk,5,2,0.5,1,0.85,5000000,1,0,4.88380952376,4.85333333329,0.0304761904754,0.0304761904754,0.00627943485076,s1_sysrisk_samegrid,0.01
s2_sysrisk_w085_u10m_seed02,stage2_sysrisk_screen,sysrisk,5,2,0.5,2,0.85,10000000,0,1,2.90276477408,2.93291944096,-0.0301546668797,0.0301546668797,0.010281450782,s1_sysrisk_samegrid,0.01
s2_sysrisk_w075_u10m_seed04,stage2_sysrisk_screen,sysrisk,5,2,0.5,4,0.75,10000000,0.75,1,3.16323984714,3.19328718448,-0.0300473373382,0.0300473373382,0.00940953180917,s1_sysrisk_samegrid,0.01
s2_sysrisk_w085_u05m_seed03,stage2_sysrisk_screen,sysrisk,5,2,0.5,3,0.85,5000000,0,1,2.96289070012,2.93291944096,0.0299712591607,0.0299712591607,0.0102189165997,s1_sysrisk_samegrid,0.01
s2_sysrisk_w080_u05m_seed03,stage2_sysrisk_screen,sysrisk,5,2,0.5,3,0.8,5000000,0.25,1,3.01998831591,2.99020674345,0.0297815724605,0.0297815724605,0.00995970346389,s1_sysrisk_samegrid,0.01
s2_sysrisk_w075_u10m_seed01,stage2_sysrisk_screen,sysrisk,5,2,0.5,1,0.75,10000000,0,1,2.96269825215,2.93291944096,0.0297788111946,0.0297788111946,0.01015330008,s1_sysrisk_samegrid,0.01
s2_sysrisk_w080_u05m_seed02,stage2_sysrisk_screen,sysrisk,5,2,0.5,2,0.8,5000000,0.75,0.6,3.01247229859,3.04220068871,-0.0297283901193,0.0297283901193,0.00977200164001,s1_sysrisk_samegrid,0.01
s2_sysrisk_w080_u05m_seed02,stage2_sysrisk_screen,sysrisk,5,2,0.5,2,0.8,5000000,0.5,0.6,2.88272494096,2.91171243014,-0.0289874891769,0.0289874891769,0.0099554780468,s1_sysrisk_samegrid,0.01
s2_sysrisk_w080_u05m_seed00,stage2_sysrisk_screen,sysrisk,5,2,0.5,0,0.8,5000000,1,0.3,3.58095238092,3.55238095235,0.0285714285714,0.0285714285714,0.00804289544243,s1_sysrisk_samegrid,0.01
s2_sysrisk_w085_u05m_seed00,stage2_sysrisk_screen,sysrisk,5,2,0.5,0,0.85,5000000,1,0.3,3.58095238092,3.55238095235,0.0285714285714,0.0285714285714,0.00804289544243,s1_sysrisk_samegrid,0.01
s2_sysrisk_w085_u05m_seed01,stage2_sysrisk_screen,sysrisk,5,2,0.5,1,0.85,5000000,1,0.3,3.58095238092,3.55238095235,0.0285714285714,0.0285714285714,0.00804289544243,s1_sysrisk_samegrid,0.01
s2_sysrisk_w075_u05m_seed04,stage2_sysrisk_screen,sysrisk,5,2,0.5,4,0.75,5000000,1,0.6,3.2095238095,3.23809523807,-0.0285714285711,0.0285714285711,0.00882352941173,s1_sysrisk_samegrid,0.01
s2_sysrisk_w080_u05m_seed04,stage2_sysrisk_screen,sysrisk,5,2,0.5,4,0.8,5000000,1,0.6,3.2095238095,3.23809523807,-0.0285714285711,0.0285714285711,0.00882352941173,s1_sysrisk_samegrid,0.01
s2_sysrisk_w080_u10m_seed00,stage2_sysrisk_screen,sysrisk,5,2,0.5,0,0.8,10000000,1,0.6,3.2095238095,3.23809523807,-0.0285714285711,0.0285714285711,0.00882352941173,s1_sysrisk_samegrid,0.01
s2_sysrisk_w085_u10m_seed02,stage2_sysrisk_screen,sysrisk,5,2,0.5,2,0.85,10000000,1,0.6,3.2095238095,3.23809523807,-0.0285714285711,0.0285714285711,0.00882352941173,s1_sysrisk_samegrid,0.01
s2_sysrisk_w080_u05m_seed03,stage2_sysrisk_screen,sysrisk,5,2,0.5,3,0.8,5000000,1,1,3.35047619045,3.37904761902,-0.0285714285708,0.0285714285708,0.00845546786909,s1_sysrisk_samegrid,0.01
s2_sysrisk_w075_u05m_seed00,stage2_sysrisk_screen,sysrisk,5,2,0.5,0,0.75,5000000,0.25,0.6,2.79101386808,2.81922388674,-0.0282100186567,0.0282100186567,0.0100063066255,s1_sysrisk_samegrid,0.01
s2_sysrisk_w080_u10m_seed00,stage2_sysrisk_screen,sysrisk,5,2,0.5,0,0.8,10000000,0.75,0.6,3.01401654415,3.04220068871,-0.0281841445578,0.0281841445578,0.0092643935893,s1_sysrisk_samegrid,0.01
s2_sysrisk_w075_u05m_seed04,stage2_sysrisk_screen,sysrisk,5,2,0.5,4,0.75,5000000,0.75,0.6,3.01403463939,3.04220068871,-0.0281660493197,0.0281660493197,0.00925844551423,s1_sysrisk_samegrid,0.01
s2_sysrisk_w080_u05m_seed04,stage2_sysrisk_screen,sysrisk,5,2,0.5,4,0.8,5000000,0.75,0.6,3.01403463939,3.04220068871,-0.0281660493197,0.0281660493197,0.00925844551423,s1_sysrisk_samegrid,0.01
s2_sysrisk_w085_u10m_seed02,stage2_sysrisk_screen,sysrisk,5,2,0.5,2,0.85,10000000,0.75,0.6,3.01403463939,3.04220068871,-0.0281660493197,0.0281660493197,0.00925844551423,s1_sysrisk_samegrid,0.01
s2_sysrisk_w080_u10m_seed00,stage2_sysrisk_screen,sysrisk,5,2,0.5,0,0.8,10000000,0.25,0,2.87840531553,2.85040974521,0.027995570321,0.027995570321,0.00982159507702,s1_sysrisk_samegrid,0.01
s2_sysrisk_w085_u10m_seed00,stage2_sysrisk_screen,sysrisk,5,2,0.5,0,0.85,10000000,0.25,0,2.87840531553,2.85040974521,0.027995570321,0.027995570321,0.00982159507702,s1_sysrisk_samegrid,0.01
s2_sysrisk_w080_u05m_seed00,stage2_sysrisk_screen,sysrisk,5,2,0.5,0,0.8,5000000,0,1,2.96066238698,2.93291944096,0.0277429460218,0.0277429460218,0.00945915719143,s1_sysrisk_samegrid,0.01
s2_sysrisk_w080_u10m_seed02,stage2_sysrisk_screen,sysrisk,5,2,0.5,2,0.8,10000000,0.5,1,3.04457243268,3.07229131016,-0.0277188774856,0.0277188774856,0.00902221654368,s1_sysrisk_samegrid,0.01
s2_sysrisk_w080_u10m_seed01,stage2_sysrisk_screen,sysrisk,5,2,0.5,1,0.8,10000000,0.75,0,4.22158652721,4.19400696856,0.0275795586522,0.0275795586522,0.00657594488016,s1_sysrisk_samegrid,0.01
s2_sysrisk_w085_u10m_seed01,stage2_sysrisk_screen,sysrisk,5,2,0.5,1,0.85,10000000,0.75,0,4.22158652721,4.19400696856,0.0275795586522,0.0275795586522,0.00657594488016,s1_sysrisk_samegrid,0.01
s2_sysrisk_w080_u05m_seed02,stage2_sysrisk_screen,sysrisk,5,2,0.5,2,0.8,5000000,0.25,1,2.96274212186,2.99020674345,-0.0274646215839,0.0274646215839,0.00918485708191,s1_sysrisk_samegrid,0.01
s2_sysrisk_w080_u10m_seed01,stage2_sysrisk_screen,sysrisk,5,2,0.5,1,0.8,10000000,0.25,0,2.87782059792,2.85040974521,0.027410852713,0.027410852713,0.00961646049626,s1_sysrisk_samegrid,0.01
s2_sysrisk_w085_u10m_seed01,stage2_sysrisk_screen,sysrisk,5,2,0.5,1,0.85,10000000,0.25,0,2.87782059792,2.85040974521,0.027410852713,0.027410852713,0.00961646049626,s1_sysrisk_samegrid,0.01
s2_sysrisk_w075_u05m_seed02,stage2_sysrisk_screen,sysrisk,5,2,0.5,2,0.75,5000000,0.5,0.6,2.88563984114,2.91171243014,-0.0260725890059,0.0260725890059,0.00895438324747,s1_sysrisk_samegrid,0.01
s2_sysrisk_w075_u05m_seed00,stage2_sysrisk_screen,sysrisk,5,2,0.5,0,0.75,5000000,0.25,1,2.96558557879,2.99020674345,-0.0246211646597,0.0246211646597,0.0082339338956,s1_sysrisk_samegrid,0.01
s2_sysrisk_w085_u10m_seed02,stage2_sysrisk_screen,sysrisk,5,2,0.5,2,0.85,10000000,0.25,1,2.96593127238,2.99020674345,-0.0242754710666,0.0242754710666,0.00811832530304,s1_sysrisk_samegrid,0.01
s2_sysrisk_w085_u05m_seed02,stage2_sysrisk_screen,sysrisk,5,2,0.5,2,0.85,5000000,0.75,0.6,3.01797337943,3.04220068871,-0.0242273092809,0.0242273092809,0.00796374459147,s1_sysrisk_samegrid,0.01
s2_sysrisk_w075_u10m_seed00,stage2_sysrisk_screen,sysrisk,5,2,0.5,0,0.75,10000000,0.75,0.6,3.01842503045,3.04220068871,-0.0237756582542,0.0237756582542,0.00781528264801,s1_sysrisk_samegrid,0.01
s2_sysrisk_w085_u05m_seed01,stage2_sysrisk_screen,sysrisk,5,2,0.5,1,0.85,5000000,0.25,1,2.9665755281,2.99020674345,-0.0236312153423,0.0236312153423,0.00790287005877,s1_sysrisk_samegrid,0.01
s2_sysrisk_w075_u10m_seed01,stage2_sysrisk_screen,sysrisk,5,2,0.5,1,0.75,10000000,0.75,1,3.17012988149,3.19328718448,-0.0231573029926,0.0231573029926,0.00725186983031,s1_sysrisk_samegrid,0.01
s2_sysrisk_w080_u10m_seed00,stage2_sysrisk_screen,sysrisk,5,2,0.5,0,0.8,10000000,0.5,0.6,2.88877821668,2.91171243014,-0.0229342134647,0.0229342134647,0.00787653795316,s1_sysrisk_samegrid,0.01
s2_sysrisk_w075_u10m_seed00,stage2_sysrisk_screen,sysrisk,5,2,0.5,0,0.75,10000000,1,0.3,3.57523809521,3.55238095235,0.0228571428571,0.0228571428571,0.00643431635394,s1_sysrisk_samegrid,0.01
s2_sysrisk_w080_u10m_seed03,stage2_sysrisk_screen,sysrisk,5,2,0.5,3,0.8,10000000,1,0.3,3.57523809521,3.55238095235,0.0228571428571,0.0228571428571,0.00643431635394,s1_sysrisk_samegrid,0.01
s2_sysrisk_w080_u10m_seed01,stage2_sysrisk_screen,sysrisk,5,2,0.5,1,0.8,10000000,1,0.6,3.21523809521,3.23809523807,-0.0228571428568,0.0228571428568,0.00705882352936,s1_sysrisk_samegrid,0.01
s2_sysrisk_w080_u10m_seed01,stage2_sysrisk_screen,sysrisk,5,2,0.5,1,0.8,10000000,1,1,3.35619047616,3.37904761902,-0.0228571428568,0.0228571428568,0.00676437429533,s1_sysrisk_samegrid,0.01
s2_sysrisk_w085_u10m_seed00,stage2_sysrisk_screen,sysrisk,5,2,0.5,0,0.85,10000000,1,1,3.35619047616,3.37904761902,-0.0228571428568,0.0228571428568,0.00676437429533,s1_sysrisk_samegrid,0.01
s2_sysrisk_w085_u10m_seed01,stage2_sysrisk_screen,sysrisk,5,2,0.5,1,0.85,10000000,1,0.6,3.21523809521,3.23809523807,-0.0228571428568,0.0228571428568,0.00705882352936,s1_sysrisk_samegrid,0.01
s2_sysrisk_w085_u10m_seed03,stage2_sysrisk_screen,sysrisk,5,2,0.5,3,0.85,10000000,1,0.6,3.21523809521,3.23809523807,-0.0228571428568,0.0228571428568,0.00705882352936,s1_sysrisk_samegrid,0.01
s2_sysrisk_w085_u10m_seed04,stage2_sysrisk_screen,sysrisk,5,2,0.5,4,0.85,10000000,1,0.6,3.21523809521,3.23809523807,-0.0228571428568,0.0228571428568,0.00705882352936,s1_sysrisk_samegrid,0.01
s2_sysrisk_w075_u10m_seed02,stage2_sysrisk_screen,sysrisk,5,2,0.5,2,0.75,10000000,1,1,3.35619047617,3.37904761902,-0.0228571428565,0.0228571428565,0.00676437429523,s1_sysrisk_samegrid,0.01
s2_sysrisk_w080_u10m_seed02,stage2_sysrisk_screen,sysrisk,5,2,0.5,2,0.8,10000000,1,1,3.35619047617,3.37904761902,-0.0228571428565,0.0228571428565,0.00676437429523,s1_sysrisk_samegrid,0.01
s2_sysrisk_w075_u05m_seed04,stage2_sysrisk_screen,sysrisk,5,2,0.5,4,0.75,5000000,0.5,0.6,2.88888488334,2.91171243014,-0.022827546798,0.022827546798,0.00783990429883,s1_sysrisk_samegrid,0.01
s2_sysrisk_w080_u05m_seed04,stage2_sysrisk_screen,sysrisk,5,2,0.5,4,0.8,5000000,0.5,0.6,2.88888488334,2.91171243014,-0.022827546798,0.022827546798,0.00783990429883,s1_sysrisk_samegrid,0.01
s2_sysrisk_w085_u10m_seed02,stage2_sysrisk_screen,sysrisk,5,2,0.5,2,0.85,10000000,0.5,0.6,2.88888488334,2.91171243014,-0.022827546798,0.022827546798,0.00783990429883,s1_sysrisk_samegrid,0.01
s2_sysrisk_w080_u10m_seed01,stage2_sysrisk_screen,sysrisk,5,2,0.5,1,0.8,10000000,0.25,1,3.01281690011,2.99020674345,0.0226101566677,0.0226101566677,0.00756140247402,s1_sysrisk_samegrid,0.01
s2_sysrisk_w075_u10m_seed00,stage2_sysrisk_screen,sysrisk,5,2,0.5,0,0.75,10000000,0.5,0.6,2.88937820709,2.91171243014,-0.02233422305,0.02233422305,0.00767047693956,s1_sysrisk_samegrid,0.01
s2_sysrisk_w085_u05m_seed03,stage2_sysrisk_screen,sysrisk,5,2,0.5,3,0.85,5000000,0.25,1,3.01208571595,2.99020674345,0.0218789725033,0.0218789725033,0.00731687618297,s1_sysrisk_samegrid,0.01
s2_sysrisk_w085_u10m_seed00,stage2_sysrisk_screen,sysrisk,5,2,0.5,0,0.85,10000000,0.75,0.6,3.02105487724,3.04220068871,-0.0211458114674,0.0211458114674,0.00695082725671,s1_sysrisk_samegrid,0.01
s2_sysrisk_w075_u05m_seed01,stage2_sysrisk_screen,sysrisk,5,2,0.5,1,0.75,5000000,0,1,2.91202830002,2.93291944096,-0.0208911409327,0.0208911409327,0.00712298491425,s1_sysrisk_samegrid,0.01
s2_sysrisk_w080_u10m_seed02,stage2_sysrisk_screen,sysrisk,5,2,0.5,2,0.8,10000000,0.75,1,3.17241615256,3.19328718448,-0.0208710319193,0.0208710319193,0.00653590820791,s1_sysrisk_samegrid,0.01
s2_sysrisk_w085_u10m_seed00,stage2_sysrisk_screen,sysrisk,5,2,0.5,0,0.85,10000000,0.5,0.6,2.89104064032,2.91171243014,-0.0206717898194,0.0206717898194,0.00709953002411,s1_sysrisk_samegrid,0.01
s2_sysrisk_w085_u05m_seed01,stage2_sysrisk_screen,sysrisk,5,2,0.5,1,0.85,5000000,0,1,2.91225058411,2.93291944096,-0.0206688568512,0.0206688568512,0.00704719555626,s1_sysrisk_samegrid,0.01
s2_sysrisk_w075_u05m_seed03,stage2_sysrisk_screen,sysrisk,5,2,0.5,3,0.75,5000000,0.25,1,3.01086241232,2.99020674345,0.020655668873,0.020655668873,0.00690777282148,s1_sysrisk_samegrid,0.01
s2_sysrisk_w075_u05m_seed00,stage2_sysrisk_screen,sysrisk,5,2,0.5,0,0.75,5000000,0.5,0.6,2.8910987684,2.91171243014,-0.0206136617406,0.0206136617406,0.00707956648712,s1_sysrisk_samegrid,0.01
s2_sysrisk_w085_u05m_seed02,stage2_sysrisk_screen,sysrisk,5,2,0.5,2,0.85,5000000,0.5,0.6,2.89140929385,2.91171243014,-0.020303136289,0.020303136289,0.00697291946788,s1_sysrisk_samegrid,0.01
s2_sysrisk_w075_u05m_seed02,stage2_sysrisk_screen,sysrisk,5,2,0.5,2,0.75,5000000,0.75,0.6,3.02200660952,3.04220068871,-0.0201940791875,0.0201940791875,0.00663798389846,s1_sysrisk_samegrid,0.01
s2_sysrisk_w080_u05m_seed03,stage2_sysrisk_screen,sysrisk,5,2,0.5,3,0.8,5000000,0.25,0,2.87059800656,2.85040974521,0.020188261351,0.020188261351,0.00708258220942,s1_sysrisk_samegrid,0.01
s2_sysrisk_w085_u05m_seed03,stage2_sysrisk_screen,sysrisk,5,2,0.5,3,0.85,5000000,0.25,0,2.87059800656,2.85040974521,0.020188261351,0.020188261351,0.00708258220942,s1_sysrisk_samegrid,0.01
s2_sysrisk_w080_u10m_seed00,stage2_sysrisk_screen,sysrisk,5,2,0.5,0,0.8,10000000,0.75,1,3.17342047649,3.19328718448,-0.0198667079911,0.0198667079911,0.00622139721338,s1_sysrisk_samegrid,0.01
s2_sysrisk_w085_u10m_seed00,stage2_sysrisk_screen,sysrisk,5,2,0.5,0,0.85,10000000,0.25,1,3.00978370968,2.99020674345,0.019576966231,0.019576966231,0.00654702765081,s1_sysrisk_samegrid,0.01
s2_sysrisk_w080_u05m_seed02,stage2_sysrisk_screen,sysrisk,5,2,0.5,2,0.8,5000000,0.25,0.6,2.80001888762,2.81922388674,-0.0192049991169,0.0192049991169,0.00681215819971,s1_sysrisk_samegrid,0.01
s2_sysrisk_w080_u05m_seed03,stage2_sysrisk_screen,sysrisk,5,2,0.5,3,0.8,5000000,0.75,0.6,3.06118121753,3.04220068871,0.0189805288188,0.0189805288188,0.00623907847016,s1_sysrisk_samegrid,0.01
s2_sysrisk_w085_u05m_seed03,stage2_sysrisk_screen,sysrisk,5,2,0.5,3,0.85,5000000,0.75,0.6,3.06118121753,3.04220068871,0.0189805288188,0.0189805288188,0.00623907847016,s1_sysrisk_samegrid,0.01
s2_sysrisk_w075_u05m_seed02,stage2_sysrisk_screen,sysrisk,5,2,0.5,2,0.75,5000000,0.25,0.6,2.80042162468,2.81922388674,-0.018802262057,0.018802262057,0.00666930432358,s1_sysrisk_samegrid,0.01
s2_sysrisk_w085_u05m_seed02,stage2_sysrisk_screen,sysrisk,5,2,0.5,2,0.85,5000000,0.25,0.6,2.80042935849,2.81922388674,-0.0187945282516,0.0187945282516,0.00666656108442,s1_sysrisk_samegrid,0.01
s2_sysrisk_w080_u10m_seed04,stage2_sysrisk_screen,sysrisk,5,2,0.5,4,0.8,10000000,0.25,1,2.97147299073,2.99020674345,-0.0187337527126,0.0187337527126,0.00626503593895,s1_sysrisk_samegrid,0.01
s2_sysrisk_w085_u05m_seed04,stage2_sysrisk_screen,sysrisk,5,2,0.5,4,0.85,5000000,0.75,0.6,3.02349124792,3.04220068871,-0.0187094407817,0.0187094407817,0.00614996928084,s1_sysrisk_samegrid,0.01
s2_sysrisk_w075_u10m_seed00,stage2_sysrisk_screen,sysrisk,5,2,0.5,0,0.75,10000000,0.25,1,3.00875184566,2.99020674345,0.0185451022104,0.0185451022104,0.00620194648782,s1_sysrisk_samegrid,0.01
s2_sysrisk_w080_u05m_seed02,stage2_sysrisk_screen,sysrisk,5,2,0.5,2,0.8,5000000,0,1,2.9144048273,2.93291944096,-0.0185146136569,0.0185146136569,0.00631269082893,s1_sysrisk_samegrid,0.01
s2_sysrisk_w075_u05m_seed03,stage2_sysrisk_screen,sysrisk,5,2,0.5,3,0.75,5000000,0,0.6,2.73191530598,2.75032120293,-0.0184058969485,0.0184058969485,0.00669227177136,s1_sysrisk_samegrid,0.01
s2_sysrisk_w080_u10m_seed04,stage2_sysrisk_screen,sysrisk,5,2,0.5,4,0.8,10000000,0,0.6,2.73191530598,2.75032120293,-0.0184058969485,0.0184058969485,0.00669227177136,s1_sysrisk_samegrid,0.01
s2_sysrisk_w075_u10m_seed00,stage2_sysrisk_screen,sysrisk,5,2,0.5,0,0.75,10000000,0.75,1,3.17497538417,3.19328718448,-0.0183118003137,0.0183118003137,0.00573446710421,s1_sysrisk_samegrid,0.01
s2_sysrisk_w085_u10m_seed00,stage2_sysrisk_screen,sysrisk,5,2,0.5,0,0.85,10000000,0.75,1,3.17558194389,3.19328718448,-0.0177052405927,0.0177052405927,0.00554451872626,s1_sysrisk_samegrid,0.01
s2_sysrisk_w075_u05m_seed01,stage2_sysrisk_screen,sysrisk,5,2,0.5,1,0.75,5000000,0,0.6,2.73280023923,2.75032120293,-0.0175209636996,0.0175209636996,0.00637051544413,s1_sysrisk_samegrid,0.01
s2_sysrisk_w080_u05m_seed04,stage2_sysrisk_screen,sysrisk,5,2,0.5,4,0.8,5000000,0.25,0.3,2.60936875071,2.59184830534,0.0175204453722,0.0175204453722,0.00675982669823,s1_sysrisk_samegrid,0.01
s2_sysrisk_w085_u05m_seed02,stage2_sysrisk_screen,sysrisk,5,2,0.5,2,0.85,5000000,0,0.6,2.73300170418,2.75032120293,-0.0173194987469,0.0173194987469,0.00629726401717,s1_sysrisk_samegrid,0.01
s2_sysrisk_w080_u10m_seed03,stage2_sysrisk_screen,sysrisk,5,2,0.5,3,0.8,10000000,0,0.6,2.73300305041,2.75032120293,-0.0173181525242,0.0173181525242,0.00629677453881,s1_sysrisk_samegrid,0.01
s2_sysrisk_w080_u05m_seed02,stage2_sysrisk_screen,sysrisk,5,2,0.5,2,0.8,5000000,1,0.6,3.22095238093,3.23809523807,-0.0171428571436,0.0171428571436,0.00529411764734,s1_sysrisk_samegrid,0.01
s2_sysrisk_w075_u10m_seed01,stage2_sysrisk_screen,sysrisk,5,2,0.5,1,0.75,10000000,1,0.6,3.22095238093,3.23809523807,-0.0171428571425,0.0171428571425,0.005294117647,s1_sysrisk_samegrid,0.01
s2_sysrisk_w075_u10m_seed02,stage2_sysrisk_screen,sysrisk,5,2,0.5,2,0.75,10000000,1,0.6,3.22095238093,3.23809523807,-0.0171428571425,0.0171428571425,0.005294117647,s1_sysrisk_samegrid,0.01
s2_sysrisk_w075_u10m_seed03,stage2_sysrisk_screen,sysrisk,5,2,0.5,3,0.75,10000000,1,0.6,3.22095238093,3.23809523807,-0.0171428571425,0.0171428571425,0.005294117647,s1_sysrisk_samegrid,0.01
s2_sysrisk_w080_u10m_seed02,stage2_sysrisk_screen,sysrisk,5,2,0.5,2,0.8,10000000,1,0.6,3.22095238093,3.23809523807,-0.0171428571425,0.0171428571425,0.005294117647,s1_sysrisk_samegrid,0.01
s2_sysrisk_w080_u10m_seed03,stage2_sysrisk_screen,sysrisk,5,2,0.5,3,0.8,10000000,1,0.6,3.22095238093,3.23809523807,-0.0171428571425,0.0171428571425,0.005294117647,s1_sysrisk_samegrid,0.01
s2_sysrisk_w085_u05m_seed00,stage2_sysrisk_screen,sysrisk,5,2,0.5,0,0.85,5000000,1,0.6,3.22095238093,3.23809523807,-0.0171428571425,0.0171428571425,0.005294117647,s1_sysrisk_samegrid,0.01
s2_sysrisk_w085_u05m_seed01,stage2_sysrisk_screen,sysrisk,5,2,0.5,1,0.85,5000000,1,0.6,3.22095238093,3.23809523807,-0.0171428571425,0.0171428571425,0.005294117647,s1_sysrisk_samegrid,0.01
s2_sysrisk_w075_u05m_seed02,stage2_sysrisk_screen,sysrisk,5,2,0.5,2,0.75,5000000,0.25,0,2.86750276847,2.85040974521,0.0170930232558,0.0170930232558,0.00599668987397,s1_sysrisk_samegrid,0.01
s2_sysrisk_w085_u10m_seed04,stage2_sysrisk_screen,sysrisk,5,2,0.5,4,0.85,10000000,0.25,0,2.86750276847,2.85040974521,0.0170930232558,0.0170930232558,0.00599668987397,s1_sysrisk_samegrid,0.01
s2_sysrisk_w080_u05m_seed01,stage2_sysrisk_screen,sysrisk,5,2,0.5,1,0.8,5000000,0,0.6,2.73323849616,2.75032120293,-0.0170827067669,0.0170827067669,0.00621116789876,s1_sysrisk_samegrid,0.01
s2_sysrisk_w075_u10m_seed02,stage2_sysrisk_screen,sysrisk,5,2,0.5,2,0.75,10000000,0,0.6,2.73341533827,2.75032120293,-0.0169058646617,0.0169058646617,0.00614686918882,s1_sysrisk_samegrid,0.01
s2_sysrisk_w075_u10m_seed03,stage2_sysrisk_screen,sysrisk,5,2,0.5,3,0.75,10000000,0,0.6,2.73341533827,2.75032120293,-0.0169058646617,0.0169058646617,0.00614686918882,s1_sysrisk_samegrid,0.01
s2_sysrisk_w080_u10m_seed02,stage2_sysrisk_screen,sysrisk,5,2,0.5,2,0.8,10000000,0,0.6,2.73341533827,2.75032120293,-0.0169058646617,0.0169058646617,0.00614686918882,s1_sysrisk_samegrid,0.01
s2_sysrisk_w080_u10m_seed01,stage2_sysrisk_screen,sysrisk,5,2,0.5,1,0.8,10000000,0,0.6,2.73357533827,2.75032120293,-0.0167458646617,0.0167458646617,0.00608869416555,s1_sysrisk_samegrid,0.01
s2_sysrisk_w085_u10m_seed01,stage2_sysrisk_screen,sysrisk,5,2,0.5,1,0.85,10000000,0,0.6,2.73357533827,2.75032120293,-0.0167458646617,0.0167458646617,0.00608869416555,s1_sysrisk_samegrid,0.01
s2_sysrisk_w085_u10m_seed03,stage2_sysrisk_screen,sysrisk,5,2,0.5,3,0.85,10000000,0,0.6,2.73357533827,2.75032120293,-0.0167458646617,0.0167458646617,0.00608869416555,s1_sysrisk_samegrid,0.01
s2_sysrisk_w085_u10m_seed04,stage2_sysrisk_screen,sysrisk,5,2,0.5,4,0.85,10000000,0,0.6,2.73357533827,2.75032120293,-0.0167458646617,0.0167458646617,0.00608869416555,s1_sysrisk_samegrid,0.01
s2_sysrisk_w080_u10m_seed01,stage2_sysrisk_screen,sysrisk,5,2,0.5,1,0.8,10000000,0.75,0.6,3.02591147588,3.04220068871,-0.016289212828,0.016289212828,0.00535441757293,s1_sysrisk_samegrid,0.01
s2_sysrisk_w085_u10m_seed01,stage2_sysrisk_screen,sysrisk,5,2,0.5,1,0.85,10000000,0.75,0.6,3.02591147588,3.04220068871,-0.016289212828,0.016289212828,0.00535441757293,s1_sysrisk_samegrid,0.01
s2_sysrisk_w085_u10m_seed03,stage2_sysrisk_screen,sysrisk,5,2,0.5,3,0.85,10000000,0.75,0.6,3.02591147588,3.04220068871,-0.016289212828,0.016289212828,0.00535441757293,s1_sysrisk_samegrid,0.01
s2_sysrisk_w085_u10m_seed04,stage2_sysrisk_screen,sysrisk,5,2,0.5,4,0.85,10000000,0.75,0.6,3.02591147588,3.04220068871,-0.016289212828,0.016289212828,0.00535441757293,s1_sysrisk_samegrid,0.01
s2_sysrisk_w075_u10m_seed04,stage2_sysrisk_screen,sysrisk,5,2,0.5,4,0.75,10000000,0,0.6,2.73415278188,2.75032120293,-0.0161684210526,0.0161684210526,0.00587873919432,s1_sysrisk_samegrid,0.01
s2_sysrisk_w075_u10m_seed01,stage2_sysrisk_screen,sysrisk,5,2,0.5,1,0.75,10000000,0,0.6,2.73432962398,2.75032120293,-0.0159915789474,0.0159915789474,0.00581444048438,s1_sysrisk_samegrid,0.01
s2_sysrisk_w085_u05m_seed01,stage2_sysrisk_screen,sysrisk,5,2,0.5,1,0.85,5000000,0,0.6,2.73432962398,2.75032120293,-0.0159915789474,0.0159915789474,0.00581444048438,s1_sysrisk_samegrid,0.01
s2_sysrisk_w075_u05m_seed00,stage2_sysrisk_screen,sysrisk,5,2,0.5,0,0.75,5000000,0,0,2.18325814529,2.1672727272,0.0159854180906,0.0159854180906,0.00737582210579,s1_sysrisk_samegrid,0.01
s2_sysrisk_w075_u10m_seed04,stage2_sysrisk_screen,sysrisk,5,2,0.5,4,0.75,10000000,0,0,2.18325814529,2.1672727272,0.0159854180906,0.0159854180906,0.00737582210579,s1_sysrisk_samegrid,0.01
s2_sysrisk_w075_u05m_seed03,stage2_sysrisk_screen,sysrisk,5,2,0.5,3,0.75,5000000,0,0,2.18278787872,2.1672727272,0.0155151515151,0.0155151515151,0.00715883668923,s1_sysrisk_samegrid,0.01
s2_sysrisk_w080_u05m_seed03,stage2_sysrisk_screen,sysrisk,5,2,0.5,3,0.8,5000000,0.5,1,3.08773398517,3.07229131016,0.0154426750077,0.0154426750077,0.00502643579294,s1_sysrisk_samegrid,0.01
s2_sysrisk_w075_u10m_seed03,stage2_sysrisk_screen,sysrisk,5,2,0.5,3,0.75,10000000,0.75,0.3,3.16963047113,3.1541974164,0.0154330547295,0.0154330547295,0.00489286265003,s1_sysrisk_samegrid,0.01
s2_sysrisk_w075_u05m_seed03,stage2_sysrisk_screen,sysrisk,5,2,0.5,3,0.75,5000000,0.75,1,3.1778614471,3.19328718448,-0.0154257373781,0.0154257373781,0.00483067650573,s1_sysrisk_samegrid,0.01
s2_sysrisk_w075_u05m_seed01,stage2_sysrisk_screen,sysrisk,5,2,0.5,1,0.75,5000000,0,0,2.18261654128,2.1672727272,0.0153438140805,0.0153438140805,0.00707977998706,s1_sysrisk_samegrid,0.01
s2_sysrisk_w080_u05m_seed01,stage2_sysrisk_screen,sysrisk,5,2,0.5,1,0.8,5000000,0,0,2.18261654128,2.1672727272,0.0153438140805,0.0153438140805,0.00707977998706,s1_sysrisk_samegrid,0.01
s2_sysrisk_w085_u05m_seed01,stage2_sysrisk_screen,sysrisk,5,2,0.5,1,0.85,5000000,0,0,2.18261654128,2.1672727272,0.0153438140805,0.0153438140805,0.00707977998706,s1_sysrisk_samegrid,0.01
s2_sysrisk_w075_u05m_seed04,stage2_sysrisk_screen,sysrisk,5,2,0.5,4,0.75,5000000,0.25,0.3,2.60710745336,2.59184830534,0.015259148024,0.015259148024,0.00588736153755,s1_sysrisk_samegrid,0.01
s2_sysrisk_w085_u10m_seed01,stage2_sysrisk_screen,sysrisk,5,2,0.5,1,0.85,10000000,0.25,0.3,2.60710745336,2.59184830534,0.015259148024,0.015259148024,0.00588736153755,s1_sysrisk_samegrid,0.01
s2_sysrisk_w085_u10m_seed03,stage2_sysrisk_screen,sysrisk,5,2,0.5,3,0.85,10000000,0.25,0.3,2.60710745336,2.59184830534,0.015259148024,0.015259148024,0.00588736153755,s1_sysrisk_samegrid,0.01
s2_sysrisk_w080_u10m_seed00,stage2_sysrisk_screen,sysrisk,5,2,0.5,0,0.8,10000000,0.25,1,3.0053403318,2.99020674345,0.0151335883511,0.0151335883511,0.00506105084013,s1_sysrisk_samegrid,0.01
s2_sysrisk_w075_u10m_seed01,stage2_sysrisk_screen,sysrisk,5,2,0.5,1,0.75,10000000,0.25,0.3,2.60693604121,2.59184830534,0.0150877358692,0.0150877358692,0.00582122643447,s1_sysrisk_samegrid,0.01
s2_sysrisk_w080_u10m_seed04,stage2_sysrisk_screen,sysrisk,5,2,0.5,4,0.8,10000000,0,0,2.18171428564,2.1672727272,0.0144415584415,0.0144415584415,0.00666347075761,s1_sysrisk_samegrid,0.01
s2_sysrisk_w080_u10m_seed00,stage2_sysrisk_screen,sysrisk,5,2,0.5,0,0.8,10000000,0.25,0.6,2.80484407917,2.81922388674,-0.0143798075693,0.0143798075693,0.00510062632377,s1_sysrisk_samegrid,0.01
s2_sysrisk_w075_u10m_seed01,stage2_sysrisk_screen,sysrisk,5,2,0.5,1,0.75,10000000,0.25,0.6,2.80508749015,2.81922388674,-0.0141363965885,0.0141363965885,0.00501428661093,s1_sysrisk_samegrid,0.01
s2_sysrisk_w085_u05m_seed01,stage2_sysrisk_screen,sysrisk,5,2,0.5,1,0.85,5000000,0.25,0.6,2.80508749015,2.81922388674,-0.0141363965885,0.0141363965885,0.00501428661093,s1_sysrisk_samegrid,0.01
s2_sysrisk_w075_u05m_seed04,stage2_sysrisk_screen,sysrisk,5,2,0.5,4,0.75,5000000,0.25,0.6,2.80516122203,2.81922388674,-0.0140626647122,0.0140626647122,0.00498813335766,s1_sysrisk_samegrid,0.01
s2_sysrisk_w080_u05m_seed04,stage2_sysrisk_screen,sysrisk,5,2,0.5,4,0.8,5000000,0.25,0.6,2.80516122203,2.81922388674,-0.0140626647122,0.0140626647122,0.00498813335766,s1_sysrisk_samegrid,0.01
s2_sysrisk_w085_u10m_seed02,stage2_sysrisk_screen,sysrisk,5,2,0.5,2,0.85,10000000,0.25,0.6,2.80516122203,2.81922388674,-0.0140626647122,0.0140626647122,0.00498813335766,s1_sysrisk_samegrid,0.01
s2_sysrisk_w085_u10m_seed00,stage2_sysrisk_screen,sysrisk,5,2,0.5,0,0.85,10000000,0.25,0.6,2.80517339634,2.81922388674,-0.0140504904051,0.0140504904051,0.00498381503903,s1_sysrisk_samegrid,0.01
s2_sysrisk_w080_u10m_seed01,stage2_sysrisk_screen,sysrisk,5,2,0.5,1,0.8,10000000,0.25,0.6,2.80518891872,2.81922388674,-0.0140349680171,0.0140349680171,0.00497830913077,s1_sysrisk_samegrid,0.01
s2_sysrisk_w085_u10m_seed01,stage2_sysrisk_screen,sysrisk,5,2,0.5,1,0.85,10000000,0.25,0.6,2.80518891872,2.81922388674,-0.0140349680171,0.0140349680171,0.00497830913077,s1_sysrisk_samegrid,0.01
s2_sysrisk_w085_u10m_seed03,stage2_sysrisk_screen,sysrisk,5,2,0.5,3,0.85,10000000,0.25,0.6,2.80518891872,2.81922388674,-0.0140349680171,0.0140349680171,0.00497830913077,s1_sysrisk_samegrid,0.01
s2_sysrisk_w085_u10m_seed04,stage2_sysrisk_screen,sysrisk,5,2,0.5,4,0.85,10000000,0.25,0.6,2.80518891872,2.81922388674,-0.0140349680171,0.0140349680171,0.00497830913077,s1_sysrisk_samegrid,0.01
s2_sysrisk_w075_u10m_seed04,stage2_sysrisk_screen,sysrisk,5,2,0.5,4,0.75,10000000,0.25,0.6,2.80542260742,2.81922388674,-0.0138012793177,0.0138012793177,0.00489541798458,s1_sysrisk_samegrid,0.01
s2_sysrisk_w075_u10m_seed02,stage2_sysrisk_screen,sysrisk,5,2,0.5,2,0.75,10000000,0.25,0.6,2.80543034729,2.81922388674,-0.0137935394456,0.0137935394456,0.00489267259351,s1_sysrisk_samegrid,0.01
s2_sysrisk_w075_u10m_seed03,stage2_sysrisk_screen,sysrisk,5,2,0.5,3,0.75,10000000,0.25,0.6,2.80543034729,2.81922388674,-0.0137935394456,0.0137935394456,0.00489267259351,s1_sysrisk_samegrid,0.01
s2_sysrisk_w080_u10m_seed02,stage2_sysrisk_screen,sysrisk,5,2,0.5,2,0.8,10000000,0.25,0.6,2.80543034729,2.81922388674,-0.0137935394456,0.0137935394456,0.00489267259351,s1_sysrisk_samegrid,0.01
s2_sysrisk_w080_u10m_seed01,stage2_sysrisk_screen,sysrisk,5,2,0.5,1,0.8,10000000,0.5,0.6,2.89801390797,2.91171243014,-0.0136985221675,0.0136985221675,0.00470462743013,s1_sysrisk_samegrid,0.01
s2_sysrisk_w085_u10m_seed01,stage2_sysrisk_screen,sysrisk,5,2,0.5,1,0.85,10000000,0.5,0.6,2.89801390797,2.91171243014,-0.0136985221675,0.0136985221675,0.00470462743013,s1_sysrisk_samegrid,0.01
s2_sysrisk_w085_u10m_seed03,stage2_sysrisk_screen,sysrisk,5,2,0.5,3,0.85,10000000,0.5,0.6,2.89801390797,2.91171243014,-0.0136985221675,0.0136985221675,0.00470462743013,s1_sysrisk_samegrid,0.01
s2_sysrisk_w085_u10m_seed04,stage2_sysrisk_screen,sysrisk,5,2,0.5,4,0.85,10000000,0.5,0.6,2.89801390797,2.91171243014,-0.0136985221675,0.0136985221675,0.00470462743013,s1_sysrisk_samegrid,0.01
s2_sysrisk_w075_u10m_seed01,stage2_sysrisk_screen,sysrisk,5,2,0.5,1,0.75,10000000,0.75,0.6,3.02852147588,3.04220068871,-0.013679212828,0.013679212828,0.00449648600724,s1_sysrisk_samegrid,0.01
s2_sysrisk_w085_u05m_seed01,stage2_sysrisk_screen,sysrisk,5,2,0.5,1,0.85,5000000,0.75,0.6,3.02852147588,3.04220068871,-0.013679212828,0.013679212828,0.00449648600724,s1_sysrisk_samegrid,0.01
s2_sysrisk_w085_u05m_seed04,stage2_sysrisk_screen,sysrisk,5,2,0.5,4,0.85,5000000,0.5,0.6,2.89815803183,2.91171243014,-0.013554398311,0.013554398311,0.00465512945947,s1_sysrisk_samegrid,0.01
s2_sysrisk_w080_u05m_seed00,stage2_sysrisk_screen,sysrisk,5,2,0.5,0,0.8,5000000,0.75,0.3,3.16767860522,3.1541974164,0.013481188816,0.013481188816,0.00427404725713,s1_sysrisk_samegrid,0.01
s2_sysrisk_w085_u05m_seed00,stage2_sysrisk_screen,sysrisk,5,2,0.5,0,0.85,5000000,0.75,0.3,3.16767860522,3.1541974164,0.013481188816,0.013481188816,0.00427404725713,s1_sysrisk_samegrid,0.01
s2_sysrisk_w080_u05m_seed01,stage2_sysrisk_screen,sysrisk,5,2,0.5,1,0.8,5000000,0.25,0.6,2.80576546457,2.81922388674,-0.0134584221748,0.0134584221748,0.00477380396716,s1_sysrisk_samegrid,0.01
s2_sysrisk_w075_u05m_seed04,stage2_sysrisk_screen,sysrisk,5,2,0.5,4,0.75,5000000,0,0,2.18053679647,2.1672727272,0.013264069264,0.013264069264,0.00612016618746,s1_sysrisk_samegrid,0.01
s2_sysrisk_w080_u10m_seed03,stage2_sysrisk_screen,sysrisk,5,2,0.5,3,0.8,10000000,0.25,0.6,2.80597343018,2.81922388674,-0.013250456559,0.013250456559,0.0047000369929,s1_sysrisk_samegrid,0.01
s2_sysrisk_w085_u05m_seed04,stage2_sysrisk_screen,sysrisk,5,2,0.5,4,0.85,5000000,0,0.6,2.73709041167,2.75032120293,-0.0132307912639,0.0132307912639,0.00481063493594,s1_sysrisk_samegrid,0.01
s2_sysrisk_w075_u10m_seed01,stage2_sysrisk_screen,sysrisk,5,2,0.5,1,0.75,10000000,0.5,0.6,2.89860819369,2.91171243014,-0.0131042364532,0.0131042364532,0.00450052564173,s1_sysrisk_samegrid,0.01
s2_sysrisk_w085_u05m_seed01,stage2_sysrisk_screen,sysrisk,5,2,0.5,1,0.85,5000000,0.5,0.6,2.89860819369,2.91171243014,-0.0131042364532,0.0131042364532,0.00450052564173,s1_sysrisk_samegrid,0.01
s2_sysrisk_w085_u05m_seed04,stage2_sysrisk_screen,sysrisk,5,2,0.5,4,0.85,5000000,0.25,0.6,2.80612488615,2.81922388674,-0.0130990005856,0.0130990005856,0.00464631441554,s1_sysrisk_samegrid,0.01
s2_sysrisk_w075_u10m_seed03,stage2_sysrisk_screen,sysrisk,5,2,0.5,3,0.75,10000000,0,0,2.18032900426,2.1672727272,0.0130562770562,0.0130562770562,0.00602428891035,s1_sysrisk_samegrid,0.01
s2_sysrisk_w080_u10m_seed03,stage2_sysrisk_screen,sysrisk,5,2,0.5,3,0.8,10000000,0,0,2.18032900426,2.1672727272,0.0130562770562,0.0130562770562,0.00602428891035,s1_sysrisk_samegrid,0.01
s2_sysrisk_w085_u10m_seed03,stage2_sysrisk_screen,sysrisk,5,2,0.5,3,0.85,10000000,0,0,2.18032900426,2.1672727272,0.0130562770562,0.0130562770562,0.00602428891035,s1_sysrisk_samegrid,0.01
s2_sysrisk_w075_u10m_seed04,stage2_sysrisk_screen,sysrisk,5,2,0.5,4,0.75,10000000,0.5,1,3.05930259014,3.07229131016,-0.0129887200285,0.0129887200285,0.00422769806546,s1_sysrisk_samegrid,0.01
s2_sysrisk_w075_u05m_seed00,stage2_sysrisk_screen,sysrisk,5,2,0.5,0,0.75,5000000,0.25,0.3,2.60473817587,2.59184830534,0.0128898705307,0.0128898705307,0.00497323493204,s1_sysrisk_samegrid,0.01
s2_sysrisk_w080_u10m_seed01,stage2_sysrisk_screen,sysrisk,5,2,0.5,1,0.8,10000000,0.25,0.3,2.60473817587,2.59184830534,0.0128898705307,0.0128898705307,0.00497323493204,s1_sysrisk_samegrid,0.01
s2_sysrisk_w075_u10m_seed02,stage2_sysrisk_screen,sysrisk,5,2,0.5,2,0.75,10000000,0.75,0.6,3.02932147588,3.04220068871,-0.012879212828,0.012879212828,0.00423351847753,s1_sysrisk_samegrid,0.01
s2_sysrisk_w075_u10m_seed03,stage2_sysrisk_screen,sysrisk,5,2,0.5,3,0.75,10000000,0.75,0.6,3.02932147588,3.04220068871,-0.012879212828,0.012879212828,0.00423351847753,s1_sysrisk_samegrid,0.01
s2_sysrisk_w080_u10m_seed02,stage2_sysrisk_screen,sysrisk,5,2,0.5,2,0.8,10000000,0.75,0.6,3.02932147588,3.04220068871,-0.012879212828,0.012879212828,0.00423351847753,s1_sysrisk_samegrid,0.01
s2_sysrisk_w075_u05m_seed01,stage2_sysrisk_screen,sysrisk,5,2,0.5,1,0.75,5000000,0.25,1,2.9773645332,2.99020674345,-0.0128422102468,0.0128422102468,0.00429475663344,s1_sysrisk_samegrid,0.01
s2_sysrisk_w080_u05m_seed03,stage2_sysrisk_screen,sysrisk,5,2,0.5,3,0.8,5000000,0,0.6,2.73751789382,2.75032120293,-0.0128033091052,0.0128033091052,0.00465520503263,s1_sysrisk_samegrid,0.01
s2_sysrisk_w085_u05m_seed03,stage2_sysrisk_screen,sysrisk,5,2,0.5,3,0.85,5000000,0,0.6,2.73751789382,2.75032120293,-0.0128033091052,0.0128033091052,0.00465520503263,s1_sysrisk_samegrid,0.01
s2_sysrisk_w085_u05m_seed03,stage2_sysrisk_screen,sysrisk,5,2,0.5,3,0.85,5000000,0.5,1,3.08508261999,3.07229131016,0.012791309827,0.012791309827,0.00416344302531,s1_sysrisk_samegrid,0.01
s2_sysrisk_w075_u05m_seed01,stage2_sysrisk_screen,sysrisk,5,2,0.5,1,0.75,5000000,0.25,0.6,2.80644114705,2.81922388674,-0.0127827396862,0.0127827396862,0.00453413428651,s1_sysrisk_samegrid,0.01
s2_sysrisk_w085_u05m_seed01,stage2_sysrisk_screen,sysrisk,5,2,0.5,1,0.85,5000000,0,0.3,2.36184748469,2.37415664133,-0.0123091566397,0.0123091566397,0.00518464385435,s1_sysrisk_samegrid,0.01
s2_sysrisk_w075_u10m_seed02,stage2_sysrisk_screen,sysrisk,5,2,0.5,2,0.75,10000000,0.5,0.6,2.8995224794,2.91171243014,-0.0121899507389,0.0121899507389,0.00418652289035,s1_sysrisk_samegrid,0.01
s2_sysrisk_w075_u10m_seed03,stage2_sysrisk_screen,sysrisk,5,2,0.5,3,0.75,10000000,0.5,0.6,2.8995224794,2.91171243014,-0.0121899507389,0.0121899507389,0.00418652289035,s1_sysrisk_samegrid,0.01
s2_sysrisk_w080_u10m_seed02,stage2_sysrisk_screen,sysrisk,5,2,0.5,2,0.8,10000000,0.5,0.6,2.8995224794,2.91171243014,-0.0121899507389,0.0121899507389,0.00418652289035,s1_sysrisk_samegrid,0.01
s2_sysrisk_w075_u10m_seed01,stage2_sysrisk_screen,sysrisk,5,2,0.5,1,0.75,10000000,0,0,2.17937662331,2.1672727272,0.0121038961038,0.0121038961038,0.00558485139036,s1_sysrisk_samegrid,0.01
s2_sysrisk_w075_u05m_seed03,stage2_sysrisk_screen,sysrisk,5,2,0.5,3,0.75,5000000,0.25,0.6,2.80735459005,2.81922388674,-0.0118692966945,0.0118692966945,0.00421012916012,s1_sysrisk_samegrid,0.01
s2_sysrisk_w080_u10m_seed04,stage2_sysrisk_screen,sysrisk,5,2,0.5,4,0.8,10000000,0.25,0.6,2.80735459005,2.81922388674,-0.0118692966945,0.0118692966945,0.00421012916012,s1_sysrisk_samegrid,0.01
s2_sysrisk_w075_u10m_seed01,stage2_sysrisk_screen,sysrisk,5,2,0.5,1,0.75,10000000,0.25,1,3.00173807918,2.99020674345,0.0115313357324,0.0115313357324,0.00385636737582,s1_sysrisk_samegrid,0.01
s2_sysrisk_w075_u05m_seed00,stage2_sysrisk_screen,sysrisk,5,2,0.5,0,0.75,5000000,0.75,0.6,3.0306701044,3.04220068871,-0.0115305843052,0.0115305843052,0.00379021158859,s1_sysrisk_samegrid,0.01
s2_sysrisk_w085_u10m_seed00,stage2_sysrisk_screen,sysrisk,5,2,0.5,0,0.85,10000000,1,0.6,3.22666666664,3.23809523807,-0.0114285714286,0.0114285714286,0.00352941176473,s1_sysrisk_samegrid,0.01
s2_sysrisk_w075_u05m_seed01,stage2_sysrisk_screen,sysrisk,5,2,0.5,1,0.75,5000000,1,1,3.36761904759,3.37904761902,-0.0114285714284,0.0114285714284,0.00338218714767,s1_sysrisk_samegrid,0.01
s2_sysrisk_w080_u05m_seed03,stage2_sysrisk_screen,sysrisk,5,2,0.5,3,0.8,5000000,1,0.6,3.2495238095,3.23809523807,0.0114285714284,0.0114285714284,0.00352941176468,s1_sysrisk_samegrid,0.01
s2_sysrisk_w085_u05m_seed03,stage2_sysrisk_screen,sysrisk,5,2,0.5,3,0.85,5000000,1,0.6,3.2495238095,3.23809523807,0.0114285714284,0.0114285714284,0.00352941176468,s1_sysrisk_samegrid,0.01
s2_sysrisk_w085_u05m_seed03,stage2_sysrisk_screen,sysrisk,5,2,0.5,3,0.85,5000000,1,1,3.36761904759,3.37904761902,-0.0114285714284,0.0114285714284,0.00338218714767,s1_sysrisk_samegrid,0.01
s2_sysrisk_w085_u10m_seed02,stage2_sysrisk_screen,sysrisk,5,2,0.5,2,0.85,10000000,1,1,3.39047619045,3.37904761902,0.0114285714284,0.0114285714284,0.00338218714767,s1_sysrisk_samegrid,0.01
s2_sysrisk_w085_u05m_seed00,stage2_sysrisk_screen,sysrisk,5,2,0.5,0,0.85,5000000,0.75,0.6,3.03095998778,3.04220068871,-0.0112407009232,0.0112407009232,0.00369492419253,s1_sysrisk_samegrid,0.01
s2_sysrisk_w075_u05m_seed01,stage2_sysrisk_screen,sysrisk,5,2,0.5,1,0.75,5000000,0.25,0.3,2.60293818294,2.59184830534,0.0110898776024,0.0110898776024,0.00427875257189,s1_sysrisk_samegrid,0.01
s2_sysrisk_w080_u05m_seed01,stage2_sysrisk_screen,sysrisk,5,2,0.5,1,0.8,5000000,0.25,0.3,2.60293818294,2.59184830534,0.0110898776024,0.0110898776024,0.00427875257189,s1_sysrisk_samegrid,0.01
s2_sysrisk_w085_u05m_seed01,stage2_sysrisk_screen,sysrisk,5,2,0.5,1,0.85,5000000,0.75,0.3,3.16514028225,3.1541974164,0.0109428658478,0.0109428658478,0.00346930277441,s1_sysrisk_samegrid,0.01
s2_sysrisk_w080_u10m_seed01,stage2_sysrisk_screen,sysrisk,5,2,0.5,1,0.8,10000000,0,0,2.17799134192,2.1672727272,0.0107186147185,0.0107186147185,0.00494566954311,s1_sysrisk_samegrid,0.01
s2_sysrisk_w085_u10m_seed01,stage2_sysrisk_screen,sysrisk,5,2,0.5,1,0.85,10000000,0,0,2.17799134192,2.1672727272,0.0107186147185,0.0107186147185,0.00494566954311,s1_sysrisk_samegrid,0.01
s2_sysrisk_w075_u05m_seed00,stage2_sysrisk_screen,sysrisk,5,2,0.5,0,0.75,5000000,0,1,2.94362385842,2.93291944096,0.0107044174647,0.0107044174647,0.00364974820487,s1_sysrisk_samegrid,0.01
s2_sysrisk_w075_u10m_seed02,stage2_sysrisk_screen,sysrisk,5,2,0.5,2,0.75,10000000,0.25,0.3,2.60241344651,2.59184830534,0.0105651411728,0.0105651411728,0.00407629611311,s1_sysrisk_samegrid,0.01
s2_sysrisk_w080_u10m_seed02,stage2_sysrisk_screen,sysrisk,5,2,0.5,2,0.8,10000000,0.25,0.3,2.60241344651,2.59184830534,0.0105651411728,0.0105651411728,0.00407629611311,s1_sysrisk_samegrid,0.01
s2_sysrisk_w085_u10m_seed02,stage2_sysrisk_screen,sysrisk,5,2,0.5,2,0.85,10000000,0.25,0.3,2.60241344651,2.59184830534,0.0105651411728,0.0105651411728,0.00407629611311,s1_sysrisk_samegrid,0.01
s2_sysrisk_w075_u10m_seed04,stage2_sysrisk_screen,sysrisk,5,2,0.5,4,0.75,10000000,0.5,0.6,2.90126119861,2.91171243014,-0.0104512315271,0.0104512315271,0.00358937627868,s1_sysrisk_samegrid,0.01
s2_sysrisk_w075_u05m_seed02,stage2_sysrisk_screen,sysrisk,5,2,0.5,2,0.75,5000000,0.25,1,2.97995050673,2.99020674345,-0.0102562367179,0.0102562367179,0.00342994234106,s1_sysrisk_samegrid,0.01
s2_sysrisk_w075_u10m_seed00,stage2_sysrisk_screen,sysrisk,5,2,0.5,0,0.75,10000000,0,0,2.17740259733,2.1672727272,0.0101298701298,0.0101298701298,0.00467401725805,s1_sysrisk_samegrid,0.01
s2_sysrisk_w080_u05m_seed04,stage2_sysrisk_screen,sysrisk,5,2,0.5,4,0.8,5000000,0,0,2.17733333326,2.1672727272,0.0100606060606,0.0100606060606,0.00464205816569,s1_sysrisk_samegrid,0.01
s2_sysrisk_w075_u05m_seed02,stage2_sysrisk_screen,sysrisk,5,2,0.5,2,0.75,5000000,0.25,0.3,2.6018892909,2.59184830534,0.0100409855572,0.0100409855572,0.0038740637469,s1_sysrisk_samegrid,0.01
s2_sysrisk_w080_u05m_seed02,stage2_sysrisk_screen,sysrisk,5,2,0.5,2,0.8,5000000,0.25,0.3,2.6018892909,2.59184830534,0.0100409855572,0.0100409855572,0.0038740637469,s1_sysrisk_samegrid,0.01
s2_sysrisk_w085_u05m_seed02,stage2_sysrisk_screen,sysrisk,5,2,0.5,2,0.85,5000000,0.25,0.3,2.6018892909,2.59184830534,0.0100409855572,0.0100409855572,0.0038740637469,s1_sysrisk_samegrid,0.01
s3_seir_seed07,stage3_final,seir,8,10,0.9,7,0.7,3000000,1,0.005,2.78430691166,2.72729675463,0.0570101570316,0.0570101570316,0.0209035400841,s1_seir_main,0.01
s3_seir_seed15,stage3_final,seir,8,10,0.9,15,0.7,3000000,1,0,2.72927372432,2.78430691166,-0.0550331873346,0.0550331873346,0.0197654888921,s1_seir_main,0.01
s3_seir_seed08,stage3_final,seir,8,10,0.9,8,0.7,3000000,1,0,2.73011701866,2.78430691166,-0.0541898930018,0.0541898930018,0.0194626148342,s1_seir_main,0.01
s3_seir_seed06,stage3_final,seir,8,10,0.9,6,0.7,3000000,1,0.005,2.78090561743,2.72729675463,0.0536088628038,0.0536088628038,0.0196564098545,s1_seir_main,0.01
s3_seir_seed08,stage3_final,seir,8,10,0.9,8,0.7,3000000,1,0.005,2.78090561743,2.72729675463,0.0536088628038,0.0536088628038,0.0196564098545,s1_seir_main,0.01
s3_seir_seed16,stage3_final,seir,8,10,0.9,16,0.7,3000000,1,0,2.73072727523,2.78430691166,-0.0535796364255,0.0535796364255,0.0192434376401,s1_seir_main,0.01
s3_seir_seed02,stage3_final,seir,8,10,0.9,2,0.7,3000000,1,0.005,2.77844481675,2.72729675463,0.0511480621219,0.0511480621219,0.0187541242203,s1_seir_main,0.01
s3_seir_seed07,stage3_final,seir,8,10,0.9,7,0.7,3000000,0.875,0.005,2.7527165875,2.71085494477,0.0418616427281,0.0418616427281,0.0154422289576,s1_seir_main,0.01
s3_seir_seed15,stage3_final,seir,8,10,0.9,15,0.7,3000000,0.875,0,2.71253220243,2.7527165875,-0.0401843850709,0.0401843850709,0.0145980829459,s1_seir_main,0.01
s3_seir_seed06,stage3_final,seir,8,10,0.9,6,0.7,3000000,0.875,0.005,2.74979927941,2.71085494477,0.0389443346324,0.0389443346324,0.0143660710093,s1_seir_main,0.01
s3_seir_seed08,stage3_final,seir,8,10,0.9,8,0.7,3000000,0.875,0.005,2.74979927941,2.71085494477,0.0389443346324,0.0389443346324,0.0143660710093,s1_seir_main,0.01
s3_seir_seed08,stage3_final,seir,8,10,0.9,8,0.7,3000000,0.875,0,2.71415953906,2.7527165875,-0.0385570484422,0.0385570484422,0.0140069081638,s1_seir_main,0.01
s3_seir_seed02,stage3_final,seir,8,10,0.9,2,0.7,3000000,0.875,0.005,2.74900074572,2.71085494477,0.0381458009441,0.0381458009441,0.0140715020616,s1_seir_main,0.01
s3_seir_seed16,stage3_final,seir,8,10,0.9,16,0.7,3000000,0.875,0,2.7146969778,2.7527165875,-0.0380196097066,0.0380196097066,0.0138116687636,s1_seir_main,0.01
s3_seir_seed07,stage3_final,seir,8,10,0.9,7,0.7,3000000,0.75,0.005,2.72989371049,2.69452157668,0.0353721338085,0.0353721338085,0.0131274264473,s1_seir_main,0.01
s3_seir_seed15,stage3_final,seir,8,10,0.9,15,0.7,3000000,0.75,0,2.69594206653,2.72989371049,-0.033951643961,0.033951643961,0.0124369838396,s1_seir_main,0.01
s3_seir_seed06,stage3_final,seir,8,10,0.9,6,0.7,3000000,0.75,0.005,2.72740085644,2.69452157668,0.0328792797616,0.0328792797616,0.012202269986,s1_seir_main,0.01
s3_seir_seed08,stage3_final,seir,8,10,0.9,8,0.7,3000000,0.75,0.005,2.72740085644,2.69452157668,0.0328792797616,0.0328792797616,0.012202269986,s1_seir_main,0.01
s3_seir_seed08,stage3_final,seir,8,10,0.9,8,0.7,3000000,0.75,0,2.69790574942,2.72989371049,-0.0319879610671,0.0319879610671,0.0117176580701,s1_seir_main,0.01
s3_seir_seed02,stage3_final,seir,8,10,0.9,2,0.7,3000000,0.75,0.005,2.72623823317,2.69452157668,0.0317166564885,0.0317166564885,0.0117707932878,s1_seir_main,0.01
s3_seir_seed16,stage3_final,seir,8,10,0.9,16,0.7,3000000,0.75,0,2.69836793018,2.72989371049,-0.031525780311,0.031525780311,0.0115483544982,s1_seir_main,0.01
s3_seir_seed07,stage3_final,seir,8,10,0.9,7,0.7,3000000,0.625,0.005,2.70775974778,2.67770044914,0.0300592986381,0.0300592986381,0.0112257883991,s1_seir_main,0.01
s3_seir_seed15,stage3_final,seir,8,10,0.9,15,0.7,3000000,0.625,0,2.67889390443,2.70775974778,-0.0288658433509,0.0288658433509,0.0106604152657,s1_seir_main,0.01
s3_seir_seed06,stage3_final,seir,8,10,0.9,6,0.7,3000000,0.625,0.005,2.70562673641,2.67770044914,0.0279262872673,0.0279262872673,0.0104292051324,s1_seir_main,0.01
s3_seir_seed08,stage3_final,seir,8,10,0.9,8,0.7,3000000,0.625,0.005,2.70562673641,2.67770044914,0.0279262872673,0.0279262872673,0.0104292051324,s1_seir_main,0.01
s3_seir_seed08,stage3_final,seir,8,10,0.9,8,0.7,3000000,0.625,0,2.68080995291,2.70775974778,-0.026949794871,0.026949794871,0.00995280134921,s1_seir_main,0.01
s3_seir_seed16,stage3_final,seir,8,10,0.9,16,0.7,3000000,0.625,0,2.6812025343,2.70775974778,-0.0265572134779,0.0265572134779,0.00980781751399,s1_seir_main,0.01
s3_seir_seed02,stage3_final,seir,8,10,0.9,2,0.7,3000000,0.625,0.005,2.70407727279,2.67770044914,0.0263768236537,0.0263768236537,0.0098505505581,s1_seir_main,0.01
s3_seir_seed07,stage3_final,seir,8,10,0.9,7,0.7,3000000,0.5,0.005,2.68426128954,2.65976590142,0.0244953881149,0.0244953881149,0.00920960303379,s1_seir_main,0.01
s3_seir_seed15,stage3_final,seir,8,10,0.9,15,0.7,3000000,0.5,0,2.66074854861,2.68426128954,-0.0235127409241,0.0235127409241,0.00875948292207,s1_seir_main,0.01
s3_seir_seed06,stage3_final,seir,8,10,0.9,6,0.7,3000000,0.5,0.005,2.68245356749,2.65976590142,0.022687666072,0.022687666072,0.00852994846646,s1_seir_main,0.01
s3_seir_seed08,stage3_final,seir,8,10,0.9,8,0.7,3000000,0.5,0.005,2.68245356749,2.65976590142,0.022687666072,0.022687666072,0.00852994846646,s1_seir_main,0.01
s3_seir_seed08,stage3_final,seir,8,10,0.9,8,0.7,3000000,0.5,0,2.66233587471,2.68426128954,-0.0219254148275,0.0219254148275,0.0081681373244,s1_seir_main,0.01
s3_seir_seed16,stage3_final,seir,8,10,0.9,16,0.7,3000000,0.5,0,2.6626721259,2.68426128954,-0.0215891636392,0.0215891636392,0.0080428696429,s1_seir_main,0.01
s3_seir_seed02,stage3_final,seir,8,10,0.9,2,0.7,3000000,0.5,0.005,2.68082153079,2.65976590142,0.0210556293712,0.0210556293712,0.00791634683338,s1_seir_main,0.01
s3_seir_seed11,stage3_final,seir,8,10,0.9,11,0.7,3000000,1,0.08,2.6932541587,2.71218487321,-0.0189307145124,0.0189307145124,0.00697987615056,s1_seir_main,0.01
s3_seir_seed07,stage3_final,seir,8,10,0.9,7,0.7,3000000,0.375,0.005,2.65839097923,2.63997908927,0.0184118899606,0.0184118899606,0.00697425598386,s1_seir_main,0.01
s3_seir_seed15,stage3_final,seir,8,10,0.9,15,0.7,3000000,0.375,0,2.64075335118,2.65839097923,-0.0176376280463,0.0176376280463,0.00663470053283,s1_seir_main,0.01
s3_seir_seed06,stage3_final,seir,8,10,0.9,6,0.7,3000000,0.375,0.005,2.65691136427,2.63997908927,0.0169322750027,0.0169322750027,0.00641379133326,s1_seir_main,0.01
s3_seir_seed08,stage3_final,seir,8,10,0.9,8,0.7,3000000,0.375,0.005,2.65691136427,2.63997908927,0.0169322750027,0.0169322750027,0.00641379133326,s1_seir_main,0.01
s3_seir_seed08,stage3_final,seir,8,10,0.9,8,0.7,3000000,0.375,0,2.64185356076,2.65839097923,-0.0165374184619,0.0165374184619,0.00622083756343,s1_seir_main,0.01
s3_seir_seed16,stage3_final,seir,8,10,0.9,16,0.7,3000000,0.375,0,2.64215102619,2.65839097923,-0.0162399530368,0.0162399530368,0.00610894077045,s1_seir_main,0.01
s3_seir_seed02,stage3_final,seir,8,10,0.9,2,0.7,3000000,0.375,0.005,2.65550681757,2.63997908927,0.0155277283088,0.0155277283088,0.00588176185634,s1_seir_main,0.01
s3_seir_seed11,stage3_final,seir,8,10,0.9,11,0.7,3000000,0.875,0.08,2.68241860543,2.69621213903,-0.013793533596,0.013793533596,0.00511589329205,s1_seir_main,0.01
s3_seir_seed05,stage3_final,seir,8,10,0.9,5,0.7,3000000,1,0.1,2.69272717385,2.67931942801,0.0134077458333,0.0134077458333,0.00500416101684,s1_seir_main,0.01
s3_seir_seed05,stage3_final,seir,8,10,0.9,5,0.7,3000000,0.875,0.1,2.68197497832,2.66993917595,0.0120358023703,0.0120358023703,0.00450789384217,s1_seir_main,0.01
s3_seir_seed07,stage3_final,seir,8,10,0.9,7,0.7,3000000,0.25,0.005,2.62928223736,2.61732383028,0.011958407085,0.011958407085,0.00456894441055,s1_seir_main,0.01
s3_seir_seed09,stage3_final,seir,8,10,0.9,9,0.7,3000000,1,0.1,2.69099412082,2.67931942801,0.011674692803,0.011674692803,0.00435733518033,s1_seir_main,0.01
s3_seir_seed01,stage3_final,seir,8,10,0.9,1,0.7,3000000,1,0.1,2.69097635566,2.67931942801,0.0116569276515,0.0116569276515,0.00435070470868,s1_seir_main,0.01
s3_seir_seed03,stage3_final,seir,8,10,0.9,3,0.7,3000000,1,0.1,2.69097635566,2.67931942801,0.0116569276515,0.0116569276515,0.00435070470868,s1_seir_main,0.01
s3_seir_seed06,stage3_final,seir,8,10,0.9,6,0.7,3000000,1,0.1,2.69097635566,2.67931942801,0.0116569276515,0.0116569276515,0.00435070470868,s1_seir_main,0.01
s3_seir_seed10,stage3_final,seir,8,10,0.9,10,0.7,3000000,1,0.1,2.69097635566,2.67931942801,0.0116569276515,0.0116569276515,0.00435070470868,s1_seir_main,0.01
s3_seir_seed18,stage3_final,seir,8,10,0.9,18,0.7,3000000,1,0.1,2.69097635566,2.67931942801,0.0116569276515,0.0116569276515,0.00435070470868,s1_seir_main,0.01
s3_seir_seed15,stage3_final,seir,8,10,0.9,15,0.7,3000000,0.25,0,2.6178780281,2.62928223736,-0.0114042092602,0.0114042092602,0.00433738497075,s1_seir_main,0.01
s3_seir_seed06,stage3_final,seir,8,10,0.9,6,0.7,3000000,0.25,0.005,2.62817882174,2.61732383028,0.0108549914658,0.0108549914658,0.00414736279106,s1_seir_main,0.01
s3_seir_seed08,stage3_final,seir,8,10,0.9,8,0.7,3000000,0.25,0.005,2.62817882174,2.61732383028,0.0108549914658,0.0108549914658,0.00414736279106,s1_seir_main,0.01
s3_seir_seed08,stage3_final,seir,8,10,0.9,8,0.7,3000000,0.25,0,2.61846121994,2.62928223736,-0.0108210174237,0.0108210174237,0.00411557849132,s1_seir_main,0.01
s3_seir_seed09,stage3_final,seir,8,10,0.9,9,0.7,3000000,0.875,0.1,2.68064532268,2.66993917595,0.0107061467233,0.0107061467233,0.00400988412759,s1_seir_main,0.01
s3_seir_seed01,stage3_final,seir,8,10,0.9,1,0.7,3000000,0.875,0.1,2.68059104621,2.66993917595,0.0106518702614,0.0106518702614,0.00398955540161,s1_seir_main,0.01
s3_seir_seed03,stage3_final,seir,8,10,0.9,3,0.7,3000000,0.875,0.1,2.68059104621,2.66993917595,0.0106518702614,0.0106518702614,0.00398955540161,s1_seir_main,0.01
s3_seir_seed06,stage3_final,seir,8,10,0.9,6,0.7,3000000,0.875,0.1,2.68059104621,2.66993917595,0.0106518702614,0.0106518702614,0.00398955540161,s1_seir_main,0.01
s3_seir_seed10,stage3_final,seir,8,10,0.9,10,0.7,3000000,0.875,0.1,2.68059104621,2.66993917595,0.0106518702614,0.0106518702614,0.00398955540161,s1_seir_main,0.01
s3_seir_seed18,stage3_final,seir,8,10,0.9,18,0.7,3000000,0.875,0.1,2.68059104621,2.66993917595,0.0106518702614,0.0106518702614,0.00398955540161,s1_seir_main,0.01
s3_seir_seed16,stage3_final,seir,8,10,0.9,16,0.7,3000000,0.25,0,2.61873391872,2.62928223736,-0.0105483186409,0.0105483186409,0.00401186243568,s1_seir_main,0.01
s3_seir_seed05,stage3_final,seir,8,10,0.9,5,0.7,3000000,0.75,0.1,2.67098058197,2.66094718661,0.0100333953595,0.0100333953595,0.0037706104841,s1_seir_main,0.01
s3_sis_seed12,stage3_final,sis,12,10,0.5,12,0.7,1000000,1,0.02,1.15665064099,1.17660256402,-0.019951923031,0.019951923031,0.016957232324,s1_sis_main,0.01
s3_sis_seed12,stage3_final,sis,12,10,0.5,12,0.7,1000000,0.875,0.02,1.14009597927,1.15552770465,-0.0154317253713,0.0154317253713,0.0133546995968,s1_sis_main,0.01
s3_sis_seed12,stage3_final,sis,12,10,0.5,12,0.7,1000000,0.75,0.02,1.12250976091,1.13403739668,-0.0115276357698,0.0115276357698,0.0101651284195,s1_sis_main,0.01
s3_sis_seed02,stage3_final,sis,12,10,0.5,2,0.7,1000000,1,0.005,1.16554487175,1.17660256402,-0.011057692264,0.011057692264,0.00939798416404,s1_sis_main,0.01
s3_sis_seed05,stage3_final,sis,12,10,0.5,5,0.7,1000000,1,0.01,1.16554487175,1.17660256402,-0.011057692264,0.011057692264,0.00939798416404,s1_sis_main,0.01
s3_sis_seed06,stage3_final,sis,12,10,0.5,6,0.7,1000000,1,0.01,1.16554487175,1.17660256402,-0.011057692264,0.011057692264,0.00939798416404,s1_sis_main,0.01
s3_sis_seed07,stage3_final,sis,12,10,0.5,7,0.7,1000000,1,0,1.16554487175,1.17660256402,-0.011057692264,0.011057692264,0.00939798416404,s1_sis_main,0.01
s3_sis_seed08,stage3_final,sis,12,10,0.5,8,0.7,1000000,1,0,1.16554487175,1.17660256402,-0.011057692264,0.011057692264,0.00939798416404,s1_sis_main,0.01
s3_sis_seed08,stage3_final,sis,12,10,0.5,8,0.7,1000000,1,0.02,1.16554487175,1.17660256402,-0.011057692264,0.011057692264,0.00939798416404,s1_sis_main,0.01
s3_sis_seed17,stage3_final,sis,12,10,0.5,17,0.7,1000000,1,0.005,1.16554487175,1.17660256402,-0.011057692264,0.011057692264,0.00939798416404,s1_sis_main,0.01
s3_sysrisk_seed09,stage3_final,sysrisk,5,2,0.5,9,0.75,5000000,1,0,5.35238095232,4.85333333329,0.499047619037,0.499047619037,0.102825745682,s1_sysrisk_samegrid,0.01
s3_sysrisk_seed05,stage3_final,sysrisk,5,2,0.5,5,0.75,5000000,1,0,5.3447619047,4.85333333329,0.491428571419,0.491428571419,0.101255886969,s1_sysrisk_samegrid,0.01
s3_sysrisk_seed08,stage3_final,sysrisk,5,2,0.5,8,0.75,5000000,1,0,5.32952380947,4.85333333329,0.47619047618,0.47619047618,0.0981161695435,s1_sysrisk_samegrid,0.01
s3_sysrisk_seed10,stage3_final,sysrisk,5,2,0.5,10,0.75,5000000,1,0,5.32571428566,4.85333333329,0.47238095237,0.47238095237,0.0973312401871,s1_sysrisk_samegrid,0.01
s3_sysrisk_seed17,stage3_final,sysrisk,5,2,0.5,17,0.75,5000000,1,0,5.32571428566,4.85333333329,0.47238095237,0.47238095237,0.0973312401871,s1_sysrisk_samegrid,0.01
s3_sysrisk_seed15,stage3_final,sysrisk,5,2,0.5,15,0.75,5000000,1,0,5.31809523804,4.85333333329,0.464761904752,0.464761904752,0.0957613814746,s1_sysrisk_samegrid,0.01
s3_sysrisk_seed07,stage3_final,sysrisk,5,2,0.5,7,0.75,5000000,1,0,5.29523809518,4.85333333329,0.441904761894,0.441904761894,0.0910518053362,s1_sysrisk_samegrid,0.01
s3_sysrisk_seed09,stage3_final,sysrisk,5,2,0.5,9,0.75,5000000,0.875,0,4.95956964281,4.52477366251,0.4347959803,0.4347959803,0.0960923159323,s1_sysrisk_samegrid,0.01
s3_sysrisk_seed05,stage3_final,sysrisk,5,2,0.5,5,0.75,5000000,0.875,0,4.94318805083,4.52477366251,0.418414388328,0.418414388328,0.0924718935215,s1_sysrisk_samegrid,0.01
s3_sysrisk_seed08,stage3_final,sysrisk,5,2,0.5,8,0.75,5000000,0.875,0,4.93791190471,4.52477366251,0.413138242204,0.413138242204,0.0913058360527,s1_sysrisk_samegrid,0.01
s3_sysrisk_seed17,stage3_final,sysrisk,5,2,0.5,17,0.75,5000000,0.875,0,4.92211779443,4.52477366251,0.397344131929,0.397344131929,0.0878152503453,s1_sysrisk_samegrid,0.01
s3_sysrisk_seed10,stage3_final,sysrisk,5,2,0.5,10,0.75,5000000,0.875,0,4.92064137351,4.52477366251,0.395867711001,0.395867711001,0.0874889531561,s1_sysrisk_samegrid,0.01
s3_sysrisk_seed15,stage3_final,sysrisk,5,2,0.5,15,0.75,5000000,0.875,0,4.91841643429,4.52477366251,0.393642771787,0.393642771787,0.0869972292866,s1_sysrisk_samegrid,0.01
s3_sysrisk_seed07,stage3_final,sysrisk,5,2,0.5,7,0.75,5000000,0.875,0,4.91052916661,4.52477366251,0.385755504109,0.385755504109,0.0852540995157,s1_sysrisk_samegrid,0.01
s3_sysrisk_seed09,stage3_final,sysrisk,5,2,0.5,9,0.75,5000000,0.75,0,4.5660404761,4.19400696856,0.372033507543,0.372033507543,0.0887059822103,s1_sysrisk_samegrid,0.01
s3_sysrisk_seed08,stage3_final,sysrisk,5,2,0.5,8,0.75,5000000,0.75,0,4.54598095229,4.19400696856,0.351973983733,0.351973983733,0.0839230803315,s1_sysrisk_samegrid,0.01
s3_sysrisk_seed05,stage3_final,sysrisk,5,2,0.5,5,0.75,5000000,0.75,0,4.54201401027,4.19400696856,0.348007041718,0.348007041718,0.0829772206693,s1_sysrisk_samegrid,0.01
s3_sysrisk_seed07,stage3_final,sysrisk,5,2,0.5,7,0.75,5000000,0.75,0,4.52478333324,4.19400696856,0.330776364686,0.330776364686,0.0788688161859,s1_sysrisk_samegrid,0.01
s3_sysrisk_seed17,stage3_final,sysrisk,5,2,0.5,17,0.75,5000000,0.75,0,4.52047619038,4.19400696856,0.326469221828,0.326469221828,0.0778418405778,s1_sysrisk_samegrid,0.01
s3_sysrisk_seed15,stage3_final,sysrisk,5,2,0.5,15,0.75,5000000,0.75,0,4.51932750234,4.19400696856,0.325320533782,0.325320533782,0.0775679526097,s1_sysrisk_samegrid,0.01
s3_sysrisk_seed10,stage3_final,sysrisk,5,2,0.5,10,0.75,5000000,0.75,0,4.51877932122,4.19400696856,0.32477235266,0.32477235266,0.0774372467892,s1_sysrisk_samegrid,0.01
s3_sysrisk_seed09,stage3_final,sysrisk,5,2,0.5,9,0.75,5000000,0.625,0,4.1717934523,3.86111302345,0.310680428855,0.310680428855,0.0804639561101,s1_sysrisk_samegrid,0.01
s3_sysrisk_seed08,stage3_final,sysrisk,5,2,0.5,8,0.75,5000000,0.625,0,4.1537309523,3.86111302345,0.292617928855,0.292617928855,0.0757859008731,s1_sysrisk_samegrid,0.01
s3_sysrisk_seed19,stage3_final,sysrisk,5,2,0.5,19,0.75,5000000,1,0,5.139047619,4.85333333329,0.28571428571,0.28571428571,0.0588697017265,s1_sysrisk_samegrid,0.01
s3_sysrisk_seed05,stage3_final,sysrisk,5,2,0.5,5,0.75,5000000,0.625,0,4.14191716071,3.86111302345,0.280804137263,0.280804137263,0.0727262153576,s1_sysrisk_samegrid,0.01
s3_sysrisk_seed07,stage3_final,sysrisk,5,2,0.5,7,0.75,5000000,0.625,0,4.13800059516,3.86111302345,0.276887571712,0.276887571712,0.0717118535589,s1_sysrisk_samegrid,0.01
s3_sysrisk_seed04,stage3_final,sysrisk,5,2,0.5,4,0.75,5000000,1,0,5.12952380947,4.85333333329,0.276190476187,0.276190476187,0.0569073783357,s1_sysrisk_samegrid,0.01
s3_sysrisk_seed15,stage3_final,sysrisk,5,2,0.5,15,0.75,5000000,0.625,0,4.12153935959,3.86111302345,0.260426336143,0.260426336143,0.0674485140843,s1_sysrisk_samegrid,0.01
s3_sysrisk_seed17,stage3_final,sysrisk,5,2,0.5,17,0.75,5000000,0.625,0,4.1211344537,3.86111302345,0.260021430255,0.260021430255,0.0673436464243,s1_sysrisk_samegrid,0.01
s3_sysrisk_seed10,stage3_final,sysrisk,5,2,0.5,10,0.75,5000000,0.625,0,4.12042734415,3.86111302345,0.259314320703,0.259314320703,0.0671605102281,s1_sysrisk_samegrid,0.01
s3_sysrisk_seed02,stage3_final,sysrisk,5,2,0.5,2,0.75,5000000,1,0.05,4.76190476186,4.50285714281,0.259047619043,0.259047619043,0.0575296108286,s1_sysrisk_samegrid,0.01
s3_sysrisk_seed11,stage3_final,sysrisk,5,2,0.5,11,0.75,5000000,0.875,0,4.77965864093,4.52477366251,0.254884978427,0.254884978427,0.0563309896668,s1_sysrisk_samegrid,0.01
s3_sysrisk_seed09,stage3_final,sysrisk,5,2,0.5,9,0.75,5000000,0.5,0,3.77682857136,3.52616780039,0.250660770973,0.250660770973,0.0710858884667,s1_sysrisk_samegrid,0.01
s3_sysrisk_seed11,stage3_final,sysrisk,5,2,0.5,11,0.75,5000000,1,0,5.10285714281,4.85333333329,0.24952380952,0.24952380952,0.0514128728411,s1_sysrisk_samegrid,0.01
s3_sysrisk_seed19,stage3_final,sysrisk,5,2,0.5,19,0.75,5000000,0.875,0,4.76911904757,4.52477366251,0.244345385065,0.244345385065,0.0540016812531,s1_sysrisk_samegrid,0.01
s3_sysrisk_seed11,stage3_final,sysrisk,5,2,0.5,11,0.75,5000000,0.75,0,4.43817687066,4.19400696856,0.244169902101,0.244169902101,0.0582187640438,s1_sysrisk_samegrid,0.01
s3_sysrisk_seed04,stage3_final,sysrisk,5,2,0.5,4,0.75,5000000,0.875,0,4.76588359784,4.52477366251,0.24110993533,0.24110993533,0.0532866289706,s1_sysrisk_samegrid,0.01
s3_sysrisk_seed08,stage3_final,sysrisk,5,2,0.5,8,0.75,5000000,0.5,0,3.76116190469,3.52616780039,0.234994104307,0.234994104307,0.0666429159386,s1_sysrisk_samegrid,0.01
s3_sysrisk_seed07,stage3_final,sysrisk,5,2,0.5,7,0.75,5000000,0.5,0,3.75018095231,3.52616780039,0.224013151926,0.224013151926,0.0635287838262,s1_sysrisk_samegrid,0.01
s3_sysrisk_seed11,stage3_final,sysrisk,5,2,0.5,11,0.75,5000000,0.625,0,4.08302536708,3.86111302345,0.22191234363,0.22191234363,0.0574736720429,s1_sysrisk_samegrid,0.01
s3_sysrisk_seed16,stage3_final,sysrisk,5,2,0.5,16,0.75,5000000,1,0.1,4.51047619043,4.28952380948,0.220952380951,0.220952380951,0.0515097690943,s1_sysrisk_samegrid,0.01
s3_sysrisk_seed16,stage3_final,sysrisk,5,2,0.5,16,0.75,5000000,0.875,0.1,4.22703114891,4.00869088517,0.218340263737,0.218340263737,0.0544667249213,s1_sysrisk_samegrid,0.01
s3_sysrisk_seed05,stage3_final,sysrisk,5,2,0.5,5,0.75,5000000,0.5,0,3.74354412965,3.52616780039,0.217376329266,0.217376329266,0.0616466207994,s1_sysrisk_samegrid,0.01
s3_sysrisk_seed02,stage3_final,sysrisk,5,2,0.5,2,0.75,5000000,0.875,0.05,4.43497854199,4.21998883006,0.214989711932,0.214989711932,0.0509455642158,s1_sysrisk_samegrid,0.01
s3_sysrisk_seed09,stage3_final,sysrisk,5,2,0.5,9,0.75,5000000,1,0.1,4.50285714281,4.28952380948,0.213333333332,0.213333333332,0.04973357016,s1_sysrisk_samegrid,0.01
s3_sysrisk_seed09,stage3_final,sysrisk,5,2,0.5,9,0.75,5000000,0.875,0.1,4.21998883006,4.00869088517,0.211297944881,0.211297944881,0.052709962163,s1_sysrisk_samegrid,0.01
s3_sysrisk_seed04,stage3_final,sysrisk,5,2,0.5,4,0.75,5000000,0.75,0,4.40071544707,4.19400696856,0.206708478511,0.206708478511,0.0492866321064,s1_sysrisk_samegrid,0.01
s3_sysrisk_seed16,stage3_final,sysrisk,5,2,0.5,16,0.75,5000000,0.75,0.1,3.94087449179,3.73539486509,0.205479626692,0.205479626692,0.0550088100758,s1_sysrisk_samegrid,0.01
s3_sysrisk_seed19,stage3_final,sysrisk,5,2,0.5,19,0.75,5000000,0.75,0,4.3991904761,4.19400696856,0.205183507547,0.205183507547,0.0489230249461,s1_sysrisk_samegrid,0.01
s3_sysrisk_seed10,stage3_final,sysrisk,5,2,0.5,10,0.75,5000000,0.5,0,3.72582806002,3.52616780039,0.199660259628,0.199660259628,0.0566224499032,s1_sysrisk_samegrid,0.01
s3_sysrisk_seed15,stage3_final,sysrisk,5,2,0.5,15,0.75,5000000,0.5,0,3.72574055823,3.52616780039,0.199572757837,0.199572757837,0.0565976349211,s1_sysrisk_samegrid,0.01
s3_sysrisk_seed09,stage3_final,sysrisk,5,2,0.5,9,0.75,5000000,0.75,0.1,3.9344041811,3.73539486509,0.199009316007,0.199009316007,0.0532766476354,s1_sysrisk_samegrid,0.01
s3_sysrisk_seed02,stage3_final,sysrisk,5,2,0.5,2,0.75,5000000,0.875,0.1,4.20754056433,4.00869088517,0.198849679155,0.198849679155,0.0496046427252,s1_sysrisk_samegrid,0.01
s3_sysrisk_seed17,stage3_final,sysrisk,5,2,0.5,17,0.75,5000000,0.5,0,3.72452380946,3.52616780039,0.198356009068,0.198356009068,0.0562525722816,s1_sysrisk_samegrid,0.01
s3_sysrisk_seed02,stage3_final,sysrisk,5,2,0.5,2,0.75,5000000,1,0.1,4.48761904757,4.28952380948,0.198095238094,0.198095238094,0.0461811722914,s1_sysrisk_samegrid,0.01
s3_sysrisk_seed05,stage3_final,sysrisk,5,2,0.5,5,0.75,5000000,1,0.1,4.48761904757,4.28952380948,0.198095238094,0.198095238094,0.0461811722914,s1_sysrisk_samegrid,0.01
s3_sysrisk_seed16,stage3_final,sysrisk,5,2,0.5,16,0.75,5000000,1,0,5.05142857138,4.85333333329,0.198095238092,0.198095238092,0.0408163265304,s1_sysrisk_samegrid,0.01
s3_sysrisk_seed09,stage3_final,sysrisk,5,2,0.5,9,0.75,5000000,0.375,0,3.38114583328,3.18924369743,0.191902135853,0.191902135853,0.0601716751869,s1_sysrisk_samegrid,0.01
s3_sysrisk_seed15,stage3_final,sysrisk,5,2,0.5,15,0.75,5000000,0.875,0.1,4.20027454434,4.00869088517,0.191583659166,0.191583659166,0.0477920759306,s1_sysrisk_samegrid,0.01
s3_sysrisk_seed11,stage3_final,sysrisk,5,2,0.5,11,0.75,5000000,0.5,0,3.71738587842,3.52616780039,0.191218078034,0.191218078034,0.054228297931,s1_sysrisk_samegrid,0.01
s3_sysrisk_seed13,stage3_final,sysrisk,5,2,0.5,13,0.75,5000000,1,0.1,4.47999999996,4.28952380948,0.190476190475,0.190476190475,0.0444049733571,s1_sysrisk_samegrid,0.01
s3_sysrisk_seed15,stage3_final,sysrisk,5,2,0.5,15,0.75,5000000,1,0.1,4.47999999996,4.28952380948,0.190476190475,0.190476190475,0.0444049733571,s1_sysrisk_samegrid,0.01
s3_sysrisk_seed04,stage3_final,sysrisk,5,2,0.5,4,0.75,5000000,0.875,0.1,4.19821599649,4.00869088517,0.18952511132,0.18952511132,0.0472785547073,s1_sysrisk_samegrid,0.01
s3_sysrisk_seed02,stage3_final,sysrisk,5,2,0.5,2,0.75,5000000,0.75,0.1,3.92466085938,3.73539486509,0.189265994288,0.189265994288,0.0506682696538,s1_sysrisk_samegrid,0.01
s3_sysrisk_seed13,stage3_final,sysrisk,5,2,0.5,13,0.75,5000000,0.875,0.1,4.19351550167,4.00869088517,0.184824616498,0.184824616498,0.0461059786829,s1_sysrisk_samegrid,0.01
s3_sysrisk_seed04,stage3_final,sysrisk,5,2,0.5,4,0.75,5000000,0.75,0.1,3.91975924996,3.73539486509,0.184364384864,0.184364384864,0.0493560631532,s1_sysrisk_samegrid,0.01
s3_sysrisk_seed16,stage3_final,sysrisk,5,2,0.5,16,0.75,5000000,0.625,0.1,3.65209212736,3.46825083529,0.183841292071,0.183841292071,0.0530069192804,s1_sysrisk_samegrid,0.01
s3_sysrisk_seed04,stage3_final,sysrisk,5,2,0.5,4,0.75,5000000,1,0.1,4.47238095234,4.28952380948,0.182857142856,0.182857142856,0.0426287744229,s1_sysrisk_samegrid,0.01
s3_sysrisk_seed15,stage3_final,sysrisk,5,2,0.5,15,0.75,5000000,0.75,0.1,3.91783275253,3.73539486509,0.182437887435,0.182437887435,0.0488403218466,s1_sysrisk_samegrid,0.01
s3_sysrisk_seed08,stage3_final,sysrisk,5,2,0.5,8,0.75,5000000,0.375,0,3.36827380947,3.18924369743,0.179030112044,0.179030112044,0.0561356011108,s1_sysrisk_samegrid,0.01
s3_sysrisk_seed09,stage3_final,sysrisk,5,2,0.5,9,0.75,5000000,0.625,0.1,3.64620137686,3.46825083529,0.177950541569,0.177950541569,0.0513084404847,s1_sysrisk_samegrid,0.01
s3_sysrisk_seed02,stage3_final,sysrisk,5,2,0.5,2,0.75,5000000,0.75,0.05,4.10898606263,3.9344041811,0.174581881531,0.174581881531,0.0443731435548,s1_sysrisk_samegrid,0.01
s3_sysrisk_seed04,stage3_final,sysrisk,5,2,0.5,4,0.75,5000000,0.625,0,4.03407458397,3.86111302345,0.172961560527,0.172961560527,0.0447957776621,s1_sysrisk_samegrid,0.01
s3_sysrisk_seed11,stage3_final,sysrisk,5,2,0.5,11,0.75,5000000,0.875,0.1,4.18106437385,4.00869088517,0.172373488679,0.172373488679,0.0429999452729,s1_sysrisk_samegrid,0.01
s3_sysrisk_seed17,stage3_final,sysrisk,5,2,0.5,17,0.75,5000000,0.875,0.1,4.18106437385,4.00869088517,0.172373488679,0.172373488679,0.0429999452729,s1_sysrisk_samegrid,0.01
s3_sysrisk_seed07,stage3_final,sysrisk,5,2,0.5,7,0.75,5000000,0.375,0,3.36132440471,3.18924369743,0.172080707282,0.172080707282,0.0539565877079,s1_sysrisk_samegrid,0.01
s3_sysrisk_seed05,stage3_final,sysrisk,5,2,0.5,5,0.75,5000000,0.875,0.1,4.18046969452,4.00869088517,0.171778809341,0.171778809341,0.0428515977564,s1_sysrisk_samegrid,0.01
s3_sysrisk_seed02,stage3_final,sysrisk,5,2,0.5,2,0.75,5000000,0.625,0.1,3.6390811818,3.46825083529,0.170830346503,0.170830346503,0.0492554762084,s1_sysrisk_samegrid,0.01
s3_sysrisk_seed13,stage3_final,sysrisk,5,2,0.5,13,0.75,5000000,0.75,0.1,3.90586720859,3.73539486509,0.170472343494,0.170472343494,0.0456370342764,s1_sysrisk_samegrid,0.01
s3_sysrisk_seed16,stage3_final,sysrisk,5,2,0.5,16,0.75,5000000,0.875,0,4.69478652671,4.52477366251,0.170012864209,0.170012864209,0.0375737831084,s1_sysrisk_samegrid,0.01
s3_sysrisk_seed01,stage3_final,sysrisk,5,2,0.5,1,0.75,5000000,0.875,0.1,4.17835024797,4.00869088517,0.169659362797,0.169659362797,0.042322884866,s1_sysrisk_samegrid,0.01
s3_sysrisk_seed06,stage3_final,sysrisk,5,2,0.5,6,0.75,5000000,1,0,5.02285714281,4.85333333329,0.169523809521,0.169523809521,0.0349293563578,s1_sysrisk_samegrid,0.01
s3_sysrisk_seed04,stage3_final,sysrisk,5,2,0.5,4,0.75,5000000,0.625,0.1,3.63745138356,3.46825083529,0.169200548271,0.169200548271,0.048785556843,s1_sysrisk_samegrid,0.01
s3_sysrisk_seed19,stage3_final,sysrisk,5,2,0.5,19,0.75,5000000,0.625,0,4.02926190468,3.86111302345,0.168148881238,0.168148881238,0.0435493289673,s1_sysrisk_samegrid,0.01
s3_sysrisk_seed07,stage3_final,sysrisk,5,2,0.5,7,0.75,5000000,1,0.1,4.4571428571,4.28952380948,0.167619047617,0.167619047617,0.0390763765542,s1_sysrisk_samegrid,0.01
s3_sysrisk_seed11,stage3_final,sysrisk,5,2,0.5,11,0.75,5000000,1,0.1,4.4571428571,4.28952380948,0.167619047617,0.167619047617,0.0390763765542,s1_sysrisk_samegrid,0.01
s3_sysrisk_seed17,stage3_final,sysrisk,5,2,0.5,17,0.75,5000000,1,0.1,4.4571428571,4.28952380948,0.167619047617,0.167619047617,0.0390763765542,s1_sysrisk_samegrid,0.01
s3_sysrisk_seed11,stage3_final,sysrisk,5,2,0.5,11,0.75,5000000,0.75,0.1,3.90218466891,3.73539486509,0.166789803812,0.166789803812,0.0446511841011,s1_sysrisk_samegrid,0.01
s3_sysrisk_seed17,stage3_final,sysrisk,5,2,0.5,17,0.75,5000000,0.75,0.1,3.90218466891,3.73539486509,0.166789803812,0.166789803812,0.0446511841011,s1_sysrisk_samegrid,0.01
s3_sysrisk_seed01,stage3_final,sysrisk,5,2,0.5,1,0.75,5000000,0.75,0.1,3.90038686112,3.73539486509,0.16499199603,0.16499199603,0.0441698942117,s1_sysrisk_samegrid,0.01
s3_sysrisk_seed15,stage3_final,sysrisk,5,2,0.5,15,0.75,5000000,0.625,0.1,3.63277280543,3.46825083529,0.16452197014,0.16452197014,0.0474365834402,s1_sysrisk_samegrid,0.01
s3_sysrisk_seed01,stage3_final,sysrisk,5,2,0.5,1,0.75,5000000,1,0.1,4.45333333329,4.28952380948,0.163809523808,0.163809523808,0.0381882770871,s1_sysrisk_samegrid,0.01
s3_sysrisk_seed00,stage3_final,sysrisk,5,2,0.5,0,0.75,5000000,1,0,5.01714285709,4.85333333329,0.163809523807,0.163809523807,0.0337519623232,s1_sysrisk_samegrid,0.01
s3_sysrisk_seed18,stage3_final,sysrisk,5,2,0.5,18,0.75,5000000,1,0,5.01333333328,4.85333333329,0.159999999998,0.159999999998,0.0329670329669,s1_sysrisk_samegrid,0.01
s3_sysrisk_seed05,stage3_final,sysrisk,5,2,0.5,5,0.75,5000000,0.375,0,3.3475773809,3.18924369743,0.158333683473,0.158333683473,0.0496461539143,s1_sysrisk_samegrid,0.01
s3_sysrisk_seed00,stage3_final,sysrisk,5,2,0.5,0,0.75,5000000,0.875,0,4.68113297527,4.52477366251,0.156359312761,0.156359312761,0.0345562727384,s1_sysrisk_samegrid,0.01
s3_sysrisk_seed16,stage3_final,sysrisk,5,2,0.5,16,0.75,5000000,0.5,0.1,3.36076587295,3.20622550072,0.154540372227,0.154540372227,0.0482000945325,s1_sysrisk_samegrid,0.01
s3_sysrisk_seed11,stage3_final,sysrisk,5,2,0.5,11,0.75,5000000,0.375,0,3.34352380947,3.18924369743,0.154280112044,0.154280112044,0.0483751405289,s1_sysrisk_samegrid,0.01
s3_sysrisk_seed19,stage3_final,sysrisk,5,2,0.5,19,0.75,5000000,1,0.1,4.44190476186,4.28952380948,0.152380952379,0.152380952379,0.0355239786856,s1_sysrisk_samegrid,0.01
s3_sysrisk_seed11,stage3_final,sysrisk,5,2,0.5,11,0.75,5000000,1,0.2,3.82476190473,3.67238095235,0.152380952378,0.152380952378,0.0414937759332,s1_sysrisk_samegrid,0.01
s3_sysrisk_seed11,stage3_final,sysrisk,5,2,0.5,11,0.75,5000000,0.625,0.1,3.62060499132,3.46825083529,0.152354156026,0.152354156026,0.0439282402749,s1_sysrisk_samegrid,0.01
s3_sysrisk_seed17,stage3_final,sysrisk,5,2,0.5,17,0.75,5000000,0.625,0.1,3.62060499132,3.46825083529,0.152354156026,0.152354156026,0.0439282402749,s1_sysrisk_samegrid,0.01
s3_sysrisk_seed03,stage3_final,sysrisk,5,2,0.5,3,0.75,5000000,0.875,0.1,4.16098044528,4.00869088517,0.152289560107,0.152289560107,0.0379898486736,s1_sysrisk_samegrid,0.01
s3_sysrisk_seed01,stage3_final,sysrisk,5,2,0.5,1,0.75,5000000,0.625,0.1,3.61952601291,3.46825083529,0.151275177613,0.151275177613,0.0436171386664,s1_sysrisk_samegrid,0.01
s3_sysrisk_seed03,stage3_final,sysrisk,5,2,0.5,3,0.75,5000000,0.75,0.1,3.88499181176,3.73539486509,0.149596946669,0.149596946669,0.0400484960952,s1_sysrisk_samegrid,0.01
s3_sysrisk_seed19,stage3_final,sysrisk,5,2,0.5,19,0.75,5000000,0.875,0.1,4.15804583068,4.00869088517,0.149354945503,0.149354945503,0.0372577855918,s1_sysrisk_samegrid,0.01
s3_sysrisk_seed09,stage3_final,sysrisk,5,2,0.5,9,0.75,5000000,0.5,0.1,3.35547392284,3.20622550072,0.149248422114,0.149248422114,0.0465495711641,s1_sysrisk_samegrid,0.01
s3_sysrisk_seed13,stage3_final,sysrisk,5,2,0.5,13,0.75,5000000,0.625,0.1,3.61744532745,3.46825083529,0.149194492161,0.149194492161,0.043017215088,s1_sysrisk_samegrid,0.01
s3_sysrisk_seed06,stage3_final,sysrisk,5,2,0.5,6,0.75,5000000,0.875,0,4.67313815398,4.52477366251,0.148364491474,0.148364491474,0.0327893730252,s1_sysrisk_samegrid,0.01
s3_sysrisk_seed05,stage3_final,sysrisk,5,2,0.5,5,0.75,5000000,0.75,0.1,3.88181305688,3.73539486509,0.146418191787,0.146418191787,0.0391975138037,s1_sysrisk_samegrid,0.01
s3_sysrisk_seed07,stage3_final,sysrisk,5,2,0.5,7,0.75,5000000,0.875,0.1,4.15476616692,4.00869088517,0.146075281742,0.146075281742,0.036439647238,s1_sysrisk_samegrid,0.01
s3_sysrisk_seed10,stage3_final,sysrisk,5,2,0.5,10,0.75,5000000,0.375,0,3.33512306041,3.18924369743,0.14587936298,0.14587936298,0.0457410523686,s1_sysrisk_samegrid,0.01
s3_sysrisk_seed04,stage3_final,sysrisk,5,2,0.5,4,0.75,5000000,0.5,0.1,3.35162452101,3.20622550072,0.145399020284,0.145399020284,0.0453489688269,s1_sysrisk_samegrid,0.01
s3_sysrisk_seed03,stage3_final,sysrisk,5,2,0.5,3,0.75,5000000,1,0.1,4.43428571424,4.28952380948,0.14476190476,0.14476190476,0.0337477797513,s1_sysrisk_samegrid,0.01
s3_sysrisk_seed02,stage3_final,sysrisk,5,2,0.5,2,0.75,5000000,0.5,0.1,3.35089795912,3.20622550072,0.144672458395,0.144672458395,0.0451223590987,s1_sysrisk_samegrid,0.01
s3_sysrisk_seed16,stage3_final,sysrisk,5,2,0.5,16,0.75,5000000,0.75,0,4.3377770271,4.19400696856,0.143770058545,0.143770058545,0.0342798807018,s1_sysrisk_samegrid,0.01
s3_sysrisk_seed00,stage3_final,sysrisk,5,2,0.5,0,0.75,5000000,0.75,0,4.33759700387,4.19400696856,0.143590035314,0.143590035314,0.0342369567792,s1_sysrisk_samegrid,0.01
s3_sysrisk_seed15,stage3_final,sysrisk,5,2,0.5,15,0.75,5000000,0.375,0,3.33266666661,3.18924369743,0.143422969187,0.143422969187,0.0449708403602,s1_sysrisk_samegrid,0.01
s3_sysrisk_seed17,stage3_final,sysrisk,5,2,0.5,17,0.75,5000000,0.375,0,3.33119047614,3.18924369743,0.141946778711,0.141946778711,0.0445079749864,s1_sysrisk_samegrid,0.01
s3_sysrisk_seed04,stage3_final,sysrisk,5,2,0.5,4,0.75,5000000,0.5,0,3.66601360538,3.52616780039,0.139845804988,0.139845804988,0.0396594299831,s1_sysrisk_samegrid,0.01
s3_sysrisk_seed18,stage3_final,sysrisk,5,2,0.5,18,0.75,5000000,0.875,0,4.66389182829,4.52477366251,0.139118165784,0.139118165784,0.0307458839182,s1_sysrisk_samegrid,0.01
s3_sysrisk_seed15,stage3_final,sysrisk,5,2,0.5,15,0.75,5000000,0.5,0.1,3.34518820855,3.20622550072,0.138962707828,0.138962707828,0.043341526601,s1_sysrisk_samegrid,0.01
s3_sysrisk_seed19,stage3_final,sysrisk,5,2,0.5,19,0.75,5000000,0.75,0.1,3.87366543255,3.73539486509,0.138270567459,0.138270567459,0.0370163188772,s1_sysrisk_samegrid,0.01
s3_sysrisk_seed03,stage3_final,sysrisk,5,2,0.5,3,0.75,5000000,0.625,0.1,3.60642106275,3.46825083529,0.138170227455,0.138170227455,0.0398385912717,s1_sysrisk_samegrid,0.01
s3_sysrisk_seed02,stage3_final,sysrisk,5,2,0.5,2,0.75,5000000,0.625,0.05,3.78389357422,3.64620137686,0.13769219736,0.13769219736,0.0377631905449,s1_sysrisk_samegrid,0.01
s3_sysrisk_seed03,stage3_final,sysrisk,5,2,0.5,3,0.75,5000000,1,0.2,3.80952380949,3.67238095235,0.13714285714,0.13714285714,0.0373443983398,s1_sysrisk_samegrid,0.01
s3_sysrisk_seed14,stage3_final,sysrisk,5,2,0.5,14,0.75,5000000,1,0,4.98857142852,4.85333333329,0.135238095237,0.135238095237,0.0278649921507,s1_sysrisk_samegrid,0.01
s3_sysrisk_seed09,stage3_final,sysrisk,5,2,0.5,9,0.75,5000000,0.25,0,2.98474523801,2.85040974521,0.134335492801,0.134335492801,0.0471284849579,s1_sysrisk_samegrid,0.01
s3_sysrisk_seed19,stage3_final,sysrisk,5,2,0.5,19,0.75,5000000,0.5,0,3.65933333327,3.52616780039,0.133165532879,0.133165532879,0.0377649449537,s1_sysrisk_samegrid,0.01
s3_sysrisk_seed11,stage3_final,sysrisk,5,2,0.5,11,0.75,5000000,0.5,0.1,3.33642176864,3.20622550072,0.130196267919,0.130196267919,0.0406073334173,s1_sysrisk_samegrid,0.01
s3_sysrisk_seed17,stage3_final,sysrisk,5,2,0.5,17,0.75,5000000,0.5,0.1,3.33642176864,3.20622550072,0.130196267919,0.130196267919,0.0406073334173,s1_sysrisk_samegrid,0.01
s3_sysrisk_seed01,stage3_final,sysrisk,5,2,0.5,1,0.75,5000000,0.5,0.1,3.33584659857,3.20622550072,0.129621097851,0.129621097851,0.0404279417719,s1_sysrisk_samegrid,0.01
s3_sysrisk_seed06,stage3_final,sysrisk,5,2,0.5,6,0.75,5000000,0.75,0,4.321551684,4.19400696856,0.127544715446,0.127544715446,0.030411183482,s1_sysrisk_samegrid,0.01
s3_sysrisk_seed00,stage3_final,sysrisk,5,2,0.5,0,0.75,5000000,0.625,0,3.98816671217,3.86111302345,0.127053688719,0.127053688719,0.0329059750251,s1_sysrisk_samegrid,0.01
s3_sysrisk_seed13,stage3_final,sysrisk,5,2,0.5,13,0.75,5000000,1,0,4.979047619,4.85333333329,0.125714285713,0.125714285713,0.0259026687597,s1_sysrisk_samegrid,0.01
s3_sysrisk_seed07,stage3_final,sysrisk,5,2,0.5,7,0.75,5000000,0.75,0.1,3.86054318438,3.73539486509,0.125148319281,0.125148319281,0.0335033708084,s1_sysrisk_samegrid,0.01
s3_sysrisk_seed08,stage3_final,sysrisk,5,2,0.5,8,0.75,5000000,0.25,0,2.97506666658,2.85040974521,0.124656921372,0.124656921372,0.0437329831551,s1_sysrisk_samegrid,0.01
s3_sysrisk_seed13,stage3_final,sysrisk,5,2,0.5,13,0.75,5000000,0.5,0.1,3.32870748293,3.20622550072,0.122481982205,0.122481982205,0.038201299995,s1_sysrisk_samegrid,0.01
s3_sysrisk_seed06,stage3_final,sysrisk,5,2,0.5,6,0.75,5000000,1,0.05,4.62476190472,4.50285714281,0.121904761904,0.121904761904,0.0270727580373,s1_sysrisk_samegrid,0.01
s3_sysrisk_seed09,stage3_final,sysrisk,5,2,0.5,9,0.75,5000000,1,0.05,4.62476190472,4.50285714281,0.121904761904,0.121904761904,0.0270727580373,s1_sysrisk_samegrid,0.01
s3_sysrisk_seed11,stage3_final,sysrisk,5,2,0.5,11,0.75,5000000,1,0.05,4.62476190472,4.50285714281,0.121904761904,0.121904761904,0.0270727580373,s1_sysrisk_samegrid,0.01
s3_sysrisk_seed13,stage3_final,sysrisk,5,2,0.5,13,0.75,5000000,1,0.05,4.62476190472,4.50285714281,0.121904761904,0.121904761904,0.0270727580373,s1_sysrisk_samegrid,0.01
s3_sysrisk_seed16,stage3_final,sysrisk,5,2,0.5,16,0.75,5000000,1,0.05,4.62476190472,4.50285714281,0.121904761904,0.121904761904,0.0270727580373,s1_sysrisk_samegrid,0.01
s3_sysrisk_seed05,stage3_final,sysrisk,5,2,0.5,5,0.75,5000000,0.625,0.1,3.58993675525,3.46825083529,0.121685919962,0.121685919962,0.0350856745203,s1_sysrisk_samegrid,0.01
s3_sysrisk_seed07,stage3_final,sysrisk,5,2,0.5,7,0.75,5000000,0.25,0,2.9714309523,2.85040974521,0.121021207087,0.121021207087,0.0424574773118,s1_sysrisk_samegrid,0.01
s3_sysrisk_seed19,stage3_final,sysrisk,5,2,0.5,19,0.75,5000000,0.625,0.1,3.58921792467,3.46825083529,0.120967089377,0.120967089377,0.0348784142561,s1_sysrisk_samegrid,0.01
s3_sysrisk_seed09,stage3_final,sysrisk,5,2,0.5,9,0.75,5000000,0.75,0.3,3.27511855877,3.1541974164,0.120921142363,0.120921142363,0.038336580245,s1_sysrisk_samegrid,0.01
s3_sysrisk_seed09,stage3_final,sysrisk,5,2,0.5,9,0.75,5000000,0.875,0.3,3.45931702994,3.3391186418,0.120198388138,0.120198388138,0.035997040247,s1_sysrisk_samegrid,0.01
s3_sysrisk_seed13,stage3_final,sysrisk,5,2,0.5,13,0.75,5000000,0.875,0,4.64445193999,4.52477366251,0.119678277483,0.119678277483,0.0264495611072,s1_sysrisk_samegrid,0.01
s3_sysrisk_seed03,stage3_final,sysrisk,5,2,0.5,3,0.75,5000000,0.5,0.1,3.32536462579,3.20622550072,0.119139125062,0.119139125062,0.037158685512,s1_sysrisk_samegrid,0.01
s3_sysrisk_seed14,stage3_final,sysrisk,5,2,0.5,14,0.75,5000000,0.875,0,4.64390828919,4.52477366251,0.119134626689,0.119134626689,0.0263294112756,s1_sysrisk_samegrid,0.01
s3_sysrisk_seed16,stage3_final,sysrisk,5,2,0.5,16,0.75,5000000,0.625,0,3.98010741222,3.86111302345,0.118994388769,0.118994388769,0.0308186753526,s1_sysrisk_samegrid,0.01
s3_sysrisk_seed18,stage3_final,sysrisk,5,2,0.5,18,0.75,5000000,0.75,0,4.31275261315,4.19400696856,0.118745644598,0.118745644598,0.0283131729366,s1_sysrisk_samegrid,0.01
s3_sysrisk_seed16,stage3_final,sysrisk,5,2,0.5,16,0.75,5000000,0.375,0.1,3.06697369567,2.9485106026,0.118463093077,0.118463093077,0.040177265421,s1_sysrisk_samegrid,0.01
s3_sysrisk_seed11,stage3_final,sysrisk,5,2,0.5,11,0.75,5000000,0.875,0.2,3.58730330323,3.47154410776,0.115759195467,0.115759195467,0.0333451605032,s1_sysrisk_samegrid,0.01
s3_sysrisk_seed04,stage3_final,sysrisk,5,2,0.5,4,0.75,5000000,0.375,0.1,3.06253977586,2.9485106026,0.114029173259,0.114029173259,0.0386734825232,s1_sysrisk_samegrid,0.01
s3_sysrisk_seed09,stage3_final,sysrisk,5,2,0.5,9,0.75,5000000,0.375,0.1,3.06231092432,2.9485106026,0.113800321719,0.113800321719,0.038595866543,s1_sysrisk_samegrid,0.01
s3_sysrisk_seed11,stage3_final,sysrisk,5,2,0.5,11,0.75,5000000,0.25,0,2.96309594874,2.85040974521,0.112686203533,0.112686203533,0.0395333350661,s1_sysrisk_samegrid,0.01
s3_sysrisk_seed01,stage3_final,sysrisk,5,2,0.5,1,0.75,5000000,0.625,0,3.97317400971,3.86111302345,0.112060986265,0.112060986265,0.0290229748739,s1_sysrisk_samegrid,0.01
s3_sysrisk_seed02,stage3_final,sysrisk,5,2,0.5,2,0.75,5000000,0.375,0.1,3.06020308118,2.9485106026,0.111692478581,0.111692478581,0.0378809825147,s1_sysrisk_samegrid,0.01
s3_sysrisk_seed13,stage3_final,sysrisk,5,2,0.5,13,0.75,5000000,0.75,0,4.30525087099,4.19400696856,0.111243902438,0.111243902438,0.0265244915594,s1_sysrisk_samegrid,0.01
s3_sysrisk_seed17,stage3_final,sysrisk,5,2,0.5,17,0.75,5000000,1,0.05,4.61142857138,4.50285714281,0.108571428571,0.108571428571,0.024111675127,s1_sysrisk_samegrid,0.01
s3_sysrisk_seed00,stage3_final,sysrisk,5,2,0.5,0,0.75,5000000,0.5,0,3.63397920081,3.52616780039,0.107811400421,0.107811400421,0.0305746653377,s1_sysrisk_samegrid,0.01
s3_sysrisk_seed01,stage3_final,sysrisk,5,2,0.5,1,0.75,5000000,0.5,0,3.63387848926,3.52616780039,0.107710688871,0.107710688871,0.0305461041473,s1_sysrisk_samegrid,0.01
s3_sysrisk_seed09,stage3_final,sysrisk,5,2,0.5,9,0.75,5000000,0.625,0.3,3.0985266673,2.99117365583,0.107353011464,0.107353011464,0.0358899294445,s1_sysrisk_samegrid,0.01
s3_sysrisk_seed04,stage3_final,sysrisk,5,2,0.5,4,0.75,5000000,0.375,0,3.296582633,3.18924369743,0.107338935574,0.107338935574,0.0336565486233,s1_sysrisk_samegrid,0.01
s3_sysrisk_seed06,stage3_final,sysrisk,5,2,0.5,6,0.75,5000000,0.625,0,3.96816523228,3.86111302345,0.107052208835,0.107052208835,0.0277257381963,s1_sysrisk_samegrid,0.01
s3_sysrisk_seed09,stage3_final,sysrisk,5,2,0.5,9,0.75,5000000,0.875,0.05,4.32701675481,4.21998883006,0.10702792475,0.10702792475,0.0253621346074,s1_sysrisk_samegrid,0.01
s3_sysrisk_seed11,stage3_final,sysrisk,5,2,0.5,11,0.75,5000000,0.875,0.05,4.32701675481,4.21998883006,0.10702792475,0.10702792475,0.0253621346074,s1_sysrisk_samegrid,0.01
s3_sysrisk_seed16,stage3_final,sysrisk,5,2,0.5,16,0.75,5000000,0.875,0.05,4.32701675481,4.21998883006,0.10702792475,0.10702792475,0.0253621346074,s1_sysrisk_samegrid,0.01
s3_sysrisk_seed02,stage3_final,sysrisk,5,2,0.5,2,0.75,5000000,1,0.2,3.77904761902,3.67238095235,0.106666666665,0.106666666665,0.0290456431534,s1_sysrisk_samegrid,0.01
s3_sysrisk_seed15,stage3_final,sysrisk,5,2,0.5,15,0.75,5000000,0.375,0.1,3.05516806717,2.9485106026,0.106657464576,0.106657464576,0.0361733359486,s1_sysrisk_samegrid,0.01
s3_sysrisk_seed06,stage3_final,sysrisk,5,2,0.5,6,0.75,5000000,0.875,0.05,4.32651263958,4.21998883006,0.106523809523,0.106523809523,0.0252426757068,s1_sysrisk_samegrid,0.01
s3_sysrisk_seed13,stage3_final,sysrisk,5,2,0.5,13,0.75,5000000,0.875,0.05,4.32651263958,4.21998883006,0.106523809523,0.106523809523,0.0252426757068,s1_sysrisk_samegrid,0.01
s3_sysrisk_seed12,stage3_final,sysrisk,5,2,0.5,12,0.75,5000000,0.875,0.3,3.44537215576,3.3391186418,0.106253513958,0.106253513958,0.0318208261987,s1_sysrisk_samegrid,0.01
s3_sysrisk_seed15,stage3_final,sysrisk,5,2,0.5,15,0.75,5000000,0.875,0.3,3.44537215576,3.3391186418,0.106253513958,0.106253513958,0.0318208261987,s1_sysrisk_samegrid,0.01
s3_sysrisk_seed12,stage3_final,sysrisk,5,2,0.5,12,0.75,5000000,0.75,0.3,3.26036810185,3.1541974164,0.106170685447,0.106170685447,0.0336601269455,s1_sysrisk_samegrid,0.01
s3_sysrisk_seed15,stage3_final,sysrisk,5,2,0.5,15,0.75,5000000,0.75,0.3,3.26036810185,3.1541974164,0.106170685447,0.106170685447,0.0336601269455,s1_sysrisk_samegrid,0.01
s3_sysrisk_seed07,stage3_final,sysrisk,5,2,0.5,7,0.75,5000000,0.625,0.1,3.57282198975,3.46825083529,0.104571154456,0.104571154456,0.0301509779488,s1_sysrisk_samegrid,0.01
s3_sysrisk_seed05,stage3_final,sysrisk,5,2,0.5,5,0.75,5000000,0.25,0,2.95479716206,2.85040974521,0.104387416854,0.104387416854,0.036621898669,s1_sysrisk_samegrid,0.01
s3_sysrisk_seed02,stage3_final,sysrisk,5,2,0.5,2,0.75,5000000,0.5,0.05,3.45966893418,3.35547392284,0.104195011337,0.104195011337,0.0310522488725,s1_sysrisk_samegrid,0.01
s3_sysrisk_seed01,stage3_final,sysrisk,5,2,0.5,1,0.75,5000000,0.75,0,4.29787755093,4.19400696856,0.103870582373,0.103870582373,0.0247664305642,s1_sysrisk_samegrid,0.01
s3_sysrisk_seed14,stage3_final,sysrisk,5,2,0.5,14,0.75,5000000,0.75,0,4.29720789771,4.19400696856,0.103200929151,0.103200929151,0.0246067614873,s1_sysrisk_samegrid,0.01
s3_sysrisk_seed03,stage3_final,sysrisk,5,2,0.5,3,0.75,5000000,0.875,0.2,3.57453817116,3.47154410776,0.102994063399,0.102994063399,0.0296680843456,s1_sysrisk_samegrid,0.01
s3_sysrisk_seed00,stage3_final,sysrisk,5,2,0.5,0,0.75,5000000,1,0.05,4.60571428567,4.50285714281,0.102857142856,0.102857142856,0.0228426395939,s1_sysrisk_samegrid,0.01
s3_sysrisk_seed05,stage3_final,sysrisk,5,2,0.5,5,0.75,5000000,0.75,0.3,3.25569850607,3.1541974164,0.101501089664,0.101501089664,0.0321796882896,s1_sysrisk_samegrid,0.01
s3_sysrisk_seed11,stage3_final,sysrisk,5,2,0.5,11,0.75,5000000,0.375,0.1,3.0497268907,2.9485106026,0.101216288105,0.101216288105,0.0343279376428,s1_sysrisk_samegrid,0.01
s3_sysrisk_seed17,stage3_final,sysrisk,5,2,0.5,17,0.75,5000000,0.375,0.1,3.0497268907,2.9485106026,0.101216288105,0.101216288105,0.0343279376428,s1_sysrisk_samegrid,0.01
s3_sysrisk_seed09,stage3_final,sysrisk,5,2,0.5,9,0.75,5000000,1,0.3,3.6533333333,3.55238095235,0.100952380952,0.100952380952,0.0284182305632,s1_sysrisk_samegrid,0.01
s3_sysrisk_seed05,stage3_final,sysrisk,5,2,0.5,5,0.75,5000000,0.875,0.3,3.44004078591,3.3391186418,0.100922144108,0.100922144108,0.0302241863601,s1_sysrisk_samegrid,0.01
s3_sysrisk_seed01,stage3_final,sysrisk,5,2,0.5,1,0.75,5000000,0.375,0.1,3.04942380072,2.9485106026,0.100913198119,0.100913198119,0.0342251433758,s1_sysrisk_samegrid,0.01
s3_sysrisk_seed10,stage3_final,sysrisk,5,2,0.5,10,0.75,5000000,0.75,0.3,3.2547390136,3.1541974164,0.100541597195,0.100541597195,0.0318754928503,s1_sysrisk_samegrid,0.01
s3_sysrisk_seed06,stage3_final,sysrisk,5,2,0.5,6,0.75,5000000,0.5,0.1,3.30672922036,3.20622550072,0.100503719635,0.100503719635,0.0313464288811,s1_sysrisk_samegrid,0.01
s3_sysrisk_seed13,stage3_final,sysrisk,5,2,0.5,13,0.75,5000000,0.625,0,3.96160312672,3.86111302345,0.100490103269,0.100490103269,0.0260262009061,s1_sysrisk_samegrid,0.01
s3_sysrisk_seed06,stage3_final,sysrisk,5,2,0.5,6,0.75,5000000,0.625,0.1,3.56865346559,3.46825083529,0.100402630297,0.100402630297,0.0289490682956,s1_sysrisk_samegrid,0.01
s3_sysrisk_seed04,stage3_final,sysrisk,5,2,0.5,4,0.75,5000000,0.75,0.3,3.2545669952,3.1541974164,0.100369578797,0.100369578797,0.0318209565055,s1_sysrisk_samegrid,0.01
s3_sysrisk_seed19,stage3_final,sysrisk,5,2,0.5,19,0.75,5000000,0.375,0,3.28940476185,3.18924369743,0.100161064425,0.100161064425,0.0314058986795,s1_sysrisk_samegrid,0.01
s3_sysrisk_seed10,stage3_final,sysrisk,5,2,0.5,10,0.75,5000000,0.875,0.3,3.43913641377,3.3391186418,0.10001777197,0.10001777197,0.0299533447893,s1_sysrisk_samegrid,0.01
s3_sysrisk_seed04,stage3_final,sysrisk,5,2,0.5,4,0.75,5000000,0.875,0.3,3.43866087901,3.3391186418,0.0995422372064,0.0995422372064,0.0298109315315,s1_sysrisk_samegrid,0.01
s3_sysrisk_seed02,stage3_final,sysrisk,5,2,0.5,2,0.75,5000000,0.875,0.2,3.57104014556,3.47154410776,0.0994960378042,0.0994960378042,0.0286604561877,s1_sysrisk_samegrid,0.01
s3_sysrisk_seed07,stage3_final,sysrisk,5,2,0.5,7,0.75,5000000,1,0.05,4.60190476186,4.50285714281,0.0990476190468,0.0990476190468,0.0219966159053,s1_sysrisk_samegrid,0.01
s3_sysrisk_seed12,stage3_final,sysrisk,5,2,0.5,12,0.75,5000000,1,0.05,4.60190476186,4.50285714281,0.0990476190468,0.0990476190468,0.0219966159053,s1_sysrisk_samegrid,0.01
s3_sysrisk_seed15,stage3_final,sysrisk,5,2,0.5,15,0.75,5000000,1,0.05,4.60190476186,4.50285714281,0.0990476190468,0.0990476190468,0.0219966159053,s1_sysrisk_samegrid,0.01
s3_sysrisk_seed19,stage3_final,sysrisk,5,2,0.5,19,0.75,5000000,1,0.05,4.60190476186,4.50285714281,0.0990476190468,0.0990476190468,0.0219966159053,s1_sysrisk_samegrid,0.01
s3_sysrisk_seed19,stage3_final,sysrisk,5,2,0.5,19,0.75,5000000,0.5,0.1,3.30524659857,3.20622550072,0.099021097851,0.099021097851,0.0308840091967,s1_sysrisk_samegrid,0.01
s3_sysrisk_seed18,stage3_final,sysrisk,5,2,0.5,18,0.75,5000000,0.625,0,3.95997705098,3.86111302345,0.098864027538,0.098864027538,0.0256050591986,s1_sysrisk_samegrid,0.01
s3_sysrisk_seed10,stage3_final,sysrisk,5,2,0.5,10,0.75,5000000,0.25,0,2.94829777891,2.85040974521,0.0978880337022,0.0978880337022,0.0343417411713,s1_sysrisk_samegrid,0.01
s3_sysrisk_seed14,stage3_final,sysrisk,5,2,0.5,14,0.75,5000000,0.75,0.3,3.25193362746,3.1541974164,0.0977362110558,0.0977362110558,0.0309860792313,s1_sysrisk_samegrid,0.01
s3_sysrisk_seed16,stage3_final,sysrisk,5,2,0.5,16,0.75,5000000,0.75,0.3,3.25193362746,3.1541974164,0.0977362110558,0.0977362110558,0.0309860792313,s1_sysrisk_samegrid,0.01
s3_sysrisk_seed05,stage3_final,sysrisk,5,2,0.5,5,0.75,5000000,0.5,0.1,3.30343730152,3.20622550072,0.0972118007993,0.0972118007993,0.0303197017107,s1_sysrisk_samegrid,0.01
s3_sysrisk_seed14,stage3_final,sysrisk,5,2,0.5,14,0.75,5000000,0.75,0.1,3.83223757686,3.73539486509,0.0968427117676,0.0968427117676,0.0259256960148,s1_sysrisk_samegrid,0.01
s3_sysrisk_seed14,stage3_final,sysrisk,5,2,0.5,14,0.75,5000000,0.625,0.1,3.5648195552,3.46825083529,0.096568719907,0.096568719907,0.0278436377566,s1_sysrisk_samegrid,0.01
s3_sysrisk_seed16,stage3_final,sysrisk,5,2,0.5,16,0.75,5000000,0.5,0,3.62159277498,3.52616780039,0.0954249745871,0.0954249745871,0.0270619493992,s1_sysrisk_samegrid,0.01
s3_sysrisk_seed14,stage3_final,sysrisk,5,2,0.5,14,0.75,5000000,0.875,0.3,3.43448323106,3.3391186418,0.0953645892529,0.0953645892529,0.0285598085851,s1_sysrisk_samegrid,0.01
s3_sysrisk_seed16,stage3_final,sysrisk,5,2,0.5,16,0.75,5000000,0.875,0.3,3.43448323106,3.3391186418,0.0953645892529,0.0953645892529,0.0285598085851,s1_sysrisk_samegrid,0.01
s3_sysrisk_seed17,stage3_final,sysrisk,5,2,0.5,17,0.75,5000000,0.875,0.05,4.31474661959,4.21998883006,0.0947577895351,0.0947577895351,0.0224545119315,s1_sysrisk_samegrid,0.01
s3_sysrisk_seed01,stage3_final,sysrisk,5,2,0.5,1,0.75,5000000,0.375,0,3.28314285709,3.18924369743,0.093899159663,0.093899159663,0.0294424536259,s1_sysrisk_samegrid,0.01
s3_sysrisk_seed12,stage3_final,sysrisk,5,2,0.5,12,0.75,5000000,0.625,0.3,3.08492238189,2.99117365583,0.0937487260585,0.0937487260585,0.0313417864843,s1_sysrisk_samegrid,0.01
s3_sysrisk_seed15,stage3_final,sysrisk,5,2,0.5,15,0.75,5000000,0.625,0.3,3.08492238189,2.99117365583,0.0937487260585,0.0937487260585,0.0313417864843,s1_sysrisk_samegrid,0.01
s3_sysrisk_seed03,stage3_final,sysrisk,5,2,0.5,3,0.75,5000000,0.375,0.1,3.0419143907,2.9485106026,0.0934037881051,0.0934037881051,0.0316782948051,s1_sysrisk_samegrid,0.01
s3_sysrisk_seed15,stage3_final,sysrisk,5,2,0.5,15,0.75,5000000,0.25,0,2.94316620968,2.85040974521,0.0927564644732,0.0927564644732,0.0325414493931,s1_sysrisk_samegrid,0.01
s3_sysrisk_seed09,stage3_final,sysrisk,5,2,0.5,9,0.75,5000000,0.75,0.05,4.02647038319,3.9344041811,0.0920662020901,0.0920662020901,0.0234002908324,s1_sysrisk_samegrid,0.01
s3_sysrisk_seed11,stage3_final,sysrisk,5,2,0.5,11,0.75,5000000,0.75,0.05,4.02647038319,3.9344041811,0.0920662020901,0.0920662020901,0.0234002908324,s1_sysrisk_samegrid,0.01
s3_sysrisk_seed16,stage3_final,sysrisk,5,2,0.5,16,0.75,5000000,0.75,0.05,4.02647038319,3.9344041811,0.0920662020901,0.0920662020901,0.0234002908324,s1_sysrisk_samegrid,0.01
s3_sysrisk_seed13,stage3_final,sysrisk,5,2,0.5,13,0.75,5000000,0.75,0.3,3.24622735983,3.1541974164,0.0920299434285,0.0920299434285,0.0291769763522,s1_sysrisk_samegrid,0.01
s3_sysrisk_seed08,stage3_final,sysrisk,5,2,0.5,8,0.75,5000000,0.75,0.3,3.24613252081,3.1541974164,0.0919351044056,0.0919351044056,0.0291469087913,s1_sysrisk_samegrid,0.01
s3_sysrisk_seed13,stage3_final,sysrisk,5,2,0.5,13,0.75,5000000,0.375,0.1,3.04020308118,2.9485106026,0.0916924785813,0.0916924785813,0.0310978968502,s1_sysrisk_samegrid,0.01
s3_sysrisk_seed02,stage3_final,sysrisk,5,2,0.5,2,0.75,5000000,1,1,3.28761904759,3.37904761902,-0.0914285714273,0.0914285714273,0.0270574971813,s1_sysrisk_samegrid,0.01
s3_sysrisk_seed12,stage3_final,sysrisk,5,2,0.5,12,0.75,5000000,1,0,4.94476190471,4.85333333329,0.0914285714272,0.0914285714272,0.0188383045525,s1_sysrisk_samegrid,0.01
s3_sysrisk_seed18,stage3_final,sysrisk,5,2,0.5,18,0.75,5000000,1,0.2,3.76380952378,3.67238095235,0.0914285714272,0.0914285714272,0.02489626556,s1_sysrisk_samegrid,0.01
s3_sysrisk_seed17,stage3_final,sysrisk,5,2,0.5,17,0.75,5000000,0.25,0,2.94183673461,2.85040974521,0.0914269893996,0.0914269893996,0.0320750339677,s1_sysrisk_samegrid,0.01
s3_sysrisk_seed06,stage3_final,sysrisk,5,2,0.5,6,0.75,5000000,0.75,0.05,4.02554703824,3.9344041811,0.0911428571424,0.0911428571424,0.0231656060097,s1_sysrisk_samegrid,0.01
s3_sysrisk_seed13,stage3_final,sysrisk,5,2,0.5,13,0.75,5000000,0.75,0.05,4.02554703824,3.9344041811,0.0911428571424,0.0911428571424,0.0231656060097,s1_sysrisk_samegrid,0.01
s3_sysrisk_seed05,stage3_final,sysrisk,5,2,0.5,5,0.75,5000000,0.625,0.3,3.08079897591,2.99117365583,0.0896253200806,0.0896253200806,0.029963262048,s1_sysrisk_samegrid,0.01
s3_sysrisk_seed12,stage3_final,sysrisk,5,2,0.5,12,0.75,5000000,1,0.3,3.64190476187,3.55238095235,0.0895238095238,0.0895238095238,0.0252010723863,s1_sysrisk_samegrid,0.01
s3_sysrisk_seed15,stage3_final,sysrisk,5,2,0.5,15,0.75,5000000,1,0.3,3.64190476187,3.55238095235,0.0895238095238,0.0895238095238,0.0252010723863,s1_sysrisk_samegrid,0.01
s3_sysrisk_seed13,stage3_final,sysrisk,5,2,0.5,13,0.75,5000000,0.875,0.3,3.42797560981,3.3391186418,0.0888569680078,0.0888569680078,0.0266109047146,s1_sysrisk_samegrid,0.01
s3_sysrisk_seed04,stage3_final,sysrisk,5,2,0.5,4,0.75,5000000,0.625,0.3,3.080028011,2.99117365583,0.0888543551727,0.0888543551727,0.0297055154252,s1_sysrisk_samegrid,0.01
s3_sysrisk_seed00,stage3_final,sysrisk,5,2,0.5,0,0.75,5000000,0.875,0.05,4.30881756338,4.21998883006,0.0888287333248,0.0888287333248,0.0210495185893,s1_sysrisk_samegrid,0.01
s3_sysrisk_seed02,stage3_final,sysrisk,5,2,0.5,2,0.75,5000000,0.75,0.2,3.36940996619,3.28065087454,0.0887590916473,0.0887590916473,0.0270553298847,s1_sysrisk_samegrid,0.01
s3_sysrisk_seed08,stage3_final,sysrisk,5,2,0.5,8,0.75,5000000,0.875,0.3,3.42777195431,3.3391186418,0.0886533125016,0.0886533125016,0.0265499139179,s1_sysrisk_samegrid,0.01
s3_sysrisk_seed14,stage3_final,sysrisk,5,2,0.5,14,0.75,5000000,0.5,0.1,3.29447784574,3.20622550072,0.0882523450165,0.0882523450165,0.0275253081845,s1_sysrisk_samegrid,0.01
s3_sysrisk_seed14,stage3_final,sysrisk,5,2,0.5,14,0.75,5000000,0.875,0.1,4.09668088464,4.00869088517,0.0879899994626,0.0879899994626,0.0219498090481,s1_sysrisk_samegrid,0.01
s3_sysrisk_seed10,stage3_final,sysrisk,5,2,0.5,10,0.75,5000000,0.625,0.3,3.07915540781,2.99117365583,0.0879817519803,0.0879817519803,0.0294137894029,s1_sysrisk_samegrid,0.01
s3_sysrisk_seed14,stage3_final,sysrisk,5,2,0.5,14,0.75,5000000,0.625,0.3,3.07899297843,2.99117365583,0.0878193226029,0.0878193226029,0.0293594865118,s1_sysrisk_samegrid,0.01
s3_sysrisk_seed16,stage3_final,sysrisk,5,2,0.5,16,0.75,5000000,0.625,0.3,3.07899297843,2.99117365583,0.0878193226029,0.0878193226029,0.0293594865118,s1_sysrisk_samegrid,0.01
s3_sysrisk_seed08,stage3_final,sysrisk,5,2,0.5,8,0.75,5000000,1,0.1,4.20190476187,4.28952380948,-0.0876190476145,0.0876190476145,0.0204262877434,s1_sysrisk_samegrid,0.01
s3_sysrisk_seed13,stage3_final,sysrisk,5,2,0.5,13,0.75,5000000,0.5,0,3.61365986388,3.52616780039,0.0874920634916,0.0874920634916,0.0248122234801,s1_sysrisk_samegrid,0.01
s3_sysrisk_seed14,stage3_final,sysrisk,5,2,0.5,14,0.75,5000000,0.625,0,3.94854388977,3.86111302345,0.0874308663219,0.0874308663219,0.0226439541632,s1_sysrisk_samegrid,0.01
s3_sysrisk_seed11,stage3_final,sysrisk,5,2,0.5,11,0.75,5000000,0.75,0.3,3.24133666326,3.1541974164,0.0871392468515,0.0871392468515,0.0276264403738,s1_sysrisk_samegrid,0.01
s3_sysrisk_seed06,stage3_final,sysrisk,5,2,0.5,6,0.75,5000000,0.375,0.1,3.03542857138,2.9485106026,0.0869179687774,0.0869179687774,0.0294786013999,s1_sysrisk_samegrid,0.01
s3_sysrisk_seed06,stage3_final,sysrisk,5,2,0.5,6,0.75,5000000,0.5,0,3.61304308383,3.52616780039,0.0868752834463,0.0868752834463,0.0246373083654,s1_sysrisk_samegrid,0.01
s3_sysrisk_seed07,stage3_final,sysrisk,5,2,0.5,7,0.75,5000000,0.875,0.05,4.30679835386,4.21998883006,0.0868095238091,0.0868095238091,0.0205710316555,s1_sysrisk_samegrid,0.01
s3_sysrisk_seed12,stage3_final,sysrisk,5,2,0.5,12,0.75,5000000,0.875,0.05,4.30679835386,4.21998883006,0.0868095238091,0.0868095238091,0.0205710316555,s1_sysrisk_samegrid,0.01
s3_sysrisk_seed15,stage3_final,sysrisk,5,2,0.5,15,0.75,5000000,0.875,0.05,4.30679835386,4.21998883006,0.0868095238091,0.0868095238091,0.0205710316555,s1_sysrisk_samegrid,0.01
s3_sysrisk_seed19,stage3_final,sysrisk,5,2,0.5,19,0.75,5000000,0.875,0.05,4.30679835386,4.21998883006,0.0868095238091,0.0868095238091,0.0205710316555,s1_sysrisk_samegrid,0.01
s3_sysrisk_seed11,stage3_final,sysrisk,5,2,0.5,11,0.75,5000000,0.75,0.2,3.36733152627,3.28065087454,0.086680651725,0.086680651725,0.0264217848957,s1_sysrisk_samegrid,0.01
s3_sysrisk_seed00,stage3_final,sysrisk,5,2,0.5,0,0.75,5000000,0.375,0,3.27585434168,3.18924369743,0.0866106442573,0.0866106442573,0.0271571107367,s1_sysrisk_samegrid,0.01
s3_sysrisk_seed09,stage3_final,sysrisk,5,2,0.5,9,0.75,5000000,0,0.3,2.28803354962,2.37415664133,-0.0861230917048,0.0861230917048,0.0362752356798,s1_sysrisk_samegrid,0.01
s3_sysrisk_seed07,stage3_final,sysrisk,5,2,0.5,7,0.75,5000000,0,0.4,2.33664207015,2.42253671701,-0.0858946468554,0.0858946468554,0.0354564891638,s1_sysrisk_samegrid,0.01
s3_sysrisk_seed14,stage3_final,sysrisk,5,2,0.5,14,0.75,5000000,1,1,3.29333333331,3.37904761902,-0.085714285713,0.085714285713,0.0253664036075,s1_sysrisk_samegrid,0.01
s3_sysrisk_seed02,stage3_final,sysrisk,5,2,0.5,2,0.75,5000000,0.875,1,3.19056497188,3.27569398697,-0.085129015083,0.085129015083,0.0259880854017,s1_sysrisk_samegrid,0.01
s3_sysrisk_seed07,stage3_final,sysrisk,5,2,0.5,7,0.75,5000000,0.5,0.1,3.2902528344,3.20622550072,0.0840273336791,0.0840273336791,0.026207555788,s1_sysrisk_samegrid,0.01
s3_sysrisk_seed06,stage3_final,sysrisk,5,2,0.5,6,0.75,5000000,0.75,0.1,3.81923629374,3.73539486509,0.0838414286428,0.0838414286428,0.0224451314174,s1_sysrisk_samegrid,0.01
s3_sysrisk_seed05,stage3_final,sysrisk,5,2,0.5,5,0.75,5000000,1,0.3,3.63619047616,3.55238095235,0.0838095238093,0.0838095238093,0.0235924932977,s1_sysrisk_samegrid,0.01
s3_sysrisk_seed11,stage3_final,sysrisk,5,2,0.5,11,0.75,5000000,0.875,0.3,3.42248401399,3.3391186418,0.0833653721892,0.0833653721892,0.0249662803668,s1_sysrisk_samegrid,0.01
s3_sysrisk_seed08,stage3_final,sysrisk,5,2,0.5,8,0.75,5000000,0.625,0.3,3.07409860755,2.99117365583,0.0829249517171,0.0829249517171,0.0277232154527,s1_sysrisk_samegrid,0.01
s3_sysrisk_seed17,stage3_final,sysrisk,5,2,0.5,17,0.75,5000000,0.75,0.3,3.2370879892,3.1541974164,0.0828905727985,0.0828905727985,0.0262794498427,s1_sysrisk_samegrid,0.01
s3_sysrisk_seed09,stage3_final,sysrisk,5,2,0.5,9,0.75,5000000,0.5,0.3,2.92799919044,2.84532654751,0.0826726429287,0.0826726429287,0.0290555904738,s1_sysrisk_samegrid,0.01
s3_sysrisk_seed13,stage3_final,sysrisk,5,2,0.5,13,0.75,5000000,0.625,0.3,3.07347983664,2.99117365583,0.0823061808065,0.0823061808065,0.0275163498602,s1_sysrisk_samegrid,0.01
s3_sysrisk_seed18,stage3_final,sysrisk,5,2,0.5,18,0.75,5000000,0.875,0.2,3.55379573519,3.47154410776,0.0822516274278,0.0822516274278,0.0236930958889,s1_sysrisk_samegrid,0.01
s3_sysrisk_seed04,stage3_final,sysrisk,5,2,0.5,4,0.75,5000000,1,0.3,3.63428571426,3.55238095235,0.0819047619048,0.0819047619048,0.0230563002683,s1_sysrisk_samegrid,0.01
s3_sysrisk_seed10,stage3_final,sysrisk,5,2,0.5,10,0.75,5000000,1,0.3,3.63428571426,3.55238095235,0.0819047619048,0.0819047619048,0.0230563002683,s1_sysrisk_samegrid,0.01
s3_sysrisk_seed17,stage3_final,sysrisk,5,2,0.5,17,0.75,5000000,0.75,0.05,4.01543321711,3.9344041811,0.0810290360042,0.0810290360042,0.0205949953981,s1_sysrisk_samegrid,0.01
s3_sysrisk_seed13,stage3_final,sysrisk,5,2,0.5,13,0.75,5000000,0,1,3.01295375193,2.93291944096,0.0800343109739,0.0800343109739,0.0272882745623,s1_sysrisk_samegrid,0.01
s3_sysrisk_seed18,stage3_final,sysrisk,5,2,0.5,18,0.75,5000000,0.5,0,3.6056235827,3.52616780039,0.0794557823125,0.0794557823125,0.0225331824265,s1_sysrisk_samegrid,0.01
s3_sysrisk_seed17,stage3_final,sysrisk,5,2,0.5,17,0.75,5000000,0.875,0.3,3.41854825558,3.3391186418,0.0794296137801,0.0794296137801,0.0237875985554,s1_sysrisk_samegrid,0.01
s3_sysrisk_seed01,stage3_final,sysrisk,5,2,0.5,1,0.75,5000000,0.875,0,4.60356233275,4.52477366251,0.0787886702409,0.0787886702409,0.0174127318,s1_sysrisk_samegrid,0.01
s3_sysrisk_seed11,stage3_final,sysrisk,5,2,0.5,11,0.75,5000000,0.625,0.3,3.06952957336,2.99117365583,0.0783559175266,0.0783559175266,0.0261957099595,s1_sysrisk_samegrid,0.01
s3_sysrisk_seed07,stage3_final,sysrisk,5,2,0.5,7,0.75,5000000,1,0.4,3.59238095235,3.51428571426,0.0780952380952,0.0780952380952,0.0222222222224,s1_sysrisk_samegrid,0.01
s3_sysrisk_seed08,stage3_final,sysrisk,5,2,0.5,8,0.75,5000000,1,0.4,3.59238095235,3.51428571426,0.0780952380952,0.0780952380952,0.0222222222224,s1_sysrisk_samegrid,0.01
s3_sysrisk_seed11,stage3_final,sysrisk,5,2,0.5,11,0.75,5000000,1,0.4,3.59238095235,3.51428571426,0.0780952380952,0.0780952380952,0.0222222222224,s1_sysrisk_samegrid,0.01
s3_sysrisk_seed09,stage3_final,sysrisk,5,2,0.5,9,0.75,5000000,0.125,0,2.58762678565,2.50973180071,0.0778949849477,0.0778949849477,0.0310371749387,s1_sysrisk_samegrid,0.01
s3_sysrisk_seed13,stage3_final,sysrisk,5,2,0.5,13,0.75,5000000,0,0.3,2.2963510504,2.37415664133,-0.0778055909269,0.0778055909269,0.0327718860552,s1_sysrisk_samegrid,0.01
s3_sysrisk_seed05,stage3_final,sysrisk,5,2,0.5,5,0.75,5000000,0,0.3,2.2970470456,2.37415664133,-0.0771095957279,0.0771095957279,0.0324787313464,s1_sysrisk_samegrid,0.01
s3_sysrisk_seed09,stage3_final,sysrisk,5,2,0.5,9,0.75,5000000,0.625,0.05,3.72322403894,3.64620137686,0.0770226620766,0.0770226620766,0.021124083427,s1_sysrisk_samegrid,0.01
s3_sysrisk_seed11,stage3_final,sysrisk,5,2,0.5,11,0.75,5000000,0.625,0.05,3.72322403894,3.64620137686,0.0770226620766,0.0770226620766,0.021124083427,s1_sysrisk_samegrid,0.01
s3_sysrisk_seed16,stage3_final,sysrisk,5,2,0.5,16,0.75,5000000,0.625,0.05,3.72322403894,3.64620137686,0.0770226620766,0.0770226620766,0.021124083427,s1_sysrisk_samegrid,0.01
s3_sysrisk_seed12,stage3_final,sysrisk,5,2,0.5,12,0.75,5000000,0.875,0,4.60153696763,4.52477366251,0.0767633051274,0.0767633051274,0.0169651149103,s1_sysrisk_samegrid,0.01
s3_sysrisk_seed03,stage3_final,sysrisk,5,2,0.5,3,0.75,5000000,0.75,0.2,3.35703725543,3.28065087454,0.0763863808916,0.0763863808916,0.0232839103619,s1_sysrisk_samegrid,0.01
s3_sysrisk_seed16,stage3_final,sysrisk,5,2,0.5,16,0.75,5000000,0.25,0.1,2.77078993624,2.69444734624,0.0763425900008,0.0763425900008,0.0283333018577,s1_sysrisk_samegrid,0.01
s3_sysrisk_seed14,stage3_final,sysrisk,5,2,0.5,14,0.75,5000000,1,0.3,3.62857142854,3.55238095235,0.0761904761905,0.0761904761905,0.0214477211798,s1_sysrisk_samegrid,0.01
s3_sysrisk_seed16,stage3_final,sysrisk,5,2,0.5,16,0.75,5000000,1,0.3,3.62857142854,3.55238095235,0.0761904761905,0.0761904761905,0.0214477211798,s1_sysrisk_samegrid,0.01
s3_sysrisk_seed16,stage3_final,sysrisk,5,2,0.5,16,0.75,5000000,1,0.2,3.74857142854,3.67238095235,0.0761904761894,0.0761904761894,0.0207468879667,s1_sysrisk_samegrid,0.01
s3_sysrisk_seed00,stage3_final,sysrisk,5,2,0.5,0,0.75,5000000,1,0.1,4.2133333333,4.28952380948,-0.076190476186,0.076190476186,0.0177619893419,s1_sysrisk_samegrid,0.01
s3_sysrisk_seed04,stage3_final,sysrisk,5,2,0.5,4,0.75,5000000,0.25,0.1,2.77040976174,2.69444734624,0.0759624154995,0.0759624154995,0.0281922063185,s1_sysrisk_samegrid,0.01
s3_sysrisk_seed02,stage3_final,sysrisk,5,2,0.5,2,0.75,5000000,0.75,1,3.11733687577,3.19328718448,-0.0759503087066,0.0759503087066,0.0237843652383,s1_sysrisk_samegrid,0.01
s3_sysrisk_seed13,stage3_final,sysrisk,5,2,0.5,13,0.75,5000000,0.125,1,3.03493229405,2.9590811486,0.0758511454506,0.0758511454506,0.0256333441503,s1_sysrisk_samegrid,0.01
s3_sysrisk_seed06,stage3_final,sysrisk,5,2,0.5,6,0.75,5000000,0.625,0.05,3.72196328162,3.64620137686,0.0757619047616,0.0757619047616,0.0207783106118,s1_sysrisk_samegrid,0.01
s3_sysrisk_seed13,stage3_final,sysrisk,5,2,0.5,13,0.75,5000000,0.625,0.05,3.72196328162,3.64620137686,0.0757619047616,0.0757619047616,0.0207783106118,s1_sysrisk_samegrid,0.01
s3_sysrisk_seed00,stage3_final,sysrisk,5,2,0.5,0,0.75,5000000,0.75,0.05,4.01000168134,3.9344041811,0.0755975002365,0.0755975002365,0.0192144723208,s1_sysrisk_samegrid,0.01
s3_sysrisk_seed11,stage3_final,sysrisk,5,2,0.5,11,0.75,5000000,0.875,0.4,3.41056118912,3.33500295428,0.0755582348318,0.0755582348318,0.0226561223086,s1_sysrisk_samegrid,0.01
s3_sysrisk_seed17,stage3_final,sysrisk,5,2,0.5,17,0.75,5000000,0.625,0.3,3.06669060849,2.99117365583,0.0755169526538,0.0755169526538,0.0252465959329,s1_sysrisk_samegrid,0.01
s3_sysrisk_seed02,stage3_final,sysrisk,5,2,0.5,2,0.75,5000000,0.625,0.2,3.1730021535,3.09756311184,0.0754390416602,0.0754390416602,0.024354319488,s1_sysrisk_samegrid,0.01
s3_sysrisk_seed04,stage3_final,sysrisk,5,2,0.5,4,0.75,5000000,0.25,0,2.92582945728,2.85040974521,0.0754197120706,0.0754197120706,0.0264592528135,s1_sysrisk_samegrid,0.01
s3_sysrisk_seed07,stage3_final,sysrisk,5,2,0.5,7,0.75,5000000,0.75,0.05,4.00897560967,3.9344041811,0.0745714285709,0.0745714285709,0.0189536776443,s1_sysrisk_samegrid,0.01
s3_sysrisk_seed12,stage3_final,sysrisk,5,2,0.5,12,0.75,5000000,0.75,0.05,4.00897560967,3.9344041811,0.0745714285709,0.0745714285709,0.0189536776443,s1_sysrisk_samegrid,0.01
s3_sysrisk_seed15,stage3_final,sysrisk,5,2,0.5,15,0.75,5000000,0.75,0.05,4.00897560967,3.9344041811,0.0745714285709,0.0745714285709,0.0189536776443,s1_sysrisk_samegrid,0.01
s3_sysrisk_seed19,stage3_final,sysrisk,5,2,0.5,19,0.75,5000000,0.75,0.05,4.00897560967,3.9344041811,0.0745714285709,0.0745714285709,0.0189536776443,s1_sysrisk_samegrid,0.01
s3_sysrisk_seed02,stage3_final,sysrisk,5,2,0.5,2,0.75,5000000,0.375,0.05,3.13628151255,3.06231092432,0.0739705882351,0.0739705882351,0.0241551527795,s1_sysrisk_samegrid,0.01
s3_sysrisk_seed11,stage3_final,sysrisk,5,2,0.5,11,0.75,5000000,0,0.3,2.30021412445,2.37415664133,-0.0739425168716,0.0739425168716,0.0311447507652,s1_sysrisk_samegrid,0.01
s3_sysrisk_seed19,stage3_final,sysrisk,5,2,0.5,19,0.75,5000000,0.375,0.1,3.02241487215,2.9485106026,0.0739042695477,0.0739042695477,0.0250649495656,s1_sysrisk_samegrid,0.01
s3_sysrisk_seed06,stage3_final,sysrisk,5,2,0.5,6,0.75,5000000,0.75,0.3,3.2276510224,3.1541974164,0.0734536060006,0.0734536060006,0.023287574081,s1_sysrisk_samegrid,0.01
s3_sysrisk_seed19,stage3_final,sysrisk,5,2,0.5,19,0.75,5000000,0.75,0.3,3.2276510224,3.1541974164,0.0734536060006,0.0734536060006,0.023287574081,s1_sysrisk_samegrid,0.01
s3_sysrisk_seed16,stage3_final,sysrisk,5,2,0.5,16,0.75,5000000,0.375,0,3.26211624644,3.18924369743,0.0728725490194,0.0728725490194,0.0228494765321,s1_sysrisk_samegrid,0.01
s3_sysrisk_seed01,stage3_final,sysrisk,5,2,0.5,1,0.75,5000000,0.25,0,2.92327221029,2.85040974521,0.0728624650824,0.0728624650824,0.0255621021521,s1_sysrisk_samegrid,0.01
s3_sysrisk_seed01,stage3_final,sysrisk,5,2,0.5,1,0.75,5000000,0.75,0.3,3.22696430259,3.1541974164,0.0727668861899,0.0727668861899,0.0230698579016,s1_sysrisk_samegrid,0.01
s3_sysrisk_seed14,stage3_final,sysrisk,5,2,0.5,14,0.75,5000000,0.375,0.1,3.02126044944,2.9485106026,0.0727498468411,0.0727498468411,0.02467342216,s1_sysrisk_samegrid,0.01
s3_sysrisk_seed05,stage3_final,sysrisk,5,2,0.5,5,0.75,5000000,0.375,0.1,3.02115699399,2.9485106026,0.0726463913967,0.0726463913967,0.0246383348029,s1_sysrisk_samegrid,0.01
s3_sysrisk_seed02,stage3_final,sysrisk,5,2,0.5,2,0.75,5000000,0.25,0.1,2.76708416381,2.69444734624,0.0726368175755,0.0726368175755,0.0269579651192,s1_sysrisk_samegrid,0.01
s3_sysrisk_seed12,stage3_final,sysrisk,5,2,0.5,12,0.75,5000000,0.5,0.3,2.91771615543,2.84532654751,0.0723896079128,0.0723896079128,0.025441581732,s1_sysrisk_samegrid,0.01
s3_sysrisk_seed15,stage3_final,sysrisk,5,2,0.5,15,0.75,5000000,0.5,0.3,2.91771615543,2.84532654751,0.0723896079128,0.0723896079128,0.025441581732,s1_sysrisk_samegrid,0.01
s3_sysrisk_seed09,stage3_final,sysrisk,5,2,0.5,9,0.75,5000000,0.25,0.1,2.76679734211,2.69444734624,0.0723499958701,0.0723499958701,0.0268515159411,s1_sysrisk_samegrid,0.01
s3_sysrisk_seed13,stage3_final,sysrisk,5,2,0.5,13,0.75,5000000,0.375,0,3.261565126,3.18924369743,0.0723214285712,0.0723214285712,0.0226766705315,s1_sysrisk_samegrid,0.01
s3_sysrisk_seed14,stage3_final,sysrisk,5,2,0.5,14,0.75,5000000,0.5,0,3.59798639449,3.52616780039,0.071818594104,0.071818594104,0.0203673217412,s1_sysrisk_samegrid,0.01
s3_sysrisk_seed08,stage3_final,sysrisk,5,2,0.5,8,0.75,5000000,0.125,0,2.58154047613,2.50973180071,0.0718086754239,0.0718086754239,0.0286120913014,s1_sysrisk_samegrid,0.01
s3_sysrisk_seed01,stage3_final,sysrisk,5,2,0.5,1,0.75,5000000,0,0.3,2.30248483511,2.37415664133,-0.0716718062197,0.0716718062197,0.0301883224435,s1_sysrisk_samegrid,0.01
s3_sysrisk_seed18,stage3_final,sysrisk,5,2,0.5,18,0.75,5000000,0.75,0.2,3.35222432975,3.28065087454,0.0715734552111,0.0715734552111,0.0218168460919,s1_sysrisk_samegrid,0.01
s3_sysrisk_seed13,stage3_final,sysrisk,5,2,0.5,13,0.75,5000000,0.25,1,3.06101932058,2.99020674345,0.0708125771379,0.0708125771379,0.0236814987101,s1_sysrisk_samegrid,0.01
s3_sysrisk_seed07,stage3_final,sysrisk,5,2,0.5,7,0.75,5000000,0.125,0,2.58050059518,2.50973180071,0.0707687944715,0.0707687944715,0.0281977518281,s1_sysrisk_samegrid,0.01
s3_sysrisk_seed08,stage3_final,sysrisk,5,2,0.5,8,0.75,5000000,0.875,0.4,3.40500941907,3.33500295428,0.0700064647877,0.0700064647877,0.0209914251194,s1_sysrisk_samegrid,0.01
s3_sysrisk_seed06,stage3_final,sysrisk,5,2,0.5,6,0.75,5000000,0.625,0.3,3.06089513889,2.99117365583,0.0697214830552,0.0697214830552,0.0233090723166,s1_sysrisk_samegrid,0.01
s3_sysrisk_seed19,stage3_final,sysrisk,5,2,0.5,19,0.75,5000000,0.625,0.3,3.06089513889,2.99117365583,0.0697214830552,0.0697214830552,0.0233090723166,s1_sysrisk_samegrid,0.01
s3_sysrisk_seed11,stage3_final,sysrisk,5,2,0.5,11,0.75,5000000,0.75,0.4,3.24224782925,3.17265481347,0.0695930157763,0.0695930157763,0.0219352623805,s1_sysrisk_samegrid,0.01
s3_sysrisk_seed01,stage3_final,sysrisk,5,2,0.5,1,0.75,5000000,0.625,0.3,3.06045994548,2.99117365583,0.0692862896463,0.0692862896463,0.0231635797912,s1_sysrisk_samegrid,0.01
s3_sysrisk_seed07,stage3_final,sysrisk,5,2,0.5,7,0.75,5000000,0.875,0.4,3.40413335183,3.33500295428,0.0691303975425,0.0691303975425,0.0207287365229,s1_sysrisk_samegrid,0.01
s3_sysrisk_seed19,stage3_final,sysrisk,5,2,0.5,19,0.75,5000000,0.25,0,2.91947619039,2.85040974521,0.0690664451824,0.0690664451824,0.0242303568105,s1_sysrisk_samegrid,0.01
s3_sysrisk_seed14,stage3_final,sysrisk,5,2,0.5,14,0.75,5000000,0.5,0.3,2.91438504958,2.84532654751,0.0690585020682,0.0690585020682,0.0242708528933,s1_sysrisk_samegrid,0.01
s3_sysrisk_seed16,stage3_final,sysrisk,5,2,0.5,16,0.75,5000000,0.5,0.3,2.91438504958,2.84532654751,0.0690585020682,0.0690585020682,0.0242708528933,s1_sysrisk_samegrid,0.01
s3_sysrisk_seed08,stage3_final,sysrisk,5,2,0.5,8,0.75,5000000,1,0.3,3.62095238092,3.55238095235,0.0685714285714,0.0685714285714,0.0193029490618,s1_sysrisk_samegrid,0.01
s3_sysrisk_seed13,stage3_final,sysrisk,5,2,0.5,13,0.75,5000000,1,0.3,3.62095238092,3.55238095235,0.0685714285714,0.0685714285714,0.0193029490618,s1_sysrisk_samegrid,0.01
s3_sysrisk_seed14,stage3_final,sysrisk,5,2,0.5,14,0.75,5000000,1,0.1,4.35809523805,4.28952380948,0.0685714285699,0.0685714285699,0.0159857904083,s1_sysrisk_samegrid,0.01
s3_sysrisk_seed04,stage3_final,sysrisk,5,2,0.5,4,0.75,5000000,0.5,0.3,2.91371870668,2.84532654751,0.0683921591645,0.0683921591645,0.0240366643415,s1_sysrisk_samegrid,0.01
s3_sysrisk_seed15,stage3_final,sysrisk,5,2,0.5,15,0.75,5000000,0.25,0.1,2.76279734211,2.69444734624,0.0683499958701,0.0683499958701,0.0253669814574,s1_sysrisk_samegrid,0.01
s3_sysrisk_seed05,stage3_final,sysrisk,5,2,0.5,5,0.75,5000000,0.5,0.3,2.91358748841,2.84532654751,0.0682609408976,0.0682609408976,0.0239905472211,s1_sysrisk_samegrid,0.01
s3_sysrisk_seed14,stage3_final,sysrisk,5,2,0.5,14,0.75,5000000,0.875,1,3.20771282693,3.27569398697,-0.0679811600359,0.0679811600359,0.0207532084213,s1_sysrisk_samegrid,0.01
s3_sysrisk_seed11,stage3_final,sysrisk,5,2,0.5,11,0.75,5000000,0.125,0,2.57734199128,2.50973180071,0.0676101905754,0.0676101905754,0.0269392094232,s1_sysrisk_samegrid,0.01
s3_sysrisk_seed17,stage3_final,sysrisk,5,2,0.5,17,0.75,5000000,0.625,0.05,3.71358347669,3.64620137686,0.0673820998276,0.0673820998276,0.018480081834,s1_sysrisk_samegrid,0.01
s3_sysrisk_seed10,stage3_final,sysrisk,5,2,0.5,10,0.75,5000000,0,0.3,2.3067940357,2.37415664133,-0.0673626056292,0.0673626056292,0.0283732776754,s1_sysrisk_samegrid,0.01
s3_sysrisk_seed01,stage3_final,sysrisk,5,2,0.5,1,0.75,5000000,0,1,2.86558411924,2.93291944096,-0.0673353217178,0.0673353217178,0.0229584627445,s1_sysrisk_samegrid,0.01
s3_sysrisk_seed06,stage3_final,sysrisk,5,2,0.5,6,0.75,5000000,0.375,0,3.25624649855,3.18924369743,0.0670028011203,0.0670028011203,0.021008993817,s1_sysrisk_samegrid,0.01
s3_sysrisk_seed11,stage3_final,sysrisk,5,2,0.5,11,0.75,5000000,0.25,0.1,2.76060797334,2.69444734624,0.0661606270993,0.0661606270993,0.024554433098,s1_sysrisk_samegrid,0.01
s3_sysrisk_seed17,stage3_final,sysrisk,5,2,0.5,17,0.75,5000000,0.25,0.1,2.76060797334,2.69444734624,0.0661606270993,0.0661606270993,0.024554433098,s1_sysrisk_samegrid,0.01
s3_sysrisk_seed01,stage3_final,sysrisk,5,2,0.5,1,0.75,5000000,0.25,0.1,2.76032930501,2.69444734624,0.0658819587715,0.0658819587715,0.0244510099125,s1_sysrisk_samegrid,0.01
s3_sysrisk_seed10,stage3_final,sysrisk,5,2,0.5,10,0.75,5000000,0.5,0.3,2.91118187837,2.84532654751,0.0658553308604,0.0658553308604,0.0231450871317,s1_sysrisk_samegrid,0.01
s3_sysrisk_seed08,stage3_final,sysrisk,5,2,0.5,8,0.75,5000000,0.5,0.3,2.91038760083,2.84532654751,0.0650610533199,0.0650610533199,0.0228659355028,s1_sysrisk_samegrid,0.01
s3_sysrisk_seed06,stage3_final,sysrisk,5,2,0.5,6,0.75,5000000,0.875,0.3,3.40413335183,3.3391186418,0.0650147100235,0.0650147100235,0.0194706199443,s1_sysrisk_samegrid,0.01
s3_sysrisk_seed19,stage3_final,sysrisk,5,2,0.5,19,0.75,5000000,0.875,0.3,3.40413335183,3.3391186418,0.0650147100235,0.0650147100235,0.0194706199443,s1_sysrisk_samegrid,0.01
s3_sysrisk_seed02,stage3_final,sysrisk,5,2,0.5,2,0.75,5000000,0.625,1,3.06173484028,3.12669419497,-0.0649593546889,0.0649593546889,0.0207757300964,s1_sysrisk_samegrid,0.01
s3_sysrisk_seed13,stage3_final,sysrisk,5,2,0.5,13,0.75,5000000,0.375,1,3.09217272858,3.02744778722,0.0647249413591,0.0647249413591,0.0213793749416,s1_sysrisk_samegrid,0.01
s3_sysrisk_seed19,stage3_final,sysrisk,5,2,0.5,19,0.75,5000000,0,1,2.99759377442,2.93291944096,0.0646743334647,0.0646743334647,0.0220511796409,s1_sysrisk_samegrid,0.01
s3_sysrisk_seed00,stage3_final,sysrisk,5,2,0.5,0,0.75,5000000,0.25,0,2.91440075362,2.85040974521,0.0639910084127,0.0639910084127,0.0224497578007,s1_sysrisk_samegrid,0.01
s3_sysrisk_seed12,stage3_final,sysrisk,5,2,0.5,12,0.75,5000000,0.75,0,4.25768991909,4.19400696856,0.0636829505317,0.0636829505317,0.0151842738958,s1_sysrisk_samegrid,0.01
s3_sysrisk_seed01,stage3_final,sysrisk,5,2,0.5,1,0.75,5000000,0,0.75,2.81935319477,2.88296533839,-0.0636121436296,0.0636121436296,0.0220648312286,s1_sysrisk_samegrid,0.01
s3_sysrisk_seed05,stage3_final,sysrisk,5,2,0.5,5,0.75,5000000,0,1,2.99644404547,2.93291944096,0.0635246045154,0.0635246045154,0.0216591712777,s1_sysrisk_samegrid,0.01
s3_sysrisk_seed11,stage3_final,sysrisk,5,2,0.5,11,0.75,5000000,0.625,0.2,3.16081700262,3.09756311184,0.063253890778,0.063253890778,0.0204205333335,s1_sysrisk_samegrid,0.01
s3_sysrisk_seed07,stage3_final,sysrisk,5,2,0.5,7,0.75,5000000,0.375,0.1,3.01172619042,2.9485106026,0.0632155878253,0.0632155878253,0.0214398373774,s1_sysrisk_samegrid,0.01
s3_sysrisk_seed01,stage3_final,sysrisk,5,2,0.5,1,0.75,5000000,0.875,0.3,3.40216861209,3.3391186418,0.0630499702834,0.0630499702834,0.0188822192461,s1_sysrisk_samegrid,0.01
s3_sysrisk_seed00,stage3_final,sysrisk,5,2,0.5,0,0.75,5000000,0.625,0.05,3.70917093391,3.64620137686,0.0629695570497,0.0629695570497,0.0172699065524,s1_sysrisk_samegrid,0.01
s3_sysrisk_seed11,stage3_final,sysrisk,5,2,0.5,11,0.75,5000000,1,0.3,3.61523809521,3.55238095235,0.0628571428571,0.0628571428571,0.0176943699733,s1_sysrisk_samegrid,0.01
s3_sysrisk_seed02,stage3_final,sysrisk,5,2,0.5,2,0.75,5000000,1,0,4.91619047614,4.85333333329,0.0628571428564,0.0628571428564,0.0129513343799,s1_sysrisk_samegrid,0.01
s3_sysrisk_seed13,stage3_final,sysrisk,5,2,0.5,13,0.75,5000000,0.5,0.3,2.90807184902,2.84532654751,0.0627453015048,0.0627453015048,0.0220520564009,s1_sysrisk_samegrid,0.01
s3_sysrisk_seed07,stage3_final,sysrisk,5,2,0.5,7,0.75,5000000,0.625,0.05,3.70853471019,3.64620137686,0.0623333333331,0.0623333333331,0.0170954170904,s1_sysrisk_samegrid,0.01
s3_sysrisk_seed12,stage3_final,sysrisk,5,2,0.5,12,0.75,5000000,0.625,0.05,3.70853471019,3.64620137686,0.0623333333331,0.0623333333331,0.0170954170904,s1_sysrisk_samegrid,0.01
s3_sysrisk_seed15,stage3_final,sysrisk,5,2,0.5,15,0.75,5000000,0.625,0.05,3.70853471019,3.64620137686,0.0623333333331,0.0623333333331,0.0170954170904,s1_sysrisk_samegrid,0.01
s3_sysrisk_seed19,stage3_final,sysrisk,5,2,0.5,19,0.75,5000000,0.625,0.05,3.70853471019,3.64620137686,0.0623333333331,0.0623333333331,0.0170954170904,s1_sysrisk_samegrid,0.01
s3_sysrisk_seed09,stage3_final,sysrisk,5,2,0.5,9,0.75,5000000,0.5,0.05,3.4173741496,3.35547392284,0.0619002267572,0.0619002267572,0.0184475362291,s1_sysrisk_samegrid,0.01
s3_sysrisk_seed11,stage3_final,sysrisk,5,2,0.5,11,0.75,5000000,0.5,0.05,3.4173741496,3.35547392284,0.0619002267572,0.0619002267572,0.0184475362291,s1_sysrisk_samegrid,0.01
s3_sysrisk_seed16,stage3_final,sysrisk,5,2,0.5,16,0.75,5000000,0.5,0.05,3.4173741496,3.35547392284,0.0619002267572,0.0619002267572,0.0184475362291,s1_sysrisk_samegrid,0.01
s3_sysrisk_seed06,stage3_final,sysrisk,5,2,0.5,6,0.75,5000000,0.25,0.1,2.75620964934,2.69444734624,0.0617623031047,0.0617623031047,0.0229220671879,s1_sysrisk_samegrid,0.01
s3_sysrisk_seed03,stage3_final,sysrisk,5,2,0.5,3,0.75,5000000,0.25,0.1,2.75615797334,2.69444734624,0.0617106270993,0.0617106270993,0.0229028884849,s1_sysrisk_samegrid,0.01
s3_sysrisk_seed03,stage3_final,sysrisk,5,2,0.5,3,0.75,5000000,0,1,2.99437493993,2.93291944096,0.061455498977,0.061455498977,0.0209536948471,s1_sysrisk_samegrid,0.01
s3_sysrisk_seed04,stage3_final,sysrisk,5,2,0.5,4,0.75,5000000,0.75,0.2,3.34175262363,3.28065087454,0.0611017490866,0.0611017490866,0.0186248861653,s1_sysrisk_samegrid,0.01
s3_sysrisk_seed17,stage3_final,sysrisk,5,2,0.5,17,0.75,5000000,1,0.3,3.6133333333,3.55238095235,0.0609523809524,0.0609523809524,0.0171581769438,s1_sysrisk_samegrid,0.01
s3_sysrisk_seed01,stage3_final,sysrisk,5,2,0.5,1,0.75,5000000,0.125,1,2.89819654289,2.9590811486,-0.0608846057113,0.0608846057113,0.0205755106581,s1_sysrisk_samegrid,0.01
s3_sysrisk_seed17,stage3_final,sysrisk,5,2,0.5,17,0.75,5000000,0.5,0.3,2.90584969991,2.84532654751,0.0605231523954,0.0605231523954,0.0212710742984,s1_sysrisk_samegrid,0.01
s3_sysrisk_seed18,stage3_final,sysrisk,5,2,0.5,18,0.75,5000000,0.375,0,3.24974789911,3.18924369743,0.0605042016805,0.0605042016805,0.0189713322094,s1_sysrisk_samegrid,0.01
s3_sysrisk_seed06,stage3_final,sysrisk,5,2,0.5,6,0.75,5000000,0.5,0.05,3.41585487522,3.35547392284,0.0603809523808,0.0603809523808,0.0179947613271,s1_sysrisk_samegrid,0.01
s3_sysrisk_seed13,stage3_final,sysrisk,5,2,0.5,13,0.75,5000000,0.5,0.05,3.41585487522,3.35547392284,0.0603809523808,0.0603809523808,0.0179947613271,s1_sysrisk_samegrid,0.01
s3_sysrisk_seed16,stage3_final,sysrisk,5,2,0.5,16,0.75,5000000,0.875,0.2,3.53186822828,3.47154410776,0.060324120519,0.060324120519,0.0173767403341,s1_sysrisk_samegrid,0.01
s3_sysrisk_seed02,stage3_final,sysrisk,5,2,0.5,2,0.75,5000000,0.5,0.2,2.98102896427,2.92080623966,0.0602227246062,0.0602227246062,0.0206185277847,s1_sysrisk_samegrid,0.01
s3_sysrisk_seed11,stage3_final,sysrisk,5,2,0.5,11,0.75,5000000,0.625,0.4,3.08430379653,3.02408408301,0.0602197135118,0.0602197135118,0.01991337273,s1_sysrisk_samegrid,0.01
s3_sysrisk_seed11,stage3_final,sysrisk,5,2,0.5,11,0.75,5000000,0.5,0.3,2.9053517561,2.84532654751,0.0600252085896,0.0600252085896,0.0210960702004,s1_sysrisk_samegrid,0.01
s3_sysrisk_seed04,stage3_final,sysrisk,5,2,0.5,4,0.75,5000000,0.625,0.2,3.15757315066,3.09756311184,0.0600100388198,0.0600100388198,0.0193733062582,s1_sysrisk_samegrid,0.01
s3_sysrisk_seed18,stage3_final,sysrisk,5,2,0.5,18,0.75,5000000,0.625,0.2,3.15748216657,3.09756311184,0.0599190547223,0.0599190547223,0.0193439334596,s1_sysrisk_samegrid,0.01
s3_sysrisk_seed03,stage3_final,sysrisk,5,2,0.5,3,0.75,5000000,0.625,0,3.92076742677,3.86111302345,0.0596544033269,0.0596544033269,0.0154500536412,s1_sysrisk_samegrid,0.01
s3_sysrisk_seed03,stage3_final,sysrisk,5,2,0.5,3,0.75,5000000,0.75,0,4.25361382105,4.19400696856,0.0596068524961,0.0596068524961,0.0142123875671,s1_sysrisk_samegrid,0.01
s3_sysrisk_seed07,stage3_final,sysrisk,5,2,0.5,7,0.75,5000000,0.125,0.4,2.46896051834,2.52831939279,-0.0593588744467,0.0593588744467,0.0234776012144,s1_sysrisk_samegrid,0.01
s3_sysrisk_seed09,stage3_final,sysrisk,5,2,0.5,9,0.75,5000000,0,1,2.9913774462,2.93291944096,0.0584580052427,0.0584580052427,0.0199316777769,s1_sysrisk_samegrid,0.01
s3_sysrisk_seed08,stage3_final,sysrisk,5,2,0.5,8,0.75,5000000,0.75,0.4,3.23090352408,3.17265481347,0.0582487106053,0.0582487106053,0.0183596117541,s1_sysrisk_samegrid,0.01
s3_sysrisk_seed01,stage3_final,sysrisk,5,2,0.5,1,0.75,5000000,0.125,0.75,2.84951635667,2.90768994815,-0.0581735914793,0.0581735914793,0.0200068069556,s1_sysrisk_samegrid,0.01
s3_sysrisk_seed13,stage3_final,sysrisk,5,2,0.5,13,0.75,5000000,0.25,0.1,2.75260797334,2.69444734624,0.0581606270993,0.0581606270993,0.0215853641306,s1_sysrisk_samegrid,0.01
s3_sysrisk_seed04,stage3_final,sysrisk,5,2,0.5,4,0.75,5000000,0,0.3,2.31610858023,2.37415664133,-0.0580480610938,0.0580480610938,0.0244499710269,s1_sysrisk_samegrid,0.01
s3_sysrisk_seed14,stage3_final,sysrisk,5,2,0.5,14,0.75,5000000,0,1,2.99043484724,2.93291944096,0.0575154062815,0.0575154062815,0.0196102918745,s1_sysrisk_samegrid,0.01
s3_sysrisk_seed15,stage3_final,sysrisk,5,2,0.5,15,0.75,5000000,0,1,2.99037645027,2.93291944096,0.057457009314,0.057457009314,0.019590381008,s1_sysrisk_samegrid,0.01
s3_sysrisk_seed12,stage3_final,sysrisk,5,2,0.5,12,0.75,5000000,0,0.3,2.31676311145,2.37415664133,-0.0573935298744,0.0573935298744,0.0241742810375,s1_sysrisk_samegrid,0.01
s3_sysrisk_seed15,stage3_final,sysrisk,5,2,0.5,15,0.75,5000000,0,0.3,2.31676311145,2.37415664133,-0.0573935298744,0.0573935298744,0.0241742810375,s1_sysrisk_samegrid,0.01
s3_sysrisk_seed13,stage3_final,sysrisk,5,2,0.5,13,0.75,5000000,0.5,1,3.12966629251,3.07229131016,0.0573749823498,0.0573749823498,0.0186749811647,s1_sysrisk_samegrid,0.01
s3_sysrisk_seed06,stage3_final,sysrisk,5,2,0.5,6,0.75,5000000,0.5,0.3,2.90248249186,2.84532654751,0.0571559443413,0.0571559443413,0.0200876572115,s1_sysrisk_samegrid,0.01
s3_sysrisk_seed19,stage3_final,sysrisk,5,2,0.5,19,0.75,5000000,0.5,0.3,2.90248249186,2.84532654751,0.0571559443413,0.0571559443413,0.0200876572115,s1_sysrisk_samegrid,0.01
s3_sysrisk_seed04,stage3_final,sysrisk,5,2,0.5,4,0.75,5000000,0.875,0.2,3.52843148074,3.47154410776,0.0568873729779,0.0568873729779,0.0163867637029,s1_sysrisk_samegrid,0.01
s3_sysrisk_seed05,stage3_final,sysrisk,5,2,0.5,5,0.75,5000000,0,0.4,2.36572617089,2.42253671701,-0.0568105461162,0.0568105461162,0.0234508503906,s1_sysrisk_samegrid,0.01
s3_sysrisk_seed03,stage3_final,sysrisk,5,2,0.5,3,0.75,5000000,0.5,0,3.58273469381,3.52616780039,0.0565668934236,0.0565668934236,0.0160420310733,s1_sysrisk_samegrid,0.01
s3_sysrisk_seed05,stage3_final,sysrisk,5,2,0.5,5,0.75,5000000,0.125,0,2.56615205622,2.50973180071,0.0564202555105,0.0564202555105,0.0224805915495,s1_sysrisk_samegrid,0.01
s3_sysrisk_seed11,stage3_final,sysrisk,5,2,0.5,11,0.75,5000000,0,1,2.98929836109,2.93291944096,0.0563789201278,0.0563789201278,0.0192227987378,s1_sysrisk_samegrid,0.01
s3_sysrisk_seed14,stage3_final,sysrisk,5,2,0.5,14,0.75,5000000,0.375,0,3.24560224084,3.18924369743,0.0563585434172,0.0563585434172,0.0176714446321,s1_sysrisk_samegrid,0.01
s3_sysrisk_seed03,stage3_final,sysrisk,5,2,0.5,3,0.75,5000000,0.875,0,4.5810540123,4.52477366251,0.0562803497936,0.0562803497936,0.0124382685171,s1_sysrisk_samegrid,0.01
s3_sysrisk_seed03,stage3_final,sysrisk,5,2,0.5,3,0.75,5000000,0.625,0.2,3.15299802011,3.09756311184,0.0554349082631,0.0554349082631,0.0178962966246,s1_sysrisk_samegrid,0.01
s3_sysrisk_seed01,stage3_final,sysrisk,5,2,0.5,1,0.75,5000000,0.5,0.3,2.90073588555,2.84532654751,0.0554093380318,0.0554093380318,0.0194738062948,s1_sysrisk_samegrid,0.01
s3_sysrisk_seed10,stage3_final,sysrisk,5,2,0.5,10,0.75,5000000,0.125,0,2.56511952108,2.50973180071,0.0553877203718,0.0553877203718,0.022069179008,s1_sysrisk_samegrid,0.01
s3_sysrisk_seed03,stage3_final,sysrisk,5,2,0.5,3,0.75,5000000,1,0.05,4.55809523805,4.50285714281,0.0552380952381,0.0552380952381,0.0122673434857,s1_sysrisk_samegrid,0.01
s3_sysrisk_seed05,stage3_final,sysrisk,5,2,0.5,5,0.75,5000000,1,0.4,3.56952380949,3.51428571426,0.0552380952381,0.0552380952381,0.0157181571817,s1_sysrisk_samegrid,0.01
s3_sysrisk_seed17,stage3_final,sysrisk,5,2,0.5,17,0.75,5000000,1,0.4,3.56952380949,3.51428571426,0.0552380952381,0.0552380952381,0.0157181571817,s1_sysrisk_samegrid,0.01
s3_sysrisk_seed18,stage3_final,sysrisk,5,2,0.5,18,0.75,5000000,1,0.4,3.56952380949,3.51428571426,0.0552380952381,0.0552380952381,0.0157181571817,s1_sysrisk_samegrid,0.01
s3_sysrisk_seed13,stage3_final,sysrisk,5,2,0.5,13,0.75,5000000,0.25,0,2.90545625684,2.85040974521,0.0550465116276,0.0550465116276,0.0193117890227,s1_sysrisk_samegrid,0.01
s3_sysrisk_seed07,stage3_final,sysrisk,5,2,0.5,7,0.75,5000000,0.75,0.4,3.2276510224,3.17265481347,0.0549962089326,0.0549962089326,0.0173344445475,s1_sysrisk_samegrid,0.01
s3_sysrisk_seed04,stage3_final,sysrisk,5,2,0.5,4,0.75,5000000,0.5,0.2,2.9756894659,2.92080623966,0.0548832262339,0.0548832262339,0.0187904372048,s1_sysrisk_samegrid,0.01
s3_sysrisk_seed02,stage3_final,sysrisk,5,2,0.5,2,0.75,5000000,0.875,0,4.57959876539,4.52477366251,0.0548251028802,0.0548251028802,0.0121166509022,s1_sysrisk_samegrid,0.01
s3_sysrisk_seed00,stage3_final,sysrisk,5,2,0.5,0,0.75,5000000,0,1,2.98766547862,2.93291944096,0.054746037659,0.054746037659,0.0186660557036,s1_sysrisk_samegrid,0.01
s3_sysrisk_seed01,stage3_final,sysrisk,5,2,0.5,1,0.75,5000000,0.25,1,2.93586306484,2.99020674345,-0.0543436786076,0.0543436786076,0.0181738867143,s1_sysrisk_samegrid,0.01
s3_sysrisk_seed17,stage3_final,sysrisk,5,2,0.5,17,0.75,5000000,0.5,0.05,3.40928798179,3.35547392284,0.0538140589568,0.0538140589568,0.0160376924972,s1_sysrisk_samegrid,0.01
s3_sysrisk_seed00,stage3_final,sysrisk,5,2,0.5,0,0.75,5000000,0.625,0.2,3.15136314905,3.09756311184,0.0538000372084,0.0538000372084,0.017368503971,s1_sysrisk_samegrid,0.01
s3_sysrisk_seed18,stage3_final,sysrisk,5,2,0.5,18,0.75,5000000,0.875,0.4,3.38851631642,3.33500295428,0.05351336214,0.05351336214,0.016045971435,s1_sysrisk_samegrid,0.01
s3_sysrisk_seed01,stage3_final,sysrisk,5,2,0.5,1,0.75,5000000,0.25,0.75,2.88360345798,2.93709742737,-0.0534939693892,0.0534939693892,0.0182132090311,s1_sysrisk_samegrid,0.01
s3_sysrisk_seed19,stage3_final,sysrisk,5,2,0.5,19,0.75,5000000,0.125,1,3.01254983966,2.9590811486,0.0534686910612,0.0534686910612,0.0180693561197,s1_sysrisk_samegrid,0.01
s3_sysrisk_seed15,stage3_final,sysrisk,5,2,0.5,15,0.75,5000000,0.125,1,3.01248850587,2.9590811486,0.0534073572762,0.0534073572762,0.0180486288122,s1_sysrisk_samegrid,0.01
s3_sysrisk_seed11,stage3_final,sysrisk,5,2,0.5,11,0.75,5000000,0.125,1,3.01179422619,2.9590811486,0.052713077592,0.052713077592,0.0178140020313,s1_sysrisk_samegrid,0.01
s3_sysrisk_seed02,stage3_final,sysrisk,5,2,0.5,2,0.75,5000000,0.5,1,3.01962832497,3.07229131016,-0.0526629851921,0.0526629851921,0.017141273361,s1_sysrisk_samegrid,0.01
s3_sysrisk_seed17,stage3_final,sysrisk,5,2,0.5,17,0.75,5000000,0.875,0.4,3.38742739745,3.33500295428,0.0524244431699,0.0524244431699,0.0157194592894,s1_sysrisk_samegrid,0.01
s3_sysrisk_seed00,stage3_final,sysrisk,5,2,0.5,0,0.75,5000000,0.75,0.2,3.3328245233,3.28065087454,0.0521736487545,0.0521736487545,0.0159034443925,s1_sysrisk_samegrid,0.01
s3_sysrisk_seed15,stage3_final,sysrisk,5,2,0.5,15,0.75,5000000,0,0.75,2.83084824916,2.88296533839,-0.0521170892389,0.0521170892389,0.0180775982787,s1_sysrisk_samegrid,0.01
s3_sysrisk_seed12,stage3_final,sysrisk,5,2,0.5,12,0.75,5000000,0.625,0,3.91293730321,3.86111302345,0.0518242797623,0.0518242797623,0.0134221089742,s1_sysrisk_samegrid,0.01
s3_sysrisk_seed16,stage3_final,sysrisk,5,2,0.5,16,0.75,5000000,0.25,0,2.90160534528,2.85040974521,0.0511956000725,0.0511956000725,0.0179607862198,s1_sysrisk_samegrid,0.01
s3_sysrisk_seed00,stage3_final,sysrisk,5,2,0.5,0,0.75,5000000,0.5,0.2,2.97197026117,2.92080623966,0.0511640215024,0.0511640215024,0.017517088538,s1_sysrisk_samegrid,0.01
s3_sysrisk_seed00,stage3_final,sysrisk,5,2,0.5,0,0.75,5000000,0.5,0.05,3.40628108133,3.35547392284,0.0508071584954,0.0508071584954,0.0151415745328,s1_sysrisk_samegrid,0.01
s3_sysrisk_seed14,stage3_final,sysrisk,5,2,0.5,14,0.75,5000000,0.25,0.1,2.74521251791,2.69444734624,0.050765171673,0.050765171673,0.0188406619798,s1_sysrisk_samegrid,0.01
s3_sysrisk_seed05,stage3_final,sysrisk,5,2,0.5,5,0.75,5000000,0.125,1,3.0098167075,2.9590811486,0.0507355588988,0.0507355588988,0.0171457139399,s1_sysrisk_samegrid,0.01
s3_sysrisk_seed03,stage3_final,sysrisk,5,2,0.5,3,0.75,5000000,0.375,0,3.23972514,3.18924369743,0.0504814425768,0.0504814425768,0.0158286563731,s1_sysrisk_samegrid,0.01
s3_sysrisk_seed18,stage3_final,sysrisk,5,2,0.5,18,0.75,5000000,0.75,0.4,3.22303541574,3.17265481347,0.0503806022665,0.0503806022665,0.0158796355823,s1_sysrisk_samegrid,0.01
s3_sysrisk_seed07,stage3_final,sysrisk,5,2,0.5,7,0.75,5000000,0.5,0.05,3.40556916093,3.35547392284,0.0500952380951,0.0500952380951,0.0149294076625,s1_sysrisk_samegrid,0.01
s3_sysrisk_seed12,stage3_final,sysrisk,5,2,0.5,12,0.75,5000000,0.5,0.05,3.40556916093,3.35547392284,0.0500952380951,0.0500952380951,0.0149294076625,s1_sysrisk_samegrid,0.01
s3_sysrisk_seed15,stage3_final,sysrisk,5,2,0.5,15,0.75,5000000,0.5,0.05,3.40556916093,3.35547392284,0.0500952380951,0.0500952380951,0.0149294076625,s1_sysrisk_samegrid,0.01
s3_sysrisk_seed19,stage3_final,sysrisk,5,2,0.5,19,0.75,5000000,0.5,0.05,3.40556916093,3.35547392284,0.0500952380951,0.0500952380951,0.0149294076625,s1_sysrisk_samegrid,0.01
s3_sysrisk_seed17,stage3_final,sysrisk,5,2,0.5,17,0.75,5000000,0.75,0.4,3.22242539756,3.17265481347,0.0497705840902,0.0497705840902,0.0156873618519,s1_sysrisk_samegrid,0.01
s3_sysrisk_seed01,stage3_final,sysrisk,5,2,0.5,1,0.75,5000000,0.375,0.75,2.92248966682,2.97220433913,-0.0497146723139,0.0497146723139,0.0167265324458,s1_sysrisk_samegrid,0.01
s3_sysrisk_seed00,stage3_final,sysrisk,5,2,0.5,0,0.75,5000000,1,0.3,3.60190476187,3.55238095235,0.0495238095238,0.0495238095238,0.0139410187669,s1_sysrisk_samegrid,0.01
s3_sysrisk_seed02,stage3_final,sysrisk,5,2,0.5,2,0.75,5000000,1,0.3,3.60190476187,3.55238095235,0.0495238095238,0.0495238095238,0.0139410187669,s1_sysrisk_samegrid,0.01
s3_sysrisk_seed18,stage3_final,sysrisk,5,2,0.5,18,0.75,5000000,1,0.3,3.60190476187,3.55238095235,0.0495238095238,0.0495238095238,0.0139410187669,s1_sysrisk_samegrid,0.01
s3_sysrisk_seed15,stage3_final,sysrisk,5,2,0.5,15,0.75,5000000,1,0.5,3.32571428569,3.27619047617,0.0495238095231,0.0495238095231,0.0151162790697,s1_sysrisk_samegrid,0.01
s3_sysrisk_seed19,stage3_final,sysrisk,5,2,0.5,19,0.75,5000000,1,0.5,3.32571428569,3.27619047617,0.0495238095231,0.0495238095231,0.0151162790697,s1_sysrisk_samegrid,0.01
s3_sysrisk_seed03,stage3_final,sysrisk,5,2,0.5,3,0.75,5000000,1,0,4.90285714281,4.85333333329,0.049523809523,0.049523809523,0.0102040816326,s1_sysrisk_samegrid,0.01
s3_sysrisk_seed07,stage3_final,sysrisk,5,2,0.5,7,0.75,5000000,1,0.5,3.22666666664,3.27619047617,-0.0495238095229,0.0495238095229,0.0151162790696,s1_sysrisk_samegrid,0.01
s3_sysrisk_seed18,stage3_final,sysrisk,5,2,0.5,18,0.75,5000000,1,0.5,3.22666666664,3.27619047617,-0.0495238095229,0.0495238095229,0.0151162790696,s1_sysrisk_samegrid,0.01
s3_sysrisk_seed09,stage3_final,sysrisk,5,2,0.5,9,0.75,5000000,0.375,0.3,2.76242253193,2.71311910723,0.0493034246995,0.0493034246995,0.0181722300979,s1_sysrisk_samegrid,0.01
s3_sysrisk_seed08,stage3_final,sysrisk,5,2,0.5,8,0.75,5000000,0,0.3,2.32501599851,2.37415664133,-0.0491406428123,0.0491406428123,0.0206981468522,s1_sysrisk_samegrid,0.01
s3_sysrisk_seed03,stage3_final,sysrisk,5,2,0.5,3,0.75,5000000,0.875,0.05,4.26887801289,4.21998883006,0.0488891828336,0.0488891828336,0.0115851450803,s1_sysrisk_samegrid,0.01
s3_sysrisk_seed12,stage3_final,sysrisk,5,2,0.5,12,0.75,5000000,0,1,2.98154806014,2.93291944096,0.048628619179,0.048628619179,0.0165802778283,s1_sysrisk_samegrid,0.01
s3_sysrisk_seed14,stage3_final,sysrisk,5,2,0.5,14,0.75,5000000,0.75,1,3.14469858577,3.19328718448,-0.048588598712,0.048588598712,0.0152158562337,s1_sysrisk_samegrid,0.01
s3_sysrisk_seed16,stage3_final,sysrisk,5,2,0.5,16,0.75,5000000,1,1,3.33047619045,3.37904761902,-0.0485714285708,0.0485714285708,0.0143742953776,s1_sysrisk_samegrid,0.01
s3_sysrisk_seed15,stage3_final,sysrisk,5,2,0.5,15,0.75,5000000,0.125,0,2.55827705622,2.50973180071,0.0485452555105,0.0485452555105,0.0193428060707,s1_sysrisk_samegrid,0.01
s3_sysrisk_seed13,stage3_final,sysrisk,5,2,0.5,13,0.75,5000000,0.625,1,3.17523179884,3.12669419497,0.0485376038639,0.0485376038639,0.0155236172255,s1_sysrisk_samegrid,0.01
s3_sysrisk_seed14,stage3_final,sysrisk,5,2,0.5,14,0.75,5000000,0,0.3,2.32567052973,2.37415664133,-0.0484861115929,0.0484861115929,0.0204224568628,s1_sysrisk_samegrid,0.01
s3_sysrisk_seed16,stage3_final,sysrisk,5,2,0.5,16,0.75,5000000,0,0.3,2.32567052973,2.37415664133,-0.0484861115929,0.0484861115929,0.0204224568628,s1_sysrisk_samegrid,0.01
s3_sysrisk_seed18,stage3_final,sysrisk,5,2,0.5,18,0.75,5000000,0,1,2.98139890764,2.93291944096,0.0484794666874,0.0484794666874,0.0165294232124,s1_sysrisk_samegrid,0.01
s3_sysrisk_seed05,stage3_final,sysrisk,5,2,0.5,5,0.75,5000000,0.875,0.4,3.38321816437,3.33500295428,0.0482152100814,0.0482152100814,0.0144573215503,s1_sysrisk_samegrid,0.01
s3_sysrisk_seed01,stage3_final,sysrisk,5,2,0.5,1,0.75,5000000,0.375,1,2.97926207799,3.02744778722,-0.0481857092329,0.0481857092329,0.0159162808476,s1_sysrisk_samegrid,0.01
s3_sysrisk_seed00,stage3_final,sysrisk,5,2,0.5,0,0.75,5000000,0.125,1,3.00703359549,2.9590811486,0.0479524468883,0.0479524468883,0.0162051814331,s1_sysrisk_samegrid,0.01
s3_sysrisk_seed09,stage3_final,sysrisk,5,2,0.5,9,0.75,5000000,0.125,1,3.00685390595,2.9590811486,0.0477727573499,0.0477727573499,0.0161444566576,s1_sysrisk_samegrid,0.01
s3_sysrisk_seed05,stage3_final,sysrisk,5,2,0.5,5,0.75,5000000,0.25,0.1,2.74213546397,2.69444734624,0.0476881177291,0.0476881177291,0.0176986638079,s1_sysrisk_samegrid,0.01
s3_sysrisk_seed17,stage3_final,sysrisk,5,2,0.5,17,0.75,5000000,0.125,0,2.55738095232,2.50973180071,0.0476491516144,0.0476491516144,0.0189857544145,s1_sysrisk_samegrid,0.01
s3_sysrisk_seed18,stage3_final,sysrisk,5,2,0.5,18,0.75,5000000,0.5,0.2,2.96845202901,2.92080623966,0.0476457893496,0.0476457893496,0.0163125470983,s1_sysrisk_samegrid,0.01
s3_sysrisk_seed11,stage3_final,sysrisk,5,2,0.5,11,0.75,5000000,0,0.4,2.37500598874,2.42253671701,-0.0475307282691,0.0475307282691,0.0196202302881,s1_sysrisk_samegrid,0.01
s3_sysrisk_seed16,stage3_final,sysrisk,5,2,0.5,16,0.75,5000000,0.875,1,3.22820794874,3.27569398697,-0.0474860382244,0.0474860382244,0.0144964817878,s1_sysrisk_samegrid,0.01
s3_sysrisk_seed03,stage3_final,sysrisk,5,2,0.5,3,0.75,5000000,0.125,1,3.006527524,2.9590811486,0.0474463753985,0.0474463753985,0.0160341582457,s1_sysrisk_samegrid,0.01
s3_sysrisk_seed06,stage3_final,sysrisk,5,2,0.5,6,0.75,5000000,0.25,0,2.89783388696,2.85040974521,0.0474241417495,0.0474241417495,0.0166376577365,s1_sysrisk_samegrid,0.01
s3_sysrisk_seed16,stage3_final,sysrisk,5,2,0.5,16,0.75,5000000,0.75,0.2,3.32800570933,3.28065087454,0.0473548347911,0.0473548347911,0.0144345852704,s1_sysrisk_samegrid,0.01
s3_sysrisk_seed11,stage3_final,sysrisk,5,2,0.5,11,0.75,5000000,0.5,0.4,2.93426481366,2.88696230925,0.047302504407,0.047302504407,0.016384870788,s1_sysrisk_samegrid,0.01
s3_sysrisk_seed15,stage3_final,sysrisk,5,2,0.5,15,0.75,5000000,0.125,0.75,2.8604972032,2.90768994815,-0.047192744948,0.047192744948,0.0162303222797,s1_sysrisk_samegrid,0.01
s3_sysrisk_seed15,stage3_final,sysrisk,5,2,0.5,15,0.75,5000000,0.25,1,3.03733619002,2.99020674345,0.0471294465713,0.0471294465713,0.0157612669006,s1_sysrisk_samegrid,0.01
s3_sysrisk_seed19,stage3_final,sysrisk,5,2,0.5,19,0.75,5000000,0.25,0.1,2.74155073358,2.69444734624,0.047103387343,0.047103387343,0.0174816507024,s1_sysrisk_samegrid,0.01
s3_sysrisk_seed06,stage3_final,sysrisk,5,2,0.5,6,0.75,5000000,0.875,0.1,4.05575147463,4.00869088517,0.0470605894587,0.0470605894587,0.011739640398,s1_sysrisk_samegrid,0.01
s3_sysrisk_seed02,stage3_final,sysrisk,5,2,0.5,2,0.75,5000000,0.75,0,4.24096980247,4.19400696856,0.0469628339136,0.0469628339136,0.0111976051222,s1_sysrisk_samegrid,0.01
s3_sysrisk_seed01,stage3_final,sysrisk,5,2,0.5,1,0.75,5000000,0.5,0.75,2.9673790039,3.01433083051,-0.0469518266125,0.0469518266125,0.0155762022327,s1_sysrisk_samegrid,0.01
s3_sysrisk_seed02,stage3_final,sysrisk,5,2,0.5,2,0.75,5000000,0.25,0.05,2.81370210401,2.76679734211,0.0469047619046,0.0469047619046,0.0169527276865,s1_sysrisk_samegrid,0.01
s3_sysrisk_seed04,stage3_final,sysrisk,5,2,0.5,4,0.75,5000000,0.375,0.2,2.7960607817,2.74933035708,0.0467304246206,0.0467304246206,0.0169970205655,s1_sysrisk_samegrid,0.01
s3_sysrisk_seed09,stage3_final,sysrisk,5,2,0.5,9,0.75,5000000,0.375,0.05,3.10901260499,3.06231092432,0.0467016806722,0.0467016806722,0.0152504699315,s1_sysrisk_samegrid,0.01
s3_sysrisk_seed11,stage3_final,sysrisk,5,2,0.5,11,0.75,5000000,0.375,0.05,3.10901260499,3.06231092432,0.0467016806722,0.0467016806722,0.0152504699315,s1_sysrisk_samegrid,0.01
s3_sysrisk_seed16,stage3_final,sysrisk,5,2,0.5,16,0.75,5000000,0.375,0.05,3.10901260499,3.06231092432,0.0467016806722,0.0467016806722,0.0152504699315,s1_sysrisk_samegrid,0.01
s3_sysrisk_seed11,stage3_final,sysrisk,5,2,0.5,11,0.75,5000000,0.25,1,3.03686874371,2.99020674345,0.0466620002614,0.0466620002614,0.0156049411512,s1_sysrisk_samegrid,0.01
s3_sysrisk_seed01,stage3_final,sysrisk,5,2,0.5,1,0.75,5000000,0.125,0,2.55599134193,2.50973180071,0.0462595412248,0.0462595412248,0.0184320656142,s1_sysrisk_samegrid,0.01
s3_sysrisk_seed05,stage3_final,sysrisk,5,2,0.5,5,0.75,5000000,0.875,0.2,3.51748667954,3.47154410776,0.0459425717831,0.0459425717831,0.0132340452424,s1_sysrisk_samegrid,0.01
s3_sysrisk_seed17,stage3_final,sysrisk,5,2,0.5,17,0.75,5000000,0.625,0.4,3.06983302519,3.02408408301,0.04574894218,0.04574894218,0.0151281978028,s1_sysrisk_samegrid,0.01
s3_sysrisk_seed05,stage3_final,sysrisk,5,2,0.5,5,0.75,5000000,1,0.05,4.54857142853,4.50285714281,0.0457142857143,0.0457142857143,0.0101522842641,s1_sysrisk_samegrid,0.01
s3_sysrisk_seed08,stage3_final,sysrisk,5,2,0.5,8,0.75,5000000,1,0.05,4.54857142853,4.50285714281,0.0457142857143,0.0457142857143,0.0101522842641,s1_sysrisk_samegrid,0.01
s3_sysrisk_seed10,stage3_final,sysrisk,5,2,0.5,10,0.75,5000000,1,0.05,4.54857142853,4.50285714281,0.0457142857143,0.0457142857143,0.0101522842641,s1_sysrisk_samegrid,0.01
s3_sysrisk_seed01,stage3_final,sysrisk,5,2,0.5,1,0.75,5000000,1,0.2,3.71809523806,3.67238095235,0.0457142857136,0.0457142857136,0.01244813278,s1_sysrisk_samegrid,0.01
s3_sysrisk_seed04,stage3_final,sysrisk,5,2,0.5,4,0.75,5000000,1,0.2,3.71809523806,3.67238095235,0.0457142857136,0.0457142857136,0.01244813278,s1_sysrisk_samegrid,0.01
s3_sysrisk_seed05,stage3_final,sysrisk,5,2,0.5,5,0.75,5000000,1,0.2,3.71809523806,3.67238095235,0.0457142857136,0.0457142857136,0.01244813278,s1_sysrisk_samegrid,0.01
s3_sysrisk_seed10,stage3_final,sysrisk,5,2,0.5,10,0.75,5000000,1,0.1,4.24380952377,4.28952380948,-0.0457142857101,0.0457142857101,0.0106571936048,s1_sysrisk_samegrid,0.01
s3_sysrisk_seed15,stage3_final,sysrisk,5,2,0.5,15,0.75,5000000,0.875,0.5,3.2016755951,3.15617658867,0.0454990064281,0.0454990064281,0.0144158620882,s1_sysrisk_samegrid,0.01
s3_sysrisk_seed19,stage3_final,sysrisk,5,2,0.5,19,0.75,5000000,0.875,0.5,3.2016755951,3.15617658867,0.0454990064281,0.0454990064281,0.0144158620882,s1_sysrisk_samegrid,0.01
s3_sysrisk_seed00,stage3_final,sysrisk,5,2,0.5,0,0.75,5000000,0.375,0.2,2.7946298241,2.74933035708,0.0452994670199,0.0452994670199,0.016476545608,s1_sysrisk_samegrid,0.01
s3_sysrisk_seed01,stage3_final,sysrisk,5,2,0.5,1,0.75,5000000,0.625,0.75,3.01997544188,3.06522276235,-0.0452473204715,0.0452473204715,0.0147615113091,s1_sysrisk_samegrid,0.01
s3_sysrisk_seed06,stage3_final,sysrisk,5,2,0.5,6,0.75,5000000,0.375,0.05,3.10731092432,3.06231092432,0.0449999999999,0.0449999999999,0.0146947847923,s1_sysrisk_samegrid,0.01
s3_sysrisk_seed13,stage3_final,sysrisk,5,2,0.5,13,0.75,5000000,0.375,0.05,3.10731092432,3.06231092432,0.0449999999999,0.0449999999999,0.0146947847923,s1_sysrisk_samegrid,0.01
s3_sysrisk_seed00,stage3_final,sysrisk,5,2,0.5,0,0.75,5000000,0.875,0.2,3.51651662068,3.47154410776,0.0449725129163,0.0449725129163,0.0129546137166,s1_sysrisk_samegrid,0.01
s3_sysrisk_seed18,stage3_final,sysrisk,5,2,0.5,18,0.75,5000000,0.625,0.4,3.06900929827,3.02408408301,0.044925215258,0.044925215258,0.0148558089077,s1_sysrisk_samegrid,0.01
s3_sysrisk_seed12,stage3_final,sysrisk,5,2,0.5,12,0.75,5000000,0.375,0.3,2.75784462199,2.71311910723,0.044725514758,0.044725514758,0.0164849064823,s1_sysrisk_samegrid,0.01
s3_sysrisk_seed15,stage3_final,sysrisk,5,2,0.5,15,0.75,5000000,0.375,0.3,2.75784462199,2.71311910723,0.044725514758,0.044725514758,0.0164849064823,s1_sysrisk_samegrid,0.01
s3_sysrisk_seed01,stage3_final,sysrisk,5,2,0.5,1,0.75,5000000,0.75,0.75,3.0827679875,3.12723740087,-0.044469413369,0.044469413369,0.0142200311869,s1_sysrisk_samegrid,0.01
s3_sysrisk_seed08,stage3_final,sysrisk,5,2,0.5,8,0.75,5000000,0.625,0.4,3.0684281857,3.02408408301,0.044344102682,0.044344102682,0.0146636473936,s1_sysrisk_samegrid,0.01
s3_sysrisk_seed19,stage3_final,sysrisk,5,2,0.5,19,0.75,5000000,0,0.75,2.83877663973,2.88296533839,-0.044188698661,0.044188698661,0.0153275164542,s1_sysrisk_samegrid,0.01
s3_sysrisk_seed11,stage3_final,sysrisk,5,2,0.5,11,0.75,5000000,0.5,0.2,2.96498477004,2.92080623966,0.0441785303777,0.0441785303777,0.0151254574089,s1_sysrisk_samegrid,0.01
s3_sysrisk_seed14,stage3_final,sysrisk,5,2,0.5,14,0.75,5000000,0.375,0.3,2.75724951291,2.71311910723,0.0441304056767,0.0441304056767,0.0162655614931,s1_sysrisk_samegrid,0.01
s3_sysrisk_seed16,stage3_final,sysrisk,5,2,0.5,16,0.75,5000000,0.375,0.3,2.75724951291,2.71311910723,0.0441304056767,0.0441304056767,0.0162655614931,s1_sysrisk_samegrid,0.01
s3_sysrisk_seed01,stage3_final,sysrisk,5,2,0.5,1,0.75,5000000,0.875,0.75,3.15952415945,3.20363439693,-0.0441102374808,0.0441102374808,0.0137688112985,s1_sysrisk_samegrid,0.01
s3_sysrisk_seed04,stage3_final,sysrisk,5,2,0.5,4,0.75,5000000,0.125,0,2.55379967153,2.50973180071,0.0440678708264,0.0440678708264,0.0175587968459,s1_sysrisk_samegrid,0.01
s3_sysrisk_seed00,stage3_final,sysrisk,5,2,0.5,0,0.75,5000000,0.875,0.3,3.38286434486,3.3391186418,0.0437457030559,0.0437457030559,0.0131009729658,s1_sysrisk_samegrid,0.01
s3_sysrisk_seed02,stage3_final,sysrisk,5,2,0.5,2,0.75,5000000,0.375,0.2,2.79293739599,2.74933035708,0.0436070389089,0.0436070389089,0.0158609673067,s1_sysrisk_samegrid,0.01
s3_sysrisk_seed15,stage3_final,sysrisk,5,2,0.5,15,0.75,5000000,0.25,0.75,2.8938632408,2.93709742737,-0.0432341865617,0.0432341865617,0.0147200382796,s1_sysrisk_samegrid,0.01
s3_sysrisk_seed16,stage3_final,sysrisk,5,2,0.5,16,0.75,5000000,0.75,1,3.15029469574,3.19328718448,-0.0429924887449,0.0429924887449,0.0134633956363,s1_sysrisk_samegrid,0.01
s3_sysrisk_seed05,stage3_final,sysrisk,5,2,0.5,5,0.75,5000000,0.75,0.2,3.32354357174,3.28065087454,0.0428926971936,0.0428926971936,0.0130744473685,s1_sysrisk_samegrid,0.01
s3_sysrisk_seed01,stage3_final,sysrisk,5,2,0.5,1,0.75,5000000,1,0.75,3.25619047617,3.29904761902,-0.0428571428565,0.0428571428565,0.0129907621246,s1_sysrisk_samegrid,0.01
s3_sysrisk_seed01,stage3_final,sysrisk,5,2,0.5,1,0.75,5000000,0.5,1,3.02943442246,3.07229131016,-0.0428568877004,0.0428568877004,0.0139494870029,s1_sysrisk_samegrid,0.01
s3_sysrisk_seed18,stage3_final,sysrisk,5,2,0.5,18,0.75,5000000,0.125,1,3.00175365178,2.9590811486,0.0426725031859,0.0426725031859,0.0144208627756,s1_sysrisk_samegrid,0.01
s3_sysrisk_seed03,stage3_final,sysrisk,5,2,0.5,3,0.75,5000000,0.75,0.05,3.97677468052,3.9344041811,0.0423704994193,0.0423704994193,0.0107692289528,s1_sysrisk_samegrid,0.01
s3_sysrisk_seed18,stage3_final,sysrisk,5,2,0.5,18,0.75,5000000,0.25,0,2.89240310069,2.85040974521,0.0419933554816,0.0419933554816,0.0147323926155,s1_sysrisk_samegrid,0.01
s3_sysrisk_seed14,stage3_final,sysrisk,5,2,0.5,14,0.75,5000000,0.125,1,3.00103841989,2.9590811486,0.0419572712969,0.0419572712969,0.0141791553492,s1_sysrisk_samegrid,0.01
s3_sysrisk_seed07,stage3_final,sysrisk,5,2,0.5,7,0.75,5000000,0.25,0.1,2.73632519797,2.69444734624,0.0418778517354,0.0418778517354,0.0155422787511,s1_sysrisk_samegrid,0.01
s3_sysrisk_seed19,stage3_final,sysrisk,5,2,0.5,19,0.75,5000000,0.25,1,3.03207861701,2.99020674345,0.0418718735638,0.0418718735638,0.0140030028544,s1_sysrisk_samegrid,0.01
s3_sysrisk_seed04,stage3_final,sysrisk,5,2,0.5,4,0.75,5000000,0.375,0.3,2.75472735476,2.71311910723,0.0416082475314,0.0416082475314,0.015335945783,s1_sysrisk_samegrid,0.01
s3_sysrisk_seed03,stage3_final,sysrisk,5,2,0.5,3,0.75,5000000,0.25,0,2.89193853812,2.85040974521,0.0415287929122,0.0415287929122,0.0145694116371,s1_sysrisk_samegrid,0.01
s3_sysrisk_seed10,stage3_final,sysrisk,5,2,0.5,10,0.75,5000000,0.5,0.1,3.24758464299,3.20622550072,0.041359142265,0.041359142265,0.0128996361159,s1_sysrisk_samegrid,0.01
s3_sysrisk_seed10,stage3_final,sysrisk,5,2,0.5,10,0.75,5000000,0.375,0.1,2.98965154056,2.9485106026,0.0411409379654,0.0411409379654,0.0139531253268,s1_sysrisk_samegrid,0.01
s3_sysrisk_seed14,stage3_final,sysrisk,5,2,0.5,14,0.75,5000000,0.25,0,2.89145514942,2.85040974521,0.0410454042081,0.0410454042081,0.0143998259468,s1_sysrisk_samegrid,0.01
s3_sysrisk_seed08,stage3_final,sysrisk,5,2,0.5,8,0.75,5000000,0.375,0.3,2.75413224568,2.71311910723,0.0410131384501,0.0410131384501,0.0151166007938,s1_sysrisk_samegrid,0.01
s3_sysrisk_seed12,stage3_final,sysrisk,5,2,0.5,12,0.75,5000000,0.5,0,3.56710297906,3.52616780039,0.040935178669,0.040935178669,0.0116089706975,s1_sysrisk_samegrid,0.01
s3_sysrisk_seed18,stage3_final,sysrisk,5,2,0.5,18,0.75,5000000,0,0.4,2.38171589137,2.42253671701,-0.0408208256413,0.0408208256413,0.0168504466226,s1_sysrisk_samegrid,0.01
s3_sysrisk_seed15,stage3_final,sysrisk,5,2,0.5,15,0.75,5000000,0.25,0.4,2.5996505559,2.64033830543,-0.040687749533,0.040687749533,0.0154100516018,s1_sysrisk_samegrid,0.01
s3_sysrisk_seed18,stage3_final,sysrisk,5,2,0.5,18,0.75,5000000,0.875,0.5,3.11554393763,3.15617658867,-0.0406326510394,0.0406326510394,0.0128740106575,s1_sysrisk_samegrid,0.01
s3_sysrisk_seed12,stage3_final,sysrisk,5,2,0.5,12,0.75,5000000,0.125,1,2.99967233966,2.9590811486,0.0405911910612,0.0405911910612,0.0137174984473,s1_sysrisk_samegrid,0.01
s3_sysrisk_seed15,stage3_final,sysrisk,5,2,0.5,15,0.75,5000000,0.125,0.4,2.48774138752,2.52831939279,-0.0405780052682,0.0405780052682,0.0160493984201,s1_sysrisk_samegrid,0.01
s3_sysrisk_seed16,stage3_final,sysrisk,5,2,0.5,16,0.75,5000000,0.875,0.75,3.1631899058,3.20363439693,-0.0404444911263,0.0404444911263,0.0126245651392,s1_sysrisk_samegrid,0.01
s3_sysrisk_seed05,stage3_final,sysrisk,5,2,0.5,5,0.75,5000000,0.875,0.05,4.26042563194,4.21998883006,0.0404368018812,0.0404368018812,0.00958220590378,s1_sysrisk_samegrid,0.01
s3_sysrisk_seed08,stage3_final,sysrisk,5,2,0.5,8,0.75,5000000,0.875,0.05,4.26042563194,4.21998883006,0.0404368018812,0.0404368018812,0.00958220590378,s1_sysrisk_samegrid,0.01
s3_sysrisk_seed10,stage3_final,sysrisk,5,2,0.5,10,0.75,5000000,0.875,0.05,4.26042563194,4.21998883006,0.0404368018812,0.0404368018812,0.00958220590378,s1_sysrisk_samegrid,0.01
s3_sysrisk_seed17,stage3_final,sysrisk,5,2,0.5,17,0.75,5000000,0.375,0.3,2.75353895469,2.71311910723,0.0404198474575,0.0404198474575,0.0148979259148,s1_sysrisk_samegrid,0.01
s3_sysrisk_seed19,stage3_final,sysrisk,5,2,0.5,19,0.75,5000000,0.125,0.75,2.86730605392,2.90768994815,-0.0403838942293,0.0403838942293,0.0138886521429,s1_sysrisk_samegrid,0.01
s3_sysrisk_seed00,stage3_final,sysrisk,5,2,0.5,0,0.75,5000000,0.125,0,2.55008179554,2.50973180071,0.0403499948326,0.0403499948326,0.0160774130611,s1_sysrisk_samegrid,0.01
s3_sysrisk_seed17,stage3_final,sysrisk,5,2,0.5,17,0.75,5000000,0.375,0.05,3.10263305317,3.06231092432,0.0403221288515,0.0403221288515,0.013167222352,s1_sysrisk_samegrid,0.01
s3_sysrisk_seed15,stage3_final,sysrisk,5,2,0.5,15,0.75,5000000,0.375,0.75,2.9319859234,2.97220433913,-0.040218415727,0.040218415727,0.013531511006,s1_sysrisk_samegrid,0.01
s3_sysrisk_seed06,stage3_final,sysrisk,5,2,0.5,6,0.75,5000000,1,0.3,3.59238095235,3.55238095235,0.04,0.04,0.0112600536194,s1_sysrisk_samegrid,0.01
s3_sysrisk_seed19,stage3_final,sysrisk,5,2,0.5,19,0.75,5000000,1,0.3,3.59238095235,3.55238095235,0.04,0.04,0.0112600536194,s1_sysrisk_samegrid,0.01
s3_sysrisk_seed00,stage3_final,sysrisk,5,2,0.5,0,0.75,5000000,1,0.6,3.19809523807,3.23809523807,-0.0399999999993,0.0399999999993,0.0123529411764,s1_sysrisk_samegrid,0.01
s3_sysrisk_seed11,stage3_final,sysrisk,5,2,0.5,11,0.75,5000000,1,0.6,3.19809523807,3.23809523807,-0.0399999999993,0.0399999999993,0.0123529411764,s1_sysrisk_samegrid,0.01
s3_sysrisk_seed16,stage3_final,sysrisk,5,2,0.5,16,0.75,5000000,1,0.75,3.25904761902,3.29904761902,-0.0399999999993,0.0399999999993,0.0121247113163,s1_sysrisk_samegrid,0.01
s3_sysrisk_seed19,stage3_final,sysrisk,5,2,0.5,19,0.75,5000000,0.125,0,2.54954761899,2.50973180071,0.0398158182812,0.0398158182812,0.0158645709753,s1_sysrisk_samegrid,0.01
s3_sysrisk_seed15,stage3_final,sysrisk,5,2,0.5,15,0.75,5000000,0,0.4,2.38286842217,2.42253671701,-0.039668294833,0.039668294833,0.0163746929219,s1_sysrisk_samegrid,0.01
s3_sysrisk_seed05,stage3_final,sysrisk,5,2,0.5,5,0.75,5000000,0.375,0.3,2.75267888521,2.71311910723,0.0395597779775,0.0395597779775,0.0145809219625,s1_sysrisk_samegrid,0.01
s3_sysrisk_seed08,stage3_final,sysrisk,5,2,0.5,8,0.75,5000000,0.875,0.1,3.96919859386,4.00869088517,-0.0394922913122,0.0394922913122,0.00985166789942,s1_sysrisk_samegrid,0.01
s3_sysrisk_seed00,stage3_final,sysrisk,5,2,0.5,0,0.75,5000000,0.375,0.4,2.72002753246,2.75951217531,-0.0394846428464,0.0394846428464,0.0143085590271,s1_sysrisk_samegrid,0.01
s3_sysrisk_seed00,stage3_final,sysrisk,5,2,0.5,0,0.75,5000000,0.25,1,3.02960639693,2.99020674345,0.0393996534839,0.0393996534839,0.0131762305634,s1_sysrisk_samegrid,0.01
s3_sysrisk_seed05,stage3_final,sysrisk,5,2,0.5,5,0.75,5000000,0.25,1,3.02960104937,2.99020674345,0.0393943059278,0.0393943059278,0.0131744422068,s1_sysrisk_samegrid,0.01
s3_sysrisk_seed00,stage3_final,sysrisk,5,2,0.5,0,0.75,5000000,0.5,0.4,2.84762571047,2.88696230925,-0.0393365987857,0.0393365987857,0.0136256017821,s1_sysrisk_samegrid,0.01
s3_sysrisk_seed15,stage3_final,sysrisk,5,2,0.5,15,0.75,5000000,0.375,0.4,2.72023029834,2.75951217531,-0.0392818769689,0.0392818769689,0.0142350801422,s1_sysrisk_samegrid,0.01
s3_sysrisk_seed05,stage3_final,sysrisk,5,2,0.5,5,0.75,5000000,0.125,0.4,2.48904757695,2.52831939279,-0.0392718158385,0.0392718158385,0.0155327748347,s1_sysrisk_samegrid,0.01
s3_sysrisk_seed02,stage3_final,sysrisk,5,2,0.5,2,0.75,5000000,0.625,0,3.9003772231,3.86111302345,0.0392641996555,0.0392641996555,0.0101691401979,s1_sysrisk_samegrid,0.01
s3_sysrisk_seed02,stage3_final,sysrisk,5,2,0.5,2,0.75,5000000,0.375,1,2.98819202666,3.02744778722,-0.039255760559,0.039255760559,0.0129666185242,s1_sysrisk_samegrid,0.01
s3_sysrisk_seed16,stage3_final,sysrisk,5,2,0.5,16,0.75,5000000,0.75,0.75,3.08809901014,3.12723740087,-0.0391383907268,0.0391383907268,0.0125153244573,s1_sysrisk_samegrid,0.01
s3_sysrisk_seed17,stage3_final,sysrisk,5,2,0.5,17,0.75,5000000,0.5,0.4,2.92606511207,2.88696230925,0.0391028028209,0.0391028028209,0.0135446184024,s1_sysrisk_samegrid,0.01
s3_sysrisk_seed00,stage3_final,sysrisk,5,2,0.5,0,0.75,5000000,0.375,0.05,3.10131963405,3.06231092432,0.0390087097338,0.0390087097338,0.0127383243237,s1_sysrisk_samegrid,0.01
s3_sysrisk_seed03,stage3_final,sysrisk,5,2,0.5,3,0.75,5000000,0.5,0.2,2.95965203195,2.92080623966,0.0388457922824,0.0388457922824,0.0132996813534,s1_sysrisk_samegrid,0.01
s3_sysrisk_seed01,stage3_final,sysrisk,5,2,0.5,1,0.75,5000000,0.625,1,3.08796742492,3.12669419497,-0.0387267700559,0.0387267700559,0.0123858515227,s1_sysrisk_samegrid,0.01
s3_sysrisk_seed15,stage3_final,sysrisk,5,2,0.5,15,0.75,5000000,0.375,1,3.06610676517,3.02744778722,0.0386589779449,0.0386589779449,0.0127694945254,s1_sysrisk_samegrid,0.01
s3_sysrisk_seed07,stage3_final,sysrisk,5,2,0.5,7,0.75,5000000,0.875,0.5,3.11772422151,3.15617658867,-0.0384523671528,0.0384523671528,0.0121832115766,s1_sysrisk_samegrid,0.01
s3_sysrisk_seed06,stage3_final,sysrisk,5,2,0.5,6,0.75,5000000,0.375,0.3,2.75144886042,2.71311910723,0.0383297531887,0.0383297531887,0.0141275600789,s1_sysrisk_samegrid,0.01
s3_sysrisk_seed19,stage3_final,sysrisk,5,2,0.5,19,0.75,5000000,0.375,0.3,2.75144886042,2.71311910723,0.0383297531887,0.0383297531887,0.0141275600789,s1_sysrisk_samegrid,0.01
s3_sysrisk_seed11,stage3_final,sysrisk,5,2,0.5,11,0.75,5000000,0.375,1,3.06572138741,3.02744778722,0.0382736001865,0.0382736001865,0.0126421999243,s1_sysrisk_samegrid,0.01
s3_sysrisk_seed03,stage3_final,sysrisk,5,2,0.5,3,0.75,5000000,0,0.3,2.33603560778,2.37415664133,-0.0381210335486,0.0381210335486,0.0160566631894,s1_sysrisk_samegrid,0.01
s3_sysrisk_seed05,stage3_final,sysrisk,5,2,0.5,5,0.75,5000000,0.75,0.4,3.21077312675,3.17265481347,0.0381183132728,0.0381183132728,0.0120146424726,s1_sysrisk_samegrid,0.01
s3_sysrisk_seed02,stage3_final,sysrisk,5,2,0.5,2,0.75,5000000,1,0.4,3.55238095235,3.51428571426,0.0380952380952,0.0380952380952,0.0108401084012,s1_sysrisk_samegrid,0.01
s3_sysrisk_seed06,stage3_final,sysrisk,5,2,0.5,6,0.75,5000000,1,0.4,3.55238095235,3.51428571426,0.0380952380952,0.0380952380952,0.0108401084012,s1_sysrisk_samegrid,0.01
s3_sysrisk_seed09,stage3_final,sysrisk,5,2,0.5,9,0.75,5000000,1,0.4,3.55238095235,3.51428571426,0.0380952380952,0.0380952380952,0.0108401084012,s1_sysrisk_samegrid,0.01
s3_sysrisk_seed15,stage3_final,sysrisk,5,2,0.5,15,0.75,5000000,1,0.4,3.55238095235,3.51428571426,0.0380952380952,0.0380952380952,0.0108401084012,s1_sysrisk_samegrid,0.01
s3_sysrisk_seed06,stage3_final,sysrisk,5,2,0.5,6,0.75,5000000,1,0.6,3.27619047617,3.23809523807,0.0380952380947,0.0380952380947,0.0117647058823,s1_sysrisk_samegrid,0.01
s3_sysrisk_seed12,stage3_final,sysrisk,5,2,0.5,12,0.75,5000000,1,0.5,3.31428571426,3.27619047617,0.0380952380947,0.0380952380947,0.0116279069767,s1_sysrisk_samegrid,0.01
s3_sysrisk_seed15,stage3_final,sysrisk,5,2,0.5,15,0.75,5000000,0.5,0.75,2.97623692946,3.01433083051,-0.0380939010529,0.0380939010529,0.0126375979263,s1_sysrisk_samegrid,0.01
s3_sysrisk_seed13,stage3_final,sysrisk,5,2,0.5,13,0.75,5000000,0.75,1,3.23128550924,3.19328718448,0.0379983247622,0.0379983247622,0.0118994385932,s1_sysrisk_samegrid,0.01
s3_sysrisk_seed07,stage3_final,sysrisk,5,2,0.5,7,0.75,5000000,0.375,0.05,3.10016806717,3.06231092432,0.0378571428571,0.0378571428571,0.0123622792697,s1_sysrisk_samegrid,0.01
s3_sysrisk_seed12,stage3_final,sysrisk,5,2,0.5,12,0.75,5000000,0.375,0.05,3.10016806717,3.06231092432,0.0378571428571,0.0378571428571,0.0123622792697,s1_sysrisk_samegrid,0.01
s3_sysrisk_seed15,stage3_final,sysrisk,5,2,0.5,15,0.75,5000000,0.375,0.05,3.10016806717,3.06231092432,0.0378571428571,0.0378571428571,0.0123622792697,s1_sysrisk_samegrid,0.01
s3_sysrisk_seed19,stage3_final,sysrisk,5,2,0.5,19,0.75,5000000,0.375,0.05,3.10016806717,3.06231092432,0.0378571428571,0.0378571428571,0.0123622792697,s1_sysrisk_samegrid,0.01
s3_sysrisk_seed06,stage3_final,sysrisk,5,2,0.5,6,0.75,5000000,0.875,0.6,3.16720283796,3.12939247644,0.0378103615162,0.0378103615162,0.0120823328492,s1_sysrisk_samegrid,0.01
s3_sysrisk_seed19,stage3_final,sysrisk,5,2,0.5,19,0.75,5000000,0.25,0.75,2.89950576307,2.93709742737,-0.0375916642928,0.0375916642928,0.0127989163528,s1_sysrisk_samegrid,0.01
s3_sysrisk_seed15,stage3_final,sysrisk,5,2,0.5,15,0.75,5000000,0.75,0.5,3.09589041902,3.05831972285,0.037570696169,0.037570696169,0.0122847509658,s1_sysrisk_samegrid,0.01
s3_sysrisk_seed19,stage3_final,sysrisk,5,2,0.5,19,0.75,5000000,0.75,0.5,3.09589041902,3.05831972285,0.037570696169,0.037570696169,0.0122847509658,s1_sysrisk_samegrid,0.01
s3_sysrisk_seed06,stage3_final,sysrisk,5,2,0.5,6,0.75,5000000,0,0.3,2.33664207015,2.37415664133,-0.0375145711741,0.0375145711741,0.0158012199031,s1_sysrisk_samegrid,0.01
s3_sysrisk_seed19,stage3_final,sysrisk,5,2,0.5,19,0.75,5000000,0,0.3,2.33664207015,2.37415664133,-0.0375145711741,0.0375145711741,0.0158012199031,s1_sysrisk_samegrid,0.01
s3_sysrisk_seed05,stage3_final,sysrisk,5,2,0.5,5,0.75,5000000,0.625,0.2,3.13506210649,3.09756311184,0.0374989946422,0.0374989946422,0.0121059662994,s1_sysrisk_samegrid,0.01
s3_sysrisk_seed00,stage3_final,sysrisk,5,2,0.5,0,0.75,5000000,0.75,0.3,3.19139877312,3.1541974164,0.037201356712,0.037201356712,0.0117942385339,s1_sysrisk_samegrid,0.01
s3_sysrisk_seed16,stage3_final,sysrisk,5,2,0.5,16,0.75,5000000,0.625,1,3.0896264606,3.12669419497,-0.0370677343718,0.0370677343718,0.0118552477666,s1_sysrisk_samegrid,0.01
s3_sysrisk_seed00,stage3_final,sysrisk,5,2,0.5,0,0.75,5000000,0.25,0.2,2.61941234909,2.5823676261,0.0370447229893,0.0370447229893,0.0143452553443,s1_sysrisk_samegrid,0.01
s3_sysrisk_seed00,stage3_final,sysrisk,5,2,0.5,0,0.75,5000000,0.25,0.4,2.60331924418,2.64033830543,-0.0370190612488,0.0370190612488,0.0140205750046,s1_sysrisk_samegrid,0.01
s3_sysrisk_seed10,stage3_final,sysrisk,5,2,0.5,10,0.75,5000000,0.375,0.3,2.75012045158,2.71311910723,0.037001344349,0.037001344349,0.0136379358541,s1_sysrisk_samegrid,0.01
s3_sysrisk_seed16,stage3_final,sysrisk,5,2,0.5,16,0.75,5000000,0.625,0.75,3.02828004099,3.06522276235,-0.0369427213562,0.0369427213562,0.0120522142175,s1_sysrisk_samegrid,0.01
s3_sysrisk_seed07,stage3_final,sysrisk,5,2,0.5,7,0.75,5000000,0.625,0.4,3.06089513889,3.02408408301,0.0368110558725,0.0368110558725,0.0121726297491,s1_sysrisk_samegrid,0.01
s3_sysrisk_seed15,stage3_final,sysrisk,5,2,0.5,15,0.75,5000000,0.625,0.75,3.02846675056,3.06522276235,-0.0367560117928,0.0367560117928,0.0119913019844,s1_sysrisk_samegrid,0.01
s3_sysrisk_seed07,stage3_final,sysrisk,5,2,0.5,7,0.75,5000000,0.875,0.75,3.16699223325,3.20363439693,-0.0366421636784,0.0366421636784,0.0114376858088,s1_sysrisk_samegrid,0.01
s3_sysrisk_seed09,stage3_final,sysrisk,5,2,0.5,9,0.75,5000000,0.25,1,3.02682315531,2.99020674345,0.03661641186,0.03661641186,0.0122454448811,s1_sysrisk_samegrid,0.01
s3_sysrisk_seed16,stage3_final,sysrisk,5,2,0.5,16,0.75,5000000,0.625,0.2,3.1341635096,3.09756311184,0.0366003977526,0.0366003977526,0.011815868291,s1_sysrisk_samegrid,0.01
s3_sysrisk_seed18,stage3_final,sysrisk,5,2,0.5,18,0.75,5000000,0.25,1,3.02673367382,2.99020674345,0.0365269303696,0.0365269303696,0.0122155200304,s1_sysrisk_samegrid,0.01
s3_sysrisk_seed09,stage3_final,sysrisk,5,2,0.5,9,0.75,5000000,0.125,0.3,2.44300330116,2.47941296606,-0.0364096649094,0.0364096649094,0.0146847924923,s1_sysrisk_samegrid,0.01
s3_sysrisk_seed04,stage3_final,sysrisk,5,2,0.5,4,0.75,5000000,0.25,0.2,2.61874365418,2.5823676261,0.0363760280858,0.0363760280858,0.0140863089043,s1_sysrisk_samegrid,0.01
s3_sysrisk_seed07,stage3_final,sysrisk,5,2,0.5,7,0.75,5000000,0.75,0.75,3.09090484104,3.12723740087,-0.036332559823,0.036332559823,0.0116181009516,s1_sysrisk_samegrid,0.01
s3_sysrisk_seed18,stage3_final,sysrisk,5,2,0.5,18,0.75,5000000,0.5,0.4,2.92328963098,2.88696230925,0.0363273217319,0.0363273217319,0.0125832338079,s1_sysrisk_samegrid,0.01
s3_sysrisk_seed02,stage3_final,sysrisk,5,2,0.5,2,0.75,5000000,0.875,0.3,3.37533483048,3.3391186418,0.0362161886794,0.0362161886794,0.010846032311,s1_sysrisk_samegrid,0.01
s3_sysrisk_seed01,stage3_final,sysrisk,5,2,0.5,1,0.75,5000000,0.875,0.2,3.50773858007,3.47154410776,0.0361944723114,0.0361944723114,0.0104260442005,s1_sysrisk_samegrid,0.01
s3_sysrisk_seed01,stage3_final,sysrisk,5,2,0.5,1,0.75,5000000,1,0.3,3.58857142854,3.55238095235,0.0361904761905,0.0361904761905,0.0101876675604,s1_sysrisk_samegrid,0.01
s3_sysrisk_seed07,stage3_final,sysrisk,5,2,0.5,7,0.75,5000000,1,0.3,3.58857142854,3.55238095235,0.0361904761905,0.0361904761905,0.0101876675604,s1_sysrisk_samegrid,0.01
s3_sysrisk_seed01,stage3_final,sysrisk,5,2,0.5,1,0.75,5000000,0.75,1,3.15726841669,3.19328718448,-0.0360187677909,0.0360187677909,0.0112795266163,s1_sysrisk_samegrid,0.01
s3_sysrisk_seed00,stage3_final,sysrisk,5,2,0.5,0,0.75,5000000,0.875,0.1,3.97267518184,4.00869088517,-0.0360157033376,0.0360157033376,0.00898440522585,s1_sysrisk_samegrid,0.01
s3_sysrisk_seed15,stage3_final,sysrisk,5,2,0.5,15,0.75,5000000,0.75,0.75,3.09123671353,3.12723740087,-0.0360006873398,0.0360006873398,0.0115119777379,s1_sysrisk_samegrid,0.01
s3_sysrisk_seed13,stage3_final,sysrisk,5,2,0.5,13,0.75,5000000,0.125,0,2.54546428565,2.50973180071,0.0357324849479,0.0357324849479,0.0142375710974,s1_sysrisk_samegrid,0.01
s3_sysrisk_seed13,stage3_final,sysrisk,5,2,0.5,13,0.75,5000000,0.125,0.3,2.44371712396,2.47941296606,-0.0356958421088,0.0356958421088,0.0143968925699,s1_sysrisk_samegrid,0.01
s3_sysrisk_seed03,stage3_final,sysrisk,5,2,0.5,3,0.75,5000000,0.625,0.05,3.68188955816,3.64620137686,0.0356881812966,0.0356881812966,0.00978777023207,s1_sysrisk_samegrid,0.01
s3_sysrisk_seed13,stage3_final,sysrisk,5,2,0.5,13,0.75,5000000,0.375,0.3,2.74868441375,2.71311910723,0.0355653065161,0.0355653065161,0.0131086417921,s1_sysrisk_samegrid,0.01
s3_sysrisk_seed19,stage3_final,sysrisk,5,2,0.5,19,0.75,5000000,0.375,0.75,2.93670657183,2.97220433913,-0.0354977673002,0.0354977673002,0.0119432459044,s1_sysrisk_samegrid,0.01
s3_sysrisk_seed15,stage3_final,sysrisk,5,2,0.5,15,0.75,5000000,0.875,0.75,3.16820056396,3.20363439693,-0.0354338329622,0.0354338329622,0.0110605108361,s1_sysrisk_samegrid,0.01
s3_sysrisk_seed15,stage3_final,sysrisk,5,2,0.5,15,0.75,5000000,0.5,0.4,2.85155617439,2.88696230925,-0.035406134861,0.035406134861,0.0122641486338,s1_sysrisk_samegrid,0.01
s3_sysrisk_seed00,stage3_final,sysrisk,5,2,0.5,0,0.75,5000000,0.625,0.4,2.98872725741,3.02408408301,-0.0353568255993,0.0353568255993,0.0116917468657,s1_sysrisk_samegrid,0.01
s3_sysrisk_seed18,stage3_final,sysrisk,5,2,0.5,18,0.75,5000000,0.375,0.2,2.78433434867,2.74933035708,0.0350039915964,0.0350039915964,0.0127318244991,s1_sysrisk_samegrid,0.01
s3_sysrisk_seed05,stage3_final,sysrisk,5,2,0.5,5,0.75,5000000,0.75,0.05,3.96939372814,3.9344041811,0.0349895470383,0.0349895470383,0.00889322637628,s1_sysrisk_samegrid,0.01
s3_sysrisk_seed08,stage3_final,sysrisk,5,2,0.5,8,0.75,5000000,0.75,0.05,3.96939372814,3.9344041811,0.0349895470383,0.0349895470383,0.00889322637628,s1_sysrisk_samegrid,0.01
s3_sysrisk_seed10,stage3_final,sysrisk,5,2,0.5,10,0.75,5000000,0.75,0.05,3.96939372814,3.9344041811,0.0349895470383,0.0349895470383,0.00889322637628,s1_sysrisk_samegrid,0.01
s3_sysrisk_seed18,stage3_final,sysrisk,5,2,0.5,18,0.75,5000000,0.875,0.3,3.37386154371,3.3391186418,0.0347429019089,0.0347429019089,0.0104048120585,s1_sysrisk_samegrid,0.01
s3_sysrisk_seed01,stage3_final,sysrisk,5,2,0.5,1,0.75,5000000,0.875,1,3.24099325936,3.27569398697,-0.0347007276062,0.0347007276062,0.0105933972295,s1_sysrisk_samegrid,0.01
s3_sysrisk_seed07,stage3_final,sysrisk,5,2,0.5,7,0.75,5000000,0.625,0.75,3.03071255101,3.06522276235,-0.0345102113429,0.0345102113429,0.011258630781,s1_sysrisk_samegrid,0.01
s3_sysrisk_seed13,stage3_final,sysrisk,5,2,0.5,13,0.75,5000000,0.875,0.75,3.16914793148,3.20363439693,-0.0344864654441,0.0344864654441,0.0107647943464,s1_sysrisk_samegrid,0.01
s3_sysrisk_seed07,stage3_final,sysrisk,5,2,0.5,7,0.75,5000000,0.875,1,3.24127191343,3.27569398697,-0.0344220735369,0.0344220735369,0.0105083300436,s1_sysrisk_samegrid,0.01
s3_sysrisk_seed11,stage3_final,sysrisk,5,2,0.5,11,0.75,5000000,0.375,0.3,2.74742571446,2.71311910723,0.0343066072339,0.0343066072339,0.012644711079,s1_sysrisk_samegrid,0.01
s3_sysrisk_seed16,stage3_final,sysrisk,5,2,0.5,16,0.75,5000000,0.5,0.75,2.98003007407,3.01433083051,-0.0343007564439,0.0343007564439,0.0113792275541,s1_sysrisk_samegrid,0.01
s3_sysrisk_seed14,stage3_final,sysrisk,5,2,0.5,14,0.75,5000000,1,0.4,3.54857142854,3.51428571426,0.0342857142857,0.0342857142857,0.00975609756106,s1_sysrisk_samegrid,0.01
s3_sysrisk_seed03,stage3_final,sysrisk,5,2,0.5,3,0.75,5000000,1,0.6,3.20380952379,3.23809523807,-0.0342857142854,0.0342857142854,0.0105882352941,s1_sysrisk_samegrid,0.01
s3_sysrisk_seed07,stage3_final,sysrisk,5,2,0.5,7,0.75,5000000,1,0.75,3.26476190474,3.29904761902,-0.0342857142852,0.0342857142852,0.0103926096997,s1_sysrisk_samegrid,0.01
s3_sysrisk_seed09,stage3_final,sysrisk,5,2,0.5,9,0.75,5000000,1,0.6,3.20380952379,3.23809523807,-0.0342857142852,0.0342857142852,0.010588235294,s1_sysrisk_samegrid,0.01
s3_sysrisk_seed00,stage3_final,sysrisk,5,2,0.5,0,0.75,5000000,1,0.75,3.26476190474,3.29904761902,-0.034285714285,0.034285714285,0.0103926096996,s1_sysrisk_samegrid,0.01
s3_sysrisk_seed00,stage3_final,sysrisk,5,2,0.5,0,0.75,5000000,1,1,3.34476190474,3.37904761902,-0.034285714285,0.034285714285,0.0101465614429,s1_sysrisk_samegrid,0.01
s3_sysrisk_seed01,stage3_final,sysrisk,5,2,0.5,1,0.75,5000000,1,1,3.34476190474,3.37904761902,-0.034285714285,0.034285714285,0.0101465614429,s1_sysrisk_samegrid,0.01
s3_sysrisk_seed07,stage3_final,sysrisk,5,2,0.5,7,0.75,5000000,1,1,3.34476190474,3.37904761902,-0.034285714285,0.034285714285,0.0101465614429,s1_sysrisk_samegrid,0.01
s3_sysrisk_seed08,stage3_final,sysrisk,5,2,0.5,8,0.75,5000000,1,0.75,3.26476190474,3.29904761902,-0.034285714285,0.034285714285,0.0103926096996,s1_sysrisk_samegrid,0.01
s3_sysrisk_seed09,stage3_final,sysrisk,5,2,0.5,9,0.75,5000000,1,1,3.34476190474,3.37904761902,-0.034285714285,0.034285714285,0.0101465614429,s1_sysrisk_samegrid,0.01
s3_sysrisk_seed12,stage3_final,sysrisk,5,2,0.5,12,0.75,5000000,1,1,3.34476190474,3.37904761902,-0.034285714285,0.034285714285,0.0101465614429,s1_sysrisk_samegrid,0.01
s3_sysrisk_seed13,stage3_final,sysrisk,5,2,0.5,13,0.75,5000000,1,0.75,3.26476190474,3.29904761902,-0.034285714285,0.034285714285,0.0103926096996,s1_sysrisk_samegrid,0.01
s3_sysrisk_seed15,stage3_final,sysrisk,5,2,0.5,15,0.75,5000000,1,0.75,3.26476190474,3.29904761902,-0.034285714285,0.034285714285,0.0103926096996,s1_sysrisk_samegrid,0.01
s3_sysrisk_seed19,stage3_final,sysrisk,5,2,0.5,19,0.75,5000000,1,1,3.34476190474,3.37904761902,-0.034285714285,0.034285714285,0.0101465614429,s1_sysrisk_samegrid,0.01
s3_sysrisk_seed17,stage3_final,sysrisk,5,2,0.5,17,0.75,5000000,0,0.75,2.84868232026,2.88296533839,-0.0342830181334,0.0342830181334,0.0118915817949,s1_sysrisk_samegrid,0.01
s3_sysrisk_seed05,stage3_final,sysrisk,5,2,0.5,5,0.75,5000000,0.125,0.3,2.44533438124,2.47941296606,-0.0340785848203,0.0340785848203,0.0137446182974,s1_sysrisk_samegrid,0.01
s3_sysrisk_seed03,stage3_final,sysrisk,5,2,0.5,3,0.75,5000000,0.25,1,3.02413552204,2.99020674345,0.0339287785977,0.0339287785977,0.0113466330287,s1_sysrisk_samegrid,0.01
s3_sysrisk_seed18,stage3_final,sysrisk,5,2,0.5,18,0.75,5000000,0.75,0.5,3.02442719604,3.05831972285,-0.0338925268078,0.0338925268078,0.0110820744328,s1_sysrisk_samegrid,0.01
s3_sysrisk_seed10,stage3_final,sysrisk,5,2,0.5,10,0.75,5000000,0.25,0.1,2.72823655799,2.69444734624,0.0337892117511,0.0337892117511,0.0125403125054,s1_sysrisk_samegrid,0.01
s3_sysrisk_seed19,stage3_final,sysrisk,5,2,0.5,19,0.75,5000000,0.5,0.75,2.9805806258,3.01433083051,-0.0337502047146,0.0337502047146,0.0111965827947,s1_sysrisk_samegrid,0.01
s3_sysrisk_seed06,stage3_final,sysrisk,5,2,0.5,6,0.75,5000000,0.75,0.6,3.07594559482,3.04220068871,0.0337449061109,0.0337449061109,0.0110922682505,s1_sysrisk_samegrid,0.01
s3_sysrisk_seed10,stage3_final,sysrisk,5,2,0.5,10,0.75,5000000,0.625,0.1,3.50197929226,3.46825083529,0.0337284569703,0.0337284569703,0.00972491857483,s1_sysrisk_samegrid,0.01
s3_sysrisk_seed11,stage3_final,sysrisk,5,2,0.5,11,0.75,5000000,0.125,0.3,2.44581591856,2.47941296606,-0.0335970475063,0.0335970475063,0.0135504040538,s1_sysrisk_samegrid,0.01
s3_sysrisk_seed00,stage3_final,sysrisk,5,2,0.5,0,0.75,5000000,0.875,0.75,3.17005964898,3.20363439693,-0.0335747479481,0.0335747479481,0.01048020585,s1_sysrisk_samegrid,0.01
s3_sysrisk_seed07,stage3_final,sysrisk,5,2,0.5,7,0.75,5000000,0.25,0.4,2.60710745336,2.64033830543,-0.033230852066,0.033230852066,0.0125858311405,s1_sysrisk_samegrid,0.01
s3_sysrisk_seed06,stage3_final,sysrisk,5,2,0.5,6,0.75,5000000,0.875,0.4,3.3681752215,3.33500295428,0.0331722672145,0.0331722672145,0.00994669799974,s1_sysrisk_samegrid,0.01
s3_sysrisk_seed09,stage3_final,sysrisk,5,2,0.5,9,0.75,5000000,0.875,0.4,3.3681752215,3.33500295428,0.0331722672145,0.0331722672145,0.00994669799974,s1_sysrisk_samegrid,0.01
s3_sysrisk_seed03,stage3_final,sysrisk,5,2,0.5,3,0.75,5000000,0.125,0.3,2.4462684898,2.47941296606,-0.0331444762654,0.0331444762654,0.0133678724436,s1_sysrisk_samegrid,0.01
s3_sysrisk_seed01,stage3_final,sysrisk,5,2,0.5,1,0.75,5000000,0.375,0.3,2.74624812496,2.71311910723,0.033129017731,0.033129017731,0.0122106757653,s1_sysrisk_samegrid,0.01
s3_sysrisk_seed00,stage3_final,sysrisk,5,2,0.5,0,0.75,5000000,0.125,0.4,2.49547248506,2.52831939279,-0.0328469077316,0.0328469077316,0.0129915974324,s1_sysrisk_samegrid,0.01
s3_sysrisk_seed03,stage3_final,sysrisk,5,2,0.5,3,0.75,5000000,0.875,0.6,3.09675923716,3.12939247644,-0.0326332392823,0.0326332392823,0.0104279790816,s1_sysrisk_samegrid,0.01
s3_sysrisk_seed17,stage3_final,sysrisk,5,2,0.5,17,0.75,5000000,0,0.3,2.34166270865,2.37415664133,-0.0324939326723,0.0324939326723,0.0136865159218,s1_sysrisk_samegrid,0.01
s3_sysrisk_seed13,stage3_final,sysrisk,5,2,0.5,13,0.75,5000000,0.75,0.75,3.09477073026,3.12723740087,-0.0324666706102,0.0324666706102,0.0103819014831,s1_sysrisk_samegrid,0.01
s3_sysrisk_seed03,stage3_final,sysrisk,5,2,0.5,3,0.75,5000000,0.75,0.4,3.20504112645,3.17265481347,0.0323863129755,0.0323863129755,0.010207953553,s1_sysrisk_samegrid,0.01
s3_sysrisk_seed03,stage3_final,sysrisk,5,2,0.5,3,0.75,5000000,1,0.4,3.54666666664,3.51428571426,0.032380952381,0.032380952381,0.009214092141,s1_sysrisk_samegrid,0.01
s3_sysrisk_seed14,stage3_final,sysrisk,5,2,0.5,14,0.75,5000000,1,0.05,4.53523809519,4.50285714281,0.032380952381,0.032380952381,0.00719120135371,s1_sysrisk_samegrid,0.01
s3_sysrisk_seed07,stage3_final,sysrisk,5,2,0.5,7,0.75,5000000,0.75,1,3.16114622684,3.19328718448,-0.0321409576407,0.0321409576407,0.0100651635083,s1_sysrisk_samegrid,0.01
s3_sysrisk_seed03,stage3_final,sysrisk,5,2,0.5,3,0.75,5000000,0.625,0.4,3.05610658263,3.02408408301,0.0320224996121,0.0320224996121,0.010589156496,s1_sysrisk_samegrid,0.01
s3_sysrisk_seed03,stage3_final,sysrisk,5,2,0.5,3,0.75,5000000,0.875,0.4,3.36702060046,3.33500295428,0.0320176461746,0.0320176461746,0.00960048510106,s1_sysrisk_samegrid,0.01
s3_sysrisk_seed04,stage3_final,sysrisk,5,2,0.5,4,0.75,5000000,0.125,0.1,2.47541268878,2.44347936704,0.03193332174,0.03193332174,0.0130687912371,s1_sysrisk_samegrid,0.01
s3_sysrisk_seed19,stage3_final,sysrisk,5,2,0.5,19,0.75,5000000,0.625,0.75,3.03332129723,3.06522276235,-0.0319014651192,0.0319014651192,0.010407551944,s1_sysrisk_samegrid,0.01
s3_sysrisk_seed07,stage3_final,sysrisk,5,2,0.5,7,0.75,5000000,0.5,0.75,2.98251086225,3.01433083051,-0.0318199682665,0.0318199682665,0.0105562295765,s1_sysrisk_samegrid,0.01
s3_sysrisk_seed12,stage3_final,sysrisk,5,2,0.5,12,0.75,5000000,0.875,0.5,3.18798376989,3.15617658867,0.0318071812215,0.0318071812215,0.0100777571622,s1_sysrisk_samegrid,0.01
s3_sysrisk_seed12,stage3_final,sysrisk,5,2,0.5,12,0.75,5000000,0.25,1,3.02199861701,2.99020674345,0.0317918735638,0.0317918735638,0.0106319984842,s1_sysrisk_samegrid,0.01
s3_sysrisk_seed02,stage3_final,sysrisk,5,2,0.5,2,0.75,5000000,0.5,0,3.5578911564,3.52616780039,0.0317233560089,0.0317233560089,0.00899655314346,s1_sysrisk_samegrid,0.01
s3_sysrisk_seed10,stage3_final,sysrisk,5,2,0.5,10,0.75,5000000,0.125,0.3,2.44777947878,2.47941296606,-0.0316334872859,0.0316334872859,0.0127584584411,s1_sysrisk_samegrid,0.01
s3_sysrisk_seed16,stage3_final,sysrisk,5,2,0.5,16,0.75,5000000,0.375,0.75,2.94076195427,2.97220433913,-0.0314423848577,0.0314423848577,0.0105788099572,s1_sysrisk_samegrid,0.01
s3_sysrisk_seed09,stage3_final,sysrisk,5,2,0.5,9,0.75,5000000,0.25,0.05,2.79822702096,2.76679734211,0.0314296788482,0.0314296788482,0.0113595883478,s1_sysrisk_samegrid,0.01
s3_sysrisk_seed11,stage3_final,sysrisk,5,2,0.5,11,0.75,5000000,0.25,0.05,2.79822702096,2.76679734211,0.0314296788482,0.0314296788482,0.0113595883478,s1_sysrisk_samegrid,0.01
s3_sysrisk_seed16,stage3_final,sysrisk,5,2,0.5,16,0.75,5000000,0.25,0.05,2.79822702096,2.76679734211,0.0314296788482,0.0314296788482,0.0113595883478,s1_sysrisk_samegrid,0.01
s3_sysrisk_seed01,stage3_final,sysrisk,5,2,0.5,1,0.75,5000000,0.125,0.3,2.44809402801,2.47941296606,-0.0313189380594,0.0313189380594,0.0126315940459,s1_sysrisk_samegrid,0.01
s3_sysrisk_seed02,stage3_final,sysrisk,5,2,0.5,2,0.75,5000000,0.875,0.4,3.36607221425,3.33500295428,0.0310692599671,0.0310692599671,0.00931611167756,s1_sysrisk_samegrid,0.01
s3_sysrisk_seed00,stage3_final,sysrisk,5,2,0.5,0,0.75,5000000,0.75,0.75,3.0962167944,3.12723740087,-0.0310206064702,0.0310206064702,0.00991949202885,s1_sysrisk_samegrid,0.01
s3_sysrisk_seed12,stage3_final,sysrisk,5,2,0.5,12,0.75,5000000,0.375,0,3.22007843132,3.18924369743,0.0308347338935,0.0308347338935,0.00966835300745,s1_sysrisk_samegrid,0.01
s3_sysrisk_seed16,stage3_final,sysrisk,5,2,0.5,16,0.75,5000000,0.5,1,3.04153132966,3.07229131016,-0.0307599805019,0.0307599805019,0.0100120650669,s1_sysrisk_samegrid,0.01
s3_sysrisk_seed17,stage3_final,sysrisk,5,2,0.5,17,0.75,5000000,0,0.4,2.39184200572,2.42253671701,-0.030694711287,0.030694711287,0.0126704834117,s1_sysrisk_samegrid,0.01
s3_sysrisk_seed11,stage3_final,sysrisk,5,2,0.5,11,0.75,5000000,0.375,0.4,2.79008080882,2.75951217531,0.0305686335125,0.0305686335125,0.011077549788,s1_sysrisk_samegrid,0.01
s3_sysrisk_seed04,stage3_final,sysrisk,5,2,0.5,4,0.75,5000000,1,0.05,4.53333333329,4.50285714281,0.0304761904762,0.0304761904762,0.00676818950937,s1_sysrisk_samegrid,0.01
s3_sysrisk_seed07,stage3_final,sysrisk,5,2,0.5,7,0.75,5000000,1,0.2,3.70285714283,3.67238095235,0.0304761904762,0.0304761904762,0.00829875518679,s1_sysrisk_samegrid,0.01
s3_sysrisk_seed12,stage3_final,sysrisk,5,2,0.5,12,0.75,5000000,1,0.1,4.31999999996,4.28952380948,0.0304761904759,0.0304761904759,0.00710479573712,s1_sysrisk_samegrid,0.01
s3_sysrisk_seed00,stage3_final,sysrisk,5,2,0.5,0,0.75,5000000,1,0.2,3.70285714283,3.67238095235,0.0304761904757,0.0304761904757,0.00829875518667,s1_sysrisk_samegrid,0.01
s3_sysrisk_seed08,stage3_final,sysrisk,5,2,0.5,8,0.75,5000000,1,0.2,3.70285714283,3.67238095235,0.0304761904757,0.0304761904757,0.00829875518667,s1_sysrisk_samegrid,0.01
s3_sysrisk_seed01,stage3_final,sysrisk,5,2,0.5,1,0.75,5000000,1,0,4.88380952376,4.85333333329,0.0304761904754,0.0304761904754,0.00627943485076,s1_sysrisk_samegrid,0.01
s3_sysrisk_seed05,stage3_final,sysrisk,5,2,0.5,5,0.75,5000000,0.5,0.2,2.95120736563,2.92080623966,0.030401125967,0.030401125967,0.0104084706319,s1_sysrisk_samegrid,0.01
s3_sysrisk_seed02,stage3_final,sysrisk,5,2,0.5,2,0.75,5000000,0,0.4,2.39215947965,2.42253671701,-0.0303772373607,0.0303772373607,0.0125394332096,s1_sysrisk_samegrid,0.01
s3_sysrisk_seed16,stage3_final,sysrisk,5,2,0.5,16,0.75,5000000,0.125,0,2.54001731022,2.50973180071,0.0302855095096,0.0302855095096,0.012067229455,s1_sysrisk_samegrid,0.01
s3_sysrisk_seed07,stage3_final,sysrisk,5,2,0.5,7,0.75,5000000,0.75,0.5,3.0282424627,3.05831972285,-0.0300772601504,0.0300772601504,0.00983457024643,s1_sysrisk_samegrid,0.01
s3_sysrisk_seed00,stage3_final,sysrisk,5,2,0.5,0,0.75,5000000,0.625,0.3,3.02120010209,2.99117365583,0.0300264462609,0.0300264462609,0.0100383493958,s1_sysrisk_samegrid,0.01
s3_sysrisk_seed18,stage3_final,sysrisk,5,2,0.5,18,0.75,5000000,0.375,1,3.05743583946,3.02744778722,0.0299880522366,0.0299880522366,0.0099053903962,s1_sysrisk_samegrid,0.01
s3_sysrisk_seed08,stage3_final,sysrisk,5,2,0.5,8,0.75,5000000,0.875,0.75,3.1736648461,3.20363439693,-0.0299695508219,0.0299695508219,0.00935485985875,s1_sysrisk_samegrid,0.01
s3_sysrisk_seed19,stage3_final,sysrisk,5,2,0.5,19,0.75,5000000,0.375,1,3.05729041124,3.02744778722,0.0298426240193,0.0298426240193,0.00985735382299,s1_sysrisk_samegrid,0.01
s3_sysrisk_seed03,stage3_final,sysrisk,5,2,0.5,3,0.75,5000000,0.125,0,2.53956547613,2.50973180071,0.0298336754241,0.0298336754241,0.0118871966382,s1_sysrisk_samegrid,0.01
s3_sysrisk_seed03,stage3_final,sysrisk,5,2,0.5,3,0.75,5000000,0.5,0.4,2.91672166259,2.88696230925,0.0297593533375,0.0297593533375,0.0103081890754,s1_sysrisk_samegrid,0.01
s3_sysrisk_seed06,stage3_final,sysrisk,5,2,0.5,6,0.75,5000000,0.25,0.05,2.79641638973,2.76679734211,0.029619047619,0.029619047619,0.0107051742346,s1_sysrisk_samegrid,0.01
s3_sysrisk_seed13,stage3_final,sysrisk,5,2,0.5,13,0.75,5000000,0.25,0.05,2.79641638973,2.76679734211,0.029619047619,0.029619047619,0.0107051742346,s1_sysrisk_samegrid,0.01
s3_sysrisk_seed03,stage3_final,sysrisk,5,2,0.5,3,0.75,5000000,0.75,0.6,3.01258423462,3.04220068871,-0.0296164540816,0.0296164540816,0.00973520721088,s1_sysrisk_samegrid,0.01
s3_sysrisk_seed05,stage3_final,sysrisk,5,2,0.5,5,0.75,5000000,0.375,1,3.05700590794,3.02744778722,0.0295581207198,0.0295581207198,0.00976337918841,s1_sysrisk_samegrid,0.01
s3_sysrisk_seed16,stage3_final,sysrisk,5,2,0.5,16,0.75,5000000,0.875,0.5,3.18567114487,3.15617658867,0.0294945562049,0.0294945562049,0.00934502724303,s1_sysrisk_samegrid,0.01
s3_sysrisk_seed08,stage3_final,sysrisk,5,2,0.5,8,0.75,5000000,0.5,0.4,2.91640752203,2.88696230925,0.0294452127774,0.0294452127774,0.0101993755454,s1_sysrisk_samegrid,0.01
s3_sysrisk_seed05,stage3_final,sysrisk,5,2,0.5,5,0.75,5000000,0.625,0.05,3.67558003435,3.64620137686,0.0293786574871,0.0293786574871,0.00805733267326,s1_sysrisk_samegrid,0.01
s3_sysrisk_seed08,stage3_final,sysrisk,5,2,0.5,8,0.75,5000000,0.625,0.05,3.67558003435,3.64620137686,0.0293786574871,0.0293786574871,0.00805733267326,s1_sysrisk_samegrid,0.01
s3_sysrisk_seed10,stage3_final,sysrisk,5,2,0.5,10,0.75,5000000,0.625,0.05,3.67558003435,3.64620137686,0.0293786574871,0.0293786574871,0.00805733267326,s1_sysrisk_samegrid,0.01
s3_sysrisk_seed11,stage3_final,sysrisk,5,2,0.5,11,0.75,5000000,0.875,0.6,3.10001634737,3.12939247644,-0.0293761290716,0.0293761290716,0.00938716677207,s1_sysrisk_samegrid,0.01
s3_sysrisk_seed19,stage3_final,sysrisk,5,2,0.5,19,0.75,5000000,0.75,0.75,3.09792550508,3.12723740087,-0.0293118957902,0.0293118957902,0.0093730958136,s1_sysrisk_samegrid,0.01
s3_sysrisk_seed13,stage3_final,sysrisk,5,2,0.5,13,0.75,5000000,0.625,0.75,3.03595554166,3.06522276235,-0.0292672206887,0.0292672206887,0.0095481545577,s1_sysrisk_samegrid,0.01
s3_sysrisk_seed14,stage3_final,sysrisk,5,2,0.5,14,0.75,5000000,0.875,0.4,3.36420962707,3.33500295428,0.0292066727878,0.0292066727878,0.00875761526696,s1_sysrisk_samegrid,0.01
s3_sysrisk_seed00,stage3_final,sysrisk,5,2,0.5,0,0.75,5000000,0.375,1,3.05663934763,3.02744778722,0.0291915604078,0.0291915604078,0.00964230020118,s1_sysrisk_samegrid,0.01
s3_sysrisk_seed14,stage3_final,sysrisk,5,2,0.5,14,0.75,5000000,0.875,0.05,4.24916372717,4.21998883006,0.0291748971193,0.0291748971193,0.00691350102909,s1_sysrisk_samegrid,0.01
s3_sysrisk_seed14,stage3_final,sysrisk,5,2,0.5,14,0.75,5000000,0.625,1,3.09773575555,3.12669419497,-0.0289584394265,0.0289584394265,0.00926167946742,s1_sysrisk_samegrid,0.01
s3_sysrisk_seed03,stage3_final,sysrisk,5,2,0.5,3,0.75,5000000,0.5,0.05,3.3843219954,3.35547392284,0.0288480725623,0.0288480725623,0.00859731686961,s1_sysrisk_samegrid,0.01
s3_sysrisk_seed17,stage3_final,sysrisk,5,2,0.5,17,0.75,5000000,0.375,0.4,2.78833447505,2.75951217531,0.0288222997359,0.0288222997359,0.0104447083053,s1_sysrisk_samegrid,0.01
s3_sysrisk_seed16,stage3_final,sysrisk,5,2,0.5,16,0.75,5000000,0.125,0.1,2.47228551752,2.44347936704,0.0288061504797,0.0288061504797,0.0117889886316,s1_sysrisk_samegrid,0.01
s3_sysrisk_seed07,stage3_final,sysrisk,5,2,0.5,7,0.75,5000000,0.375,0.75,2.94356909713,2.97220433913,-0.0286352420006,0.0286352420006,0.0096343449956,s1_sysrisk_samegrid,0.01
s3_sysrisk_seed03,stage3_final,sysrisk,5,2,0.5,3,0.75,5000000,1,0.3,3.58095238092,3.55238095235,0.0285714285714,0.0285714285714,0.00804289544243,s1_sysrisk_samegrid,0.01
s3_sysrisk_seed12,stage3_final,sysrisk,5,2,0.5,12,0.75,5000000,1,0.6,3.2095238095,3.23809523807,-0.0285714285711,0.0285714285711,0.00882352941173,s1_sysrisk_samegrid,0.01
s3_sysrisk_seed04,stage3_final,sysrisk,5,2,0.5,4,0.75,5000000,1,0.75,3.27047619045,3.29904761902,-0.0285714285708,0.0285714285708,0.008660508083,s1_sysrisk_samegrid,0.01
s3_sysrisk_seed10,stage3_final,sysrisk,5,2,0.5,10,0.75,5000000,1,1,3.35047619045,3.37904761902,-0.0285714285708,0.0285714285708,0.00845546786909,s1_sysrisk_samegrid,0.01
s3_sysrisk_seed11,stage3_final,sysrisk,5,2,0.5,11,0.75,5000000,1,1,3.35047619045,3.37904761902,-0.0285714285708,0.0285714285708,0.00845546786909,s1_sysrisk_samegrid,0.01
s3_sysrisk_seed15,stage3_final,sysrisk,5,2,0.5,15,0.75,5000000,1,1,3.35047619045,3.37904761902,-0.0285714285708,0.0285714285708,0.00845546786909,s1_sysrisk_samegrid,0.01
s3_sysrisk_seed18,stage3_final,sysrisk,5,2,0.5,18,0.75,5000000,1,0.75,3.27047619045,3.29904761902,-0.0285714285708,0.0285714285708,0.008660508083,s1_sysrisk_samegrid,0.01
s3_sysrisk_seed11,stage3_final,sysrisk,5,2,0.5,11,0.75,5000000,0.375,0.2,2.77786281616,2.74933035708,0.0285324590774,0.0285324590774,0.010377966767,s1_sysrisk_samegrid,0.01
s3_sysrisk_seed07,stage3_final,sysrisk,5,2,0.5,7,0.75,5000000,0.625,1,3.09816509259,3.12669419497,-0.0285291023838,0.0285291023838,0.00912436605717,s1_sysrisk_samegrid,0.01
s3_sysrisk_seed16,stage3_final,sysrisk,5,2,0.5,16,0.75,5000000,0.25,0.75,2.90861298322,2.93709742737,-0.0284844441444,0.0284844441444,0.00969816114339,s1_sysrisk_samegrid,0.01
s3_sysrisk_seed17,stage3_final,sysrisk,5,2,0.5,17,0.75,5000000,0,1,2.96140026465,2.93291944096,0.0284808236976,0.0284808236976,0.00971074189761,s1_sysrisk_samegrid,0.01
s3_sysrisk_seed18,stage3_final,sysrisk,5,2,0.5,18,0.75,5000000,0.625,0.5,2.94828299181,2.97670491097,-0.0284219191583,0.0284219191583,0.00954811444477,s1_sysrisk_samegrid,0.01
s3_sysrisk_seed08,stage3_final,sysrisk,5,2,0.5,8,0.75,5000000,0,1,2.90450196731,2.93291944096,-0.0284174736425,0.0284174736425,0.00968914224021,s1_sysrisk_samegrid,0.01
s3_sysrisk_seed01,stage3_final,sysrisk,5,2,0.5,1,0.75,5000000,0.75,0.2,3.30906377542,3.28065087454,0.0284129008746,0.0284129008746,0.00866075116225,s1_sysrisk_samegrid,0.01
s3_sysrisk_seed12,stage3_final,sysrisk,5,2,0.5,12,0.75,5000000,0.875,0.6,3.10106803106,3.12939247644,-0.0283244453835,0.0283244453835,0.00905110036429,s1_sysrisk_samegrid,0.01
s3_sysrisk_seed00,stage3_final,sysrisk,5,2,0.5,0,0.75,5000000,0.875,0.6,3.10107004675,3.12939247644,-0.0283224296916,0.0283224296916,0.00905045624825,s1_sysrisk_samegrid,0.01
s3_sysrisk_seed09,stage3_final,sysrisk,5,2,0.5,9,0.75,5000000,0.875,0.6,3.10121259415,3.12939247644,-0.02817988229,0.02817988229,0.00900490510606,s1_sysrisk_samegrid,0.01
s3_sysrisk_seed02,stage3_final,sysrisk,5,2,0.5,2,0.75,5000000,0.125,0.1,2.47162479469,2.44347936704,0.0281454276417,0.0281454276417,0.0115185861691,s1_sysrisk_samegrid,0.01
s3_sysrisk_seed06,stage3_final,sysrisk,5,2,0.5,6,0.75,5000000,0.125,0,2.53786097422,2.50973180071,0.0281291735084,0.0281291735084,0.0112080396401,s1_sysrisk_samegrid,0.01
s3_sysrisk_seed06,stage3_final,sysrisk,5,2,0.5,6,0.75,5000000,0.125,1,2.93097459659,2.9590811486,-0.0281065520042,0.0281065520042,0.00949840527946,s1_sysrisk_samegrid,0.01
s3_sysrisk_seed00,stage3_final,sysrisk,5,2,0.5,0,0.75,5000000,0.375,0.1,2.97661655282,2.9485106026,0.0281059502204,0.0281059502204,0.00953225340129,s1_sysrisk_samegrid,0.01
s3_sysrisk_seed15,stage3_final,sysrisk,5,2,0.5,15,0.75,5000000,0.5,1,3.10037369485,3.07229131016,0.0280823846858,0.0280823846858,0.00914053449061,s1_sysrisk_samegrid,0.01
s3_sysrisk_seed05,stage3_final,sysrisk,5,2,0.5,5,0.75,5000000,0,0.6,2.72237025459,2.75032120293,-0.0279509483386,0.0279509483386,0.0101627941888,s1_sysrisk_samegrid,0.01
s3_sysrisk_seed08,stage3_final,sysrisk,5,2,0.5,8,0.75,5000000,0.125,1,2.93128424268,2.9590811486,-0.0277969059137,0.0277969059137,0.00939376263029,s1_sysrisk_samegrid,0.01
s3_sysrisk_seed15,stage3_final,sysrisk,5,2,0.5,15,0.75,5000000,0.625,0.4,2.99629987338,3.02408408301,-0.0277842096378,0.0277842096378,0.00918764454793,s1_sysrisk_samegrid,0.01
s3_sysrisk_seed06,stage3_final,sysrisk,5,2,0.5,6,0.75,5000000,0,1,2.9051615958,2.93291944096,-0.027757845155,0.027757845155,0.00946423715818,s1_sysrisk_samegrid,0.01
s3_sysrisk_seed16,stage3_final,sysrisk,5,2,0.5,16,0.75,5000000,0.75,0.5,3.08604142711,3.05831972285,0.0277217042598,0.0277217042598,0.00906435780823,s1_sysrisk_samegrid,0.01
s3_sysrisk_seed12,stage3_final,sysrisk,5,2,0.5,12,0.75,5000000,0.875,0.1,4.03635401343,4.00869088517,0.0276631282529,0.0276631282529,0.00690078857295,s1_sysrisk_samegrid,0.01
s3_sysrisk_seed11,stage3_final,sysrisk,5,2,0.5,11,0.75,5000000,0.5,1,3.09995389712,3.07229131016,0.0276625869606,0.0276625869606,0.00900389454253,s1_sysrisk_samegrid,0.01
s3_sysrisk_seed00,stage3_final,sysrisk,5,2,0.5,0,0.75,5000000,0,0.4,2.39489546877,2.42253671701,-0.0276412482388,0.0276412482388,0.0114100430531,s1_sysrisk_samegrid,0.01
s3_sysrisk_seed16,stage3_final,sysrisk,5,2,0.5,16,0.75,5000000,0.5,0.2,2.94839655165,2.92080623966,0.0275903119869,0.0275903119869,0.00944612881615,s1_sysrisk_samegrid,0.01
s3_sysrisk_seed00,stage3_final,sysrisk,5,2,0.5,0,0.75,5000000,0.625,0.75,3.03765380601,3.06522276235,-0.0275689563362,0.0275689563362,0.00899411183907,s1_sysrisk_samegrid,0.01
s3_sysrisk_seed00,stage3_final,sysrisk,5,2,0.5,0,0.75,5000000,0.25,0.05,2.79429415931,2.76679734211,0.0274968172013,0.0274968172013,0.00993813922791,s1_sysrisk_samegrid,0.01
s3_sysrisk_seed15,stage3_final,sysrisk,5,2,0.5,15,0.75,5000000,0.625,0.5,3.00419098007,2.97670491097,0.0274860690976,0.0274860690976,0.00923372316693,s1_sysrisk_samegrid,0.01
s3_sysrisk_seed19,stage3_final,sysrisk,5,2,0.5,19,0.75,5000000,0.625,0.5,3.00419098007,2.97670491097,0.0274860690976,0.0274860690976,0.00923372316693,s1_sysrisk_samegrid,0.01
s3_sysrisk_seed08,stage3_final,sysrisk,5,2,0.5,8,0.75,5000000,0.625,1,3.09922568236,3.12669419497,-0.0274685126092,0.0274685126092,0.00878516122662,s1_sysrisk_samegrid,0.01
s3_sysrisk_seed08,stage3_final,sysrisk,5,2,0.5,8,0.75,5000000,0.25,1,2.96276231371,2.99020674345,-0.0274444297319,0.0274444297319,0.00917810442104,s1_sysrisk_samegrid,0.01
s3_sysrisk_seed08,stage3_final,sysrisk,5,2,0.5,8,0.75,5000000,0.5,1,3.04490618041,3.07229131016,-0.0273851297533,0.0273851297533,0.00891358500499,s1_sysrisk_samegrid,0.01
s3_sysrisk_seed08,stage3_final,sysrisk,5,2,0.5,8,0.75,5000000,0.375,1,3.0001186623,3.02744778722,-0.0273291249225,0.0273291249225,0.00902711684669,s1_sysrisk_samegrid,0.01
s3_sysrisk_seed08,stage3_final,sysrisk,5,2,0.5,8,0.75,5000000,0.75,1,3.16601076623,3.19328718448,-0.0272764182456,0.0272764182456,0.00854179930267,s1_sysrisk_samegrid,0.01
s3_sysrisk_seed04,stage3_final,sysrisk,5,2,0.5,4,0.75,5000000,0.875,0.05,4.24724954985,4.21998883006,0.0272607197972,0.0272607197972,0.00645990330662,s1_sysrisk_samegrid,0.01
s3_sysrisk_seed00,stage3_final,sysrisk,5,2,0.5,0,0.75,5000000,0.125,0.2,2.44644036928,2.41934351056,0.0270968587235,0.0270968587235,0.0112000873812,s1_sysrisk_samegrid,0.01
s3_sysrisk_seed06,stage3_final,sysrisk,5,2,0.5,6,0.75,5000000,0.75,0.4,3.19966427699,3.17265481347,0.0270094635204,0.0270094635204,0.00851320585074,s1_sysrisk_samegrid,0.01
s3_sysrisk_seed09,stage3_final,sysrisk,5,2,0.5,9,0.75,5000000,0.75,0.4,3.19966427699,3.17265481347,0.0270094635204,0.0270094635204,0.00851320585074,s1_sysrisk_samegrid,0.01
s3_sysrisk_seed07,stage3_final,sysrisk,5,2,0.5,7,0.75,5000000,0.875,0.3,3.36605874635,3.3391186418,0.0269401045505,0.0269401045505,0.00806802855495,s1_sysrisk_samegrid,0.01
s3_sysrisk_seed17,stage3_final,sysrisk,5,2,0.5,17,0.75,5000000,0.25,0.05,2.79370099659,2.76679734211,0.026903654485,0.026903654485,0.00972375319129,s1_sysrisk_samegrid,0.01
s3_sysrisk_seed08,stage3_final,sysrisk,5,2,0.5,8,0.75,5000000,0,0.4,2.39565814527,2.42253671701,-0.0268785717404,0.0268785717404,0.0110952174849,s1_sysrisk_samegrid,0.01
s3_sysrisk_seed05,stage3_final,sysrisk,5,2,0.5,5,0.75,5000000,0.75,0.75,3.1003742288,3.12723740087,-0.0268631720679,0.0268631720679,0.0085900648478,s1_sysrisk_samegrid,0.01
s3_sysrisk_seed07,stage3_final,sysrisk,5,2,0.5,7,0.75,5000000,0.875,0.2,3.49838834139,3.47154410776,0.026844233631,0.026844233631,0.00773264944868,s1_sysrisk_samegrid,0.01
s3_sysrisk_seed06,stage3_final,sysrisk,5,2,0.5,6,0.75,5000000,0.625,0.6,2.99775016855,2.97092626877,0.0268238997801,0.0268238997801,0.00902880023042,s1_sysrisk_samegrid,0.01
s3_sysrisk_seed06,stage3_final,sysrisk,5,2,0.5,6,0.75,5000000,0.125,0.1,2.4701820784,2.44347936704,0.0267027113542,0.0267027113542,0.0109281509451,s1_sysrisk_samegrid,0.01
s3_sysrisk_seed16,stage3_final,sysrisk,5,2,0.5,16,0.75,5000000,1,0.5,3.30285714283,3.27619047617,0.0266666666664,0.0266666666664,0.00813953488371,s1_sysrisk_samegrid,0.01
s3_sysrisk_seed03,stage3_final,sysrisk,5,2,0.5,3,0.75,5000000,0.25,0.3,2.56519698273,2.59184830534,-0.0266513226097,0.0266513226097,0.0102827478579,s1_sysrisk_samegrid,0.01
s3_sysrisk_seed12,stage3_final,sysrisk,5,2,0.5,12,0.75,5000000,0.75,0.6,3.01567315129,3.04220068871,-0.026527537415,0.026527537415,0.00871985122922,s1_sysrisk_samegrid,0.01
s3_sysrisk_seed04,stage3_final,sysrisk,5,2,0.5,4,0.75,5000000,0.875,0.75,3.17714843094,3.20363439693,-0.0264859659897,0.0264859659897,0.00826747459545,s1_sysrisk_samegrid,0.01
s3_sysrisk_seed06,stage3_final,sysrisk,5,2,0.5,6,0.75,5000000,0.25,1,2.96376432269,2.99020674345,-0.0264424207578,0.0264424207578,0.00884300753309,s1_sysrisk_samegrid,0.01
s3_sysrisk_seed05,stage3_final,sysrisk,5,2,0.5,5,0.75,5000000,0.875,0.75,3.17723942426,3.20363439693,-0.0263949726672,0.0263949726672,0.00823907144103,s1_sysrisk_samegrid,0.01
s3_sysrisk_seed08,stage3_final,sysrisk,5,2,0.5,8,0.75,5000000,0.875,1,3.24951309552,3.27569398697,-0.0261808914482,0.0261808914482,0.00799247168764,s1_sysrisk_samegrid,0.01
s3_sysrisk_seed09,stage3_final,sysrisk,5,2,0.5,9,0.75,5000000,0,0.1,2.16903896097,2.19512240595,-0.0260834449775,0.0260834449775,0.011882455806,s1_sysrisk_samegrid,0.01
s3_sysrisk_seed10,stage3_final,sysrisk,5,2,0.5,10,0.75,5000000,0.875,0.6,3.15536585553,3.12939247644,0.0259733790854,0.0259733790854,0.00829981514971,s1_sysrisk_samegrid,0.01
s3_sysrisk_seed02,stage3_final,sysrisk,5,2,0.5,2,0.75,5000000,0.25,0.2,2.60833013328,2.5823676261,0.0259625071795,0.0259625071795,0.0100537610978,s1_sysrisk_samegrid,0.01
s3_sysrisk_seed10,stage3_final,sysrisk,5,2,0.5,10,0.75,5000000,0.375,0.75,2.99812482063,2.97220433913,0.0259204814963,0.0259204814963,0.00872096213408,s1_sysrisk_samegrid,0.01
s3_sysrisk_seed00,stage3_final,sysrisk,5,2,0.5,0,0.75,5000000,0.75,0.4,3.14674800702,3.17265481347,-0.0259068064573,0.0259068064573,0.00816565557253,s1_sysrisk_samegrid,0.01
s3_sysrisk_seed17,stage3_final,sysrisk,5,2,0.5,17,0.75,5000000,0.125,0.75,2.88179432091,2.90768994815,-0.0258956272419,0.0258956272419,0.00890591077579,s1_sysrisk_samegrid,0.01
s3_sysrisk_seed05,stage3_final,sysrisk,5,2,0.5,5,0.75,5000000,0.125,0.6,2.75655027355,2.78244124654,-0.0258909729944,0.0258909729944,0.00930512837481,s1_sysrisk_samegrid,0.01
s3_sysrisk_seed14,stage3_final,sysrisk,5,2,0.5,14,0.75,5000000,0.125,0,2.53560591127,2.50973180071,0.0258741105637,0.0258741105637,0.0103095121783,s1_sysrisk_samegrid,0.01
s3_sysrisk_seed10,stage3_final,sysrisk,5,2,0.5,10,0.75,5000000,0.5,0.75,3.04020398006,3.01433083051,0.0258731495482,0.0258731495482,0.00858338085729,s1_sysrisk_samegrid,0.01
s3_sysrisk_seed14,stage3_final,sysrisk,5,2,0.5,14,0.75,5000000,0.75,0.05,3.96020325195,3.9344041811,0.0257990708478,0.0257990708478,0.00655730058741,s1_sysrisk_samegrid,0.01
s3_sysrisk_seed03,stage3_final,sysrisk,5,2,0.5,3,0.75,5000000,0.375,0.2,2.7750338076,2.74933035708,0.0257034505208,0.0257034505208,0.00934898581928,s1_sysrisk_samegrid,0.01
s3_sysrisk_seed11,stage3_final,sysrisk,5,2,0.5,11,0.75,5000000,0.125,0.1,2.46914860421,2.44347936704,0.0256692371655,0.0256692371655,0.0105051990664,s1_sysrisk_samegrid,0.01
s3_sysrisk_seed17,stage3_final,sysrisk,5,2,0.5,17,0.75,5000000,0.125,0.1,2.46914860421,2.44347936704,0.0256692371655,0.0256692371655,0.0105051990664,s1_sysrisk_samegrid,0.01
s3_sysrisk_seed14,stage3_final,sysrisk,5,2,0.5,14,0.75,5000000,0.25,1,3.01586505148,2.99020674345,0.0256583080384,0.0256583080384,0.00858078060811,s1_sysrisk_samegrid,0.01
s3_sysrisk_seed07,stage3_final,sysrisk,5,2,0.5,7,0.75,5000000,0.25,0.05,2.79241638973,2.76679734211,0.025619047619,0.025619047619,0.00925945938615,s1_sysrisk_samegrid,0.01
s3_sysrisk_seed12,stage3_final,sysrisk,5,2,0.5,12,0.75,5000000,0.25,0.05,2.79241638973,2.76679734211,0.025619047619,0.025619047619,0.00925945938615,s1_sysrisk_samegrid,0.01
s3_sysrisk_seed15,stage3_final,sysrisk,5,2,0.5,15,0.75,5000000,0.25,0.05,2.79241638973,2.76679734211,0.025619047619,0.025619047619,0.00925945938615,s1_sysrisk_samegrid,0.01
s3_sysrisk_seed19,stage3_final,sysrisk,5,2,0.5,19,0.75,5000000,0.25,0.05,2.79241638973,2.76679734211,0.025619047619,0.025619047619,0.00925945938615,s1_sysrisk_samegrid,0.01
s3_sysrisk_seed13,stage3_final,sysrisk,5,2,0.5,13,0.75,5000000,0.875,1,3.3013037339,3.27569398697,0.025609746936,0.025609746936,0.00781811336403,s1_sysrisk_samegrid,0.01
s3_sysrisk_seed05,stage3_final,sysrisk,5,2,0.5,5,0.75,5000000,0.625,0.4,3.04963885894,3.02408408301,0.0255547759288,0.0255547759288,0.0084504184498,s1_sysrisk_samegrid,0.01
s3_sysrisk_seed03,stage3_final,sysrisk,5,2,0.5,3,0.75,5000000,0.625,0.6,2.94538618512,2.97092626877,-0.0255400836532,0.0255400836532,0.00859667367772,s1_sysrisk_samegrid,0.01
s3_sysrisk_seed09,stage3_final,sysrisk,5,2,0.5,9,0.75,5000000,0.125,0.1,2.46901423092,2.44347936704,0.025534863876,0.025534863876,0.0104502064639,s1_sysrisk_samegrid,0.01
s3_sysrisk_seed05,stage3_final,sysrisk,5,2,0.5,5,0.75,5000000,0.625,0.75,3.03970587544,3.06522276235,-0.0255168869103,0.0255168869103,0.00832464355405,s1_sysrisk_samegrid,0.01
s3_sysrisk_seed16,stage3_final,sysrisk,5,2,0.5,16,0.75,5000000,0.125,0.75,2.88220757965,2.90768994815,-0.0254823685036,0.0254823685036,0.00876378463936,s1_sysrisk_samegrid,0.01
s3_sysrisk_seed13,stage3_final,sysrisk,5,2,0.5,13,0.75,5000000,0.5,0.75,2.98887539427,3.01433083051,-0.0254554362468,0.0254554362468,0.00844480505893,s1_sysrisk_samegrid,0.01
s3_sysrisk_seed00,stage3_final,sysrisk,5,2,0.5,0,0.75,5000000,0.25,0.1,2.71977000269,2.69444734624,0.0253226564463,0.0253226564463,0.00939808917832,s1_sysrisk_samegrid,0.01
s3_sysrisk_seed07,stage3_final,sysrisk,5,2,0.5,7,0.75,5000000,0.25,0.75,2.91191959303,2.93709742737,-0.0251778343363,0.0251778343363,0.00857235245305,s1_sysrisk_samegrid,0.01
s3_sysrisk_seed01,stage3_final,sysrisk,5,2,0.5,1,0.75,5000000,0.125,0.1,2.46863150138,2.44347936704,0.025152134333,0.025152134333,0.0102935734479,s1_sysrisk_samegrid,0.01
s3_sysrisk_seed02,stage3_final,sysrisk,5,2,0.5,2,0.75,5000000,0.75,0.3,3.17934664325,3.1541974164,0.0251492268492,0.0251492268492,0.00797325706958,s1_sysrisk_samegrid,0.01
s3_sysrisk_seed09,stage3_final,sysrisk,5,2,0.5,9,0.75,5000000,0.375,1,3.0524399023,3.02744778722,0.0249921150798,0.0249921150798,0.00825517625284,s1_sysrisk_samegrid,0.01
s3_sysrisk_seed19,stage3_final,sysrisk,5,2,0.5,19,0.75,5000000,0.875,0.75,3.17866290294,3.20363439693,-0.0249714939849,0.0249714939849,0.00779473900295,s1_sysrisk_samegrid,0.01
s3_sysrisk_seed14,stage3_final,sysrisk,5,2,0.5,14,0.75,5000000,0.75,0.4,3.19753634385,3.17265481347,0.0248815303795,0.0248815303795,0.00784249527363,s1_sysrisk_samegrid,0.01
s3_sysrisk_seed02,stage3_final,sysrisk,5,2,0.5,2,0.75,5000000,0.25,1,2.96546985751,2.99020674345,-0.0247368859395,0.0247368859395,0.00827263398885,s1_sysrisk_samegrid,0.01
s3_sysrisk_seed03,stage3_final,sysrisk,5,2,0.5,3,0.75,5000000,0.375,0.4,2.78422168715,2.75951217531,0.0247095118438,0.0247095118438,0.00895430433862,s1_sysrisk_samegrid,0.01
s3_sysrisk_seed03,stage3_final,sysrisk,5,2,0.5,3,0.75,5000000,0.125,0.1,2.46817896135,2.44347936704,0.0246995943084,0.0246995943084,0.0101083703188,s1_sysrisk_samegrid,0.01
s3_sysrisk_seed15,stage3_final,sysrisk,5,2,0.5,15,0.75,5000000,0.125,0.1,2.46815708806,2.44347936704,0.0246777210189,0.0246777210189,0.0100994186207,s1_sysrisk_samegrid,0.01
s3_sysrisk_seed16,stage3_final,sysrisk,5,2,0.5,16,0.75,5000000,0.375,1,3.00277134677,3.02744778722,-0.0246764404588,0.0246764404588,0.00815090538075,s1_sysrisk_samegrid,0.01
s3_sysrisk_seed04,stage3_final,sysrisk,5,2,0.5,4,0.75,5000000,0.125,0.2,2.44385386248,2.41934351056,0.0245103519216,0.0245103519216,0.0101309928973,s1_sysrisk_samegrid,0.01
s3_sysrisk_seed08,stage3_final,sysrisk,5,2,0.5,8,0.75,5000000,0.75,0.75,3.10276407329,3.12723740087,-0.0244733275724,0.0244733275724,0.00782586175442,s1_sysrisk_samegrid,0.01
s3_sysrisk_seed02,stage3_final,sysrisk,5,2,0.5,2,0.75,5000000,0.375,0,3.21357843132,3.18924369743,0.0243347338935,0.0243347338935,0.00763025224856,s1_sysrisk_samegrid,0.01
s3_sysrisk_seed02,stage3_final,sysrisk,5,2,0.5,2,0.75,5000000,0.875,0.75,3.1793343257,3.20363439693,-0.0243000712299,0.0243000712299,0.00758515742407,s1_sysrisk_samegrid,0.01
s3_sysrisk_seed00,stage3_final,sysrisk,5,2,0.5,0,0.75,5000000,0.5,0.1,3.23043027205,3.20622550072,0.0242047713212,0.0242047713212,0.00754930410097,s1_sysrisk_samegrid,0.01
s3_sysrisk_seed07,stage3_final,sysrisk,5,2,0.5,7,0.75,5000000,0.5,1,3.0481439968,3.07229131016,-0.0241473133661,0.0241473133661,0.00785970825301,s1_sysrisk_samegrid,0.01
s3_sysrisk_seed08,stage3_final,sysrisk,5,2,0.5,8,0.75,5000000,0.875,0.2,3.49567375597,3.47154410776,0.0241296482076,0.0241296482076,0.00695069613364,s1_sysrisk_samegrid,0.01
s3_sysrisk_seed12,stage3_final,sysrisk,5,2,0.5,12,0.75,5000000,0.75,0.5,3.08237968613,3.05831972285,0.0240599632865,0.0240599632865,0.00786705297906,s1_sysrisk_samegrid,0.01
s3_sysrisk_seed10,stage3_final,sysrisk,5,2,0.5,10,0.75,5000000,0.25,0.75,2.96114559549,2.93709742737,0.0240481681204,0.0240481681204,0.00818773251998,s1_sysrisk_samegrid,0.01
s3_sysrisk_seed04,stage3_final,sysrisk,5,2,0.5,4,0.75,5000000,0.75,0.05,3.95836926531,3.9344041811,0.0239650842044,0.0239650842044,0.00609115970329,s1_sysrisk_samegrid,0.01
s3_sysrisk_seed04,stage3_final,sysrisk,5,2,0.5,4,0.75,5000000,0.75,0.75,3.10327430559,3.12723740087,-0.0239630952726,0.0239630952726,0.00766270423409,s1_sysrisk_samegrid,0.01
s3_sysrisk_seed18,stage3_final,sysrisk,5,2,0.5,18,0.75,5000000,0.125,0,2.53363984668,2.50973180071,0.0239080459769,0.0239080459769,0.0095261358087,s1_sysrisk_samegrid,0.01
s3_sysrisk_seed18,stage3_final,sysrisk,5,2,0.5,18,0.75,5000000,0.375,0.4,2.78341939844,2.75951217531,0.023907223127,0.023907223127,0.00866356863394,s1_sysrisk_samegrid,0.01
s3_sysrisk_seed15,stage3_final,sysrisk,5,2,0.5,15,0.75,5000000,0,0.1,2.17132467525,2.19512240595,-0.0237977306918,0.0237977306918,0.0108411861805,s1_sysrisk_samegrid,0.01
s3_sysrisk_seed02,stage3_final,sysrisk,5,2,0.5,2,0.75,5000000,0.75,0.75,3.10345818191,3.12723740087,-0.0237792189531,0.0237792189531,0.00760390590958,s1_sysrisk_samegrid,0.01
s3_sysrisk_seed09,stage3_final,sysrisk,5,2,0.5,9,0.75,5000000,0.875,1,3.25191562454,3.27569398697,-0.0237783624295,0.0237783624295,0.00725903046013,s1_sysrisk_samegrid,0.01
s3_sysrisk_seed00,stage3_final,sysrisk,5,2,0.5,0,0.75,5000000,0.5,0.75,2.99060938442,3.01433083051,-0.023721446099,0.023721446099,0.00786955627395,s1_sysrisk_samegrid,0.01
s3_sysrisk_seed05,stage3_final,sysrisk,5,2,0.5,5,0.75,5000000,0.5,0.05,3.37908390016,3.35547392284,0.0236099773242,0.0236099773242,0.00703625713303,s1_sysrisk_samegrid,0.01
s3_sysrisk_seed08,stage3_final,sysrisk,5,2,0.5,8,0.75,5000000,0.5,0.05,3.37908390016,3.35547392284,0.0236099773242,0.0236099773242,0.00703625713303,s1_sysrisk_samegrid,0.01
s3_sysrisk_seed10,stage3_final,sysrisk,5,2,0.5,10,0.75,5000000,0.5,0.05,3.37908390016,3.35547392284,0.0236099773242,0.0236099773242,0.00703625713303,s1_sysrisk_samegrid,0.01
s3_sysrisk_seed10,stage3_final,sysrisk,5,2,0.5,10,0.75,5000000,0.625,0.75,3.08881737525,3.06522276235,0.0235946128997,0.0235946128997,0.00769751979842,s1_sysrisk_samegrid,0.01
s3_sysrisk_seed16,stage3_final,sysrisk,5,2,0.5,16,0.75,5000000,0,0.1,2.17152813846,2.19512240595,-0.0235942674883,0.0235942674883,0.010748497407,s1_sysrisk_samegrid,0.01
s3_sysrisk_seed18,stage3_final,sysrisk,5,2,0.5,18,0.75,5000000,0.5,0.5,2.88373207749,2.90731154896,-0.0235794714696,0.0235794714696,0.00811040408726,s1_sysrisk_samegrid,0.01
s3_sysrisk_seed06,stage3_final,sysrisk,5,2,0.5,6,0.75,5000000,0.375,1,3.00388994448,3.02744778722,-0.0235578427487,0.0235578427487,0.00778141999613,s1_sysrisk_samegrid,0.01
s3_sysrisk_seed07,stage3_final,sysrisk,5,2,0.5,7,0.75,5000000,0.625,0.5,2.95320123353,2.97670491097,-0.0235036774424,0.0235036774424,0.00789587081868,s1_sysrisk_samegrid,0.01
s3_sysrisk_seed12,stage3_final,sysrisk,5,2,0.5,12,0.75,5000000,0.625,0.6,2.94743465164,2.97092626877,-0.0234916171353,0.0234916171353,0.0079071693506,s1_sysrisk_samegrid,0.01
s3_sysrisk_seed09,stage3_final,sysrisk,5,2,0.5,9,0.75,5000000,0.75,0.6,3.01871303079,3.04220068871,-0.0234876579203,0.0234876579203,0.00772061422756,s1_sysrisk_samegrid,0.01
s3_sysrisk_seed10,stage3_final,sysrisk,5,2,0.5,10,0.75,5000000,0,1,2.95630718682,2.93291944096,0.0233877458674,0.0233877458674,0.00797422034196,s1_sysrisk_samegrid,0.01
s3_sysrisk_seed13,stage3_final,sysrisk,5,2,0.5,13,0.75,5000000,0.125,0.1,2.46677497784,2.44347936704,0.0232956107919,0.0232956107919,0.0095337865775,s1_sysrisk_samegrid,0.01
s3_sysrisk_seed13,stage3_final,sysrisk,5,2,0.5,13,0.75,5000000,0,0.6,2.72702715554,2.75032120293,-0.023294047386,0.023294047386,0.00846957343061,s1_sysrisk_samegrid,0.01
s3_sysrisk_seed10,stage3_final,sysrisk,5,2,0.5,10,0.75,5000000,0.75,0.6,3.06541565273,3.04220068871,0.0232149640247,0.0232149640247,0.00763097717742,s1_sysrisk_samegrid,0.01
s3_sysrisk_seed07,stage3_final,sysrisk,5,2,0.5,7,0.75,5000000,0.75,0.2,3.30385474359,3.28065087454,0.0232038690476,0.0232038690476,0.0070729467825,s1_sysrisk_samegrid,0.01
s3_sysrisk_seed02,stage3_final,sysrisk,5,2,0.5,2,0.75,5000000,0.75,0.4,3.19583405188,3.17265481347,0.0231792384096,0.0231792384096,0.00730594400347,s1_sysrisk_samegrid,0.01
s3_sysrisk_seed14,stage3_final,sysrisk,5,2,0.5,14,0.75,5000000,0,0.5,2.68249845525,2.70561213913,-0.0231136838748,0.0231136838748,0.00854286671048,s1_sysrisk_samegrid,0.01
s3_sysrisk_seed04,stage3_final,sysrisk,5,2,0.5,4,0.75,5000000,0.125,0.3,2.45631859531,2.47941296606,-0.0230943707579,0.0230943707579,0.00931445107129,s1_sysrisk_samegrid,0.01
s3_sysrisk_seed05,stage3_final,sysrisk,5,2,0.5,5,0.75,5000000,0.5,0.75,2.99125963072,3.01433083051,-0.0230711997936,0.0230711997936,0.00765383797958,s1_sysrisk_samegrid,0.01
s3_sysrisk_seed18,stage3_final,sysrisk,5,2,0.5,18,0.75,5000000,0.5,1,3.09528353005,3.07229131016,0.022992219888,0.022992219888,0.00748373691387,s1_sysrisk_samegrid,0.01
s3_sysrisk_seed05,stage3_final,sysrisk,5,2,0.5,5,0.75,5000000,0.25,0.6,2.79631713585,2.81922388674,-0.0229067508929,0.0229067508929,0.00812519750583,s1_sysrisk_samegrid,0.01
s3_sysrisk_seed14,stage3_final,sysrisk,5,2,0.5,14,0.75,5000000,0.125,0.1,2.46637651737,2.44347936704,0.0228971503258,0.0228971503258,0.00937071564205,s1_sysrisk_samegrid,0.01
s3_sysrisk_seed02,stage3_final,sysrisk,5,2,0.5,2,0.75,5000000,0.125,0.05,2.49190284614,2.46901423092,0.0228886152161,0.0228886152161,0.0092703456017,s1_sysrisk_samegrid,0.01
s3_sysrisk_seed16,stage3_final,sysrisk,5,2,0.5,16,0.75,5000000,0.625,0.5,2.99958505963,2.97670491097,0.0228801486555,0.0228801486555,0.00768640135309,s1_sysrisk_samegrid,0.01
s3_sysrisk_seed12,stage3_final,sysrisk,5,2,0.5,12,0.75,5000000,0.875,1,3.25283682934,3.27569398697,-0.0228571576243,0.0228571576243,0.00697780614283,s1_sysrisk_samegrid,0.01
s3_sysrisk_seed01,stage3_final,sysrisk,5,2,0.5,1,0.75,5000000,1,0.05,4.52571428567,4.50285714281,0.0228571428571,0.0228571428571,0.00507614213203,s1_sysrisk_samegrid,0.01
s3_sysrisk_seed18,stage3_final,sysrisk,5,2,0.5,18,0.75,5000000,1,0.05,4.47999999996,4.50285714281,-0.0228571428571,0.0228571428571,0.00507614213203,s1_sysrisk_samegrid,0.01
s3_sysrisk_seed08,stage3_final,sysrisk,5,2,0.5,8,0.75,5000000,1,1,3.35619047616,3.37904761902,-0.022857142857,0.022857142857,0.00676437429538,s1_sysrisk_samegrid,0.01
s3_sysrisk_seed17,stage3_final,sysrisk,5,2,0.5,17,0.75,5000000,1,0.75,3.27619047617,3.29904761902,-0.022857142857,0.022857142857,0.00692840646651,s1_sysrisk_samegrid,0.01
s3_sysrisk_seed02,stage3_final,sysrisk,5,2,0.5,2,0.75,5000000,1,0.75,3.27619047617,3.29904761902,-0.0228571428568,0.0228571428568,0.00692840646646,s1_sysrisk_samegrid,0.01
s3_sysrisk_seed03,stage3_final,sysrisk,5,2,0.5,3,0.75,5000000,1,1,3.35619047616,3.37904761902,-0.0228571428568,0.0228571428568,0.00676437429533,s1_sysrisk_samegrid,0.01
s3_sysrisk_seed05,stage3_final,sysrisk,5,2,0.5,5,0.75,5000000,1,0.75,3.27619047617,3.29904761902,-0.0228571428568,0.0228571428568,0.00692840646646,s1_sysrisk_samegrid,0.01
s3_sysrisk_seed06,stage3_final,sysrisk,5,2,0.5,6,0.75,5000000,1,0.5,3.25333333331,3.27619047617,-0.0228571428568,0.0228571428568,0.006976744186,s1_sysrisk_samegrid,0.01
s3_sysrisk_seed08,stage3_final,sysrisk,5,2,0.5,8,0.75,5000000,1,0.5,3.25333333331,3.27619047617,-0.0228571428568,0.0228571428568,0.006976744186,s1_sysrisk_samegrid,0.01
s3_sysrisk_seed08,stage3_final,sysrisk,5,2,0.5,8,0.75,5000000,1,0.6,3.21523809521,3.23809523807,-0.0228571428568,0.0228571428568,0.00705882352936,s1_sysrisk_samegrid,0.01
s3_sysrisk_seed09,stage3_final,sysrisk,5,2,0.5,9,0.75,5000000,1,0.75,3.27619047617,3.29904761902,-0.0228571428568,0.0228571428568,0.00692840646646,s1_sysrisk_samegrid,0.01
s3_sysrisk_seed10,stage3_final,sysrisk,5,2,0.5,10,0.75,5000000,1,0.6,3.26095238093,3.23809523807,0.0228571428568,0.0228571428568,0.00705882352936,s1_sysrisk_samegrid,0.01
s3_sysrisk_seed12,stage3_final,sysrisk,5,2,0.5,12,0.75,5000000,1,0.75,3.27619047617,3.29904761902,-0.0228571428568,0.0228571428568,0.00692840646646,s1_sysrisk_samegrid,0.01
s3_sysrisk_seed13,stage3_final,sysrisk,5,2,0.5,13,0.75,5000000,1,0.6,3.26095238093,3.23809523807,0.0228571428568,0.0228571428568,0.00705882352936,s1_sysrisk_samegrid,0.01
s3_sysrisk_seed17,stage3_final,sysrisk,5,2,0.5,17,0.75,5000000,1,0.6,3.26095238093,3.23809523807,0.0228571428568,0.0228571428568,0.00705882352936,s1_sysrisk_samegrid,0.01
s3_sysrisk_seed12,stage3_final,sysrisk,5,2,0.5,12,0.75,5000000,0.875,0.75,3.18093304159,3.20363439693,-0.022701355339,0.022701355339,0.00708612548323,s1_sysrisk_samegrid,0.01
s3_sysrisk_seed18,stage3_final,sysrisk,5,2,0.5,18,0.75,5000000,0.75,0.3,3.17680832029,3.1541974164,0.022610903881,0.022610903881,0.00716851258687,s1_sysrisk_samegrid,0.01
s3_sysrisk_seed09,stage3_final,sysrisk,5,2,0.5,9,0.75,5000000,0.875,0.75,3.18104861141,3.20363439693,-0.0225857855156,0.0225857855156,0.0070500508851,s1_sysrisk_samegrid,0.01
s3_sysrisk_seed09,stage3_final,sysrisk,5,2,0.5,9,0.75,5000000,0,0,2.18979047612,2.1672727272,0.0225177489176,0.0225177489176,0.0103899009271,s1_sysrisk_samegrid,0.01
s3_sysrisk_seed16,stage3_final,sysrisk,5,2,0.5,16,0.75,5000000,0,0.75,2.860507547,2.88296533839,-0.0224577913909,0.0224577913909,0.00778982358609,s1_sysrisk_samegrid,0.01
s3_sysrisk_seed00,stage3_final,sysrisk,5,2,0.5,0,0.75,5000000,0.875,1,3.25327986592,3.27569398697,-0.0224141210475,0.0224141210475,0.00684255645879,s1_sysrisk_samegrid,0.01
s3_sysrisk_seed00,stage3_final,sysrisk,5,2,0.5,0,0.75,5000000,0.5,0.3,2.8676948172,2.84532654751,0.0223682696907,0.0223682696907,0.00786140687797,s1_sysrisk_samegrid,0.01
s3_sysrisk_seed10,stage3_final,sysrisk,5,2,0.5,10,0.75,5000000,0.875,1,3.25340419272,3.27569398697,-0.0222897942437,0.0222897942437,0.00680460211862,s1_sysrisk_samegrid,0.01
s3_sysrisk_seed14,stage3_final,sysrisk,5,2,0.5,14,0.75,5000000,0.625,0.05,3.66846098673,3.64620137686,0.022259609868,0.022259609868,0.00610487671067,s1_sysrisk_samegrid,0.01
s3_sysrisk_seed11,stage3_final,sysrisk,5,2,0.5,11,0.75,5000000,0.75,0.6,3.01994378369,3.04220068871,-0.022256905021,0.022256905021,0.00731605416552,s1_sysrisk_samegrid,0.01
s3_sysrisk_seed12,stage3_final,sysrisk,5,2,0.5,12,0.75,5000000,0.375,1,3.04965648267,3.02744778722,0.0222086954479,0.0222086954479,0.00733578149277,s1_sysrisk_samegrid,0.01
s3_sysrisk_seed18,stage3_final,sysrisk,5,2,0.5,18,0.75,5000000,0.25,0.2,2.60454075547,2.5823676261,0.0221731293697,0.0221731293697,0.00858635662311,s1_sysrisk_samegrid,0.01
s3_sysrisk_seed02,stage3_final,sysrisk,5,2,0.5,2,0.75,5000000,0.625,0.75,3.04309446833,3.06522276235,-0.0221282940201,0.0221282940201,0.00721914710145,s1_sysrisk_samegrid,0.01
s3_sysrisk_seed05,stage3_final,sysrisk,5,2,0.5,5,0.75,5000000,0.125,0.1,2.46557206879,2.44347936704,0.0220927017478,0.0220927017478,0.00904149306343,s1_sysrisk_samegrid,0.01
s3_sysrisk_seed05,stage3_final,sysrisk,5,2,0.5,5,0.75,5000000,0.375,0.2,2.77138077725,2.74933035708,0.0220504201678,0.0220504201678,0.00802028759877,s1_sysrisk_samegrid,0.01
s3_sysrisk_seed14,stage3_final,sysrisk,5,2,0.5,14,0.75,5000000,0.125,0.5,2.72576499199,2.74780043635,-0.0220354443678,0.0220354443678,0.00801930303099,s1_sysrisk_samegrid,0.01
s3_sysrisk_seed06,stage3_final,sysrisk,5,2,0.5,6,0.75,5000000,0,0.6,2.72834982035,2.75032120293,-0.0219713825839,0.0219713825839,0.00798866058282,s1_sysrisk_samegrid,0.01
s3_sysrisk_seed01,stage3_final,sysrisk,5,2,0.5,1,0.75,5000000,0.625,0.2,3.1195233505,3.09756311184,0.0219602386515,0.0219602386515,0.00708952097459,s1_sysrisk_samegrid,0.01
s3_sysrisk_seed19,stage3_final,sysrisk,5,2,0.5,19,0.75,5000000,0.875,1,3.25381504363,3.27569398697,-0.0218789433386,0.0218789433386,0.0066791780385,s1_sysrisk_samegrid,0.01
s3_sysrisk_seed03,stage3_final,sysrisk,5,2,0.5,3,0.75,5000000,0.375,0.05,3.08416666661,3.06231092432,0.0218557422969,0.0218557422969,0.0071370095451,s1_sysrisk_samegrid,0.01
s3_sysrisk_seed05,stage3_final,sysrisk,5,2,0.5,5,0.75,5000000,0.25,0.4,2.61852966598,2.64033830543,-0.0218086394511,0.0218086394511,0.00825978981793,s1_sysrisk_samegrid,0.01
s3_sysrisk_seed04,stage3_final,sysrisk,5,2,0.5,4,0.75,5000000,0.625,0.75,3.04341962093,3.06522276235,-0.0218031414146,0.0218031414146,0.00711306913235,s1_sysrisk_samegrid,0.01
s3_sysrisk_seed12,stage3_final,sysrisk,5,2,0.5,12,0.75,5000000,0.125,0.3,2.45775613966,2.47941296606,-0.021656826407,0.021656826407,0.00873465885007,s1_sysrisk_samegrid,0.01
s3_sysrisk_seed15,stage3_final,sysrisk,5,2,0.5,15,0.75,5000000,0.125,0.3,2.45775613966,2.47941296606,-0.021656826407,0.021656826407,0.00873465885007,s1_sysrisk_samegrid,0.01
s3_sysrisk_seed06,stage3_final,sysrisk,5,2,0.5,6,0.75,5000000,0,0.4,2.4008997704,2.42253671701,-0.0216369466108,0.0216369466108,0.00893152473556,s1_sysrisk_samegrid,0.01
s3_sysrisk_seed09,stage3_final,sysrisk,5,2,0.5,9,0.75,5000000,0,0.4,2.4008997704,2.42253671701,-0.0216369466108,0.0216369466108,0.00893152473556,s1_sysrisk_samegrid,0.01
s3_sysrisk_seed07,stage3_final,sysrisk,5,2,0.5,7,0.75,5000000,0.125,0.75,2.886108229,2.90768994815,-0.021581719153,0.021581719153,0.00742229038784,s1_sysrisk_samegrid,0.01
s3_sysrisk_seed12,stage3_final,sysrisk,5,2,0.5,12,0.75,5000000,0.75,0.1,3.75689115309,3.73539486509,0.021496287994,0.021496287994,0.00575475653054,s1_sysrisk_samegrid,0.01
s3_sysrisk_seed12,stage3_final,sysrisk,5,2,0.5,12,0.75,5000000,0.25,0,2.87179914373,2.85040974521,0.0213893985223,0.0213893985223,0.00750397326498,s1_sysrisk_samegrid,0.01
s3_sysrisk_seed13,stage3_final,sysrisk,5,2,0.5,13,0.75,5000000,0.375,0.75,2.95085481141,2.97220433913,-0.0213495277149,0.0213495277149,0.00718306188905,s1_sysrisk_samegrid,0.01
s3_sysrisk_seed07,stage3_final,sysrisk,5,2,0.5,7,0.75,5000000,0,0,2.18853333326,2.1672727272,0.0212606060605,0.0212606060605,0.00980984340071,s1_sysrisk_samegrid,0.01
s3_sysrisk_seed05,stage3_final,sysrisk,5,2,0.5,5,0.75,5000000,0.5,1,3.09352726438,3.07229131016,0.0212359542169,0.0212359542169,0.00691209005689,s1_sysrisk_samegrid,0.01
s3_sysrisk_seed02,stage3_final,sysrisk,5,2,0.5,2,0.75,5000000,0,0.1,2.17390476184,2.19512240595,-0.0212176441117,0.0212176441117,0.00966581364858,s1_sysrisk_samegrid,0.01
s3_sysrisk_seed13,stage3_final,sysrisk,5,2,0.5,13,0.75,5000000,0.125,0.6,2.76125447413,2.78244124654,-0.0211867724146,0.0211867724146,0.0076144545517,s1_sysrisk_samegrid,0.01
s3_sysrisk_seed02,stage3_final,sysrisk,5,2,0.5,2,0.75,5000000,0.125,0.4,2.50715908992,2.52831939279,-0.0211603028678,0.0211603028678,0.00836931557309,s1_sysrisk_samegrid,0.01
s3_sysrisk_seed18,stage3_final,sysrisk,5,2,0.5,18,0.75,5000000,0.75,0.1,3.75640304871,3.73539486509,0.0210081836192,0.0210081836192,0.00562408644277,s1_sysrisk_samegrid,0.01
s3_sysrisk_seed03,stage3_final,sysrisk,5,2,0.5,3,0.75,5000000,0.375,1,3.04844585468,3.02744778722,0.0209980674608,0.0209980674608,0.00693589747423,s1_sysrisk_samegrid,0.01
s3_sysrisk_seed02,stage3_final,sysrisk,5,2,0.5,2,0.75,5000000,1,0.5,3.29714285712,3.27619047617,0.0209523809522,0.0209523809522,0.00639534883719,s1_sysrisk_samegrid,0.01
s3_sysrisk_seed17,stage3_final,sysrisk,5,2,0.5,17,0.75,5000000,0.875,0.6,3.15026102526,3.12939247644,0.020868548815,0.020868548815,0.00666856233984,s1_sysrisk_samegrid,0.01
s3_sysrisk_seed12,stage3_final,sysrisk,5,2,0.5,12,0.75,5000000,0.75,0.75,3.10646692827,3.12723740087,-0.0207704725974,0.0207704725974,0.006641795916,s1_sysrisk_samegrid,0.01
s3_sysrisk_seed08,stage3_final,sysrisk,5,2,0.5,8,0.75,5000000,0.375,0.1,2.96923792009,2.9485106026,0.0207273174896,0.0207273174896,0.00702975850633,s1_sysrisk_samegrid,0.01
s3_sysrisk_seed01,stage3_final,sysrisk,5,2,0.5,1,0.75,5000000,0,0.1,2.17439567093,2.19512240595,-0.0207267350208,0.0207267350208,0.00944217733127,s1_sysrisk_samegrid,0.01
s3_sysrisk_seed01,stage3_final,sysrisk,5,2,0.5,1,0.75,5000000,0.875,0.05,4.24071134622,4.21998883006,0.0207225161669,0.0207225161669,0.00491056185252,s1_sysrisk_samegrid,0.01
s3_sysrisk_seed03,stage3_final,sysrisk,5,2,0.5,3,0.75,5000000,0.5,0.6,2.8911012643,2.91171243014,-0.0206111658456,0.0206111658456,0.0070787092957,s1_sysrisk_samegrid,0.01
s3_sysrisk_seed04,stage3_final,sysrisk,5,2,0.5,4,0.75,5000000,0.625,0.05,3.66678145611,3.64620137686,0.0205800792455,0.0205800792455,0.00564425195387,s1_sysrisk_samegrid,0.01
s3_sysrisk_seed13,stage3_final,sysrisk,5,2,0.5,13,0.75,5000000,0,0.4,2.4019600263,2.42253671701,-0.0205766907069,0.0205766907069,0.00849386123331,s1_sysrisk_samegrid,0.01
s3_sysrisk_seed10,stage3_final,sysrisk,5,2,0.5,10,0.75,5000000,0.125,0.75,2.92821620028,2.90768994815,0.0205262521272,0.0205262521272,0.00705929878812,s1_sysrisk_samegrid,0.01
s3_sysrisk_seed14,stage3_final,sysrisk,5,2,0.5,14,0.75,5000000,0.625,0.4,3.04453075627,3.02408408301,0.0204466732547,0.0204466732547,0.00676127802448,s1_sysrisk_samegrid,0.01
s3_sysrisk_seed08,stage3_final,sysrisk,5,2,0.5,8,0.75,5000000,0,0,2.18769523803,2.1672727272,0.0204225108224,0.0204225108224,0.00942313838312,s1_sysrisk_samegrid,0.01
s3_sysrisk_seed18,stage3_final,sysrisk,5,2,0.5,18,0.75,5000000,0.125,0.75,2.92804197858,2.90768994815,0.0203520304287,0.0203520304287,0.00699938122414,s1_sysrisk_samegrid,0.01
s3_sysrisk_seed09,stage3_final,sysrisk,5,2,0.5,9,0.75,5000000,0.75,0.75,3.10688675334,3.12723740087,-0.0203506475246,0.0203506475246,0.00650754800992,s1_sysrisk_samegrid,0.01
s3_sysrisk_seed04,stage3_final,sysrisk,5,2,0.5,4,0.75,5000000,0.5,0.75,2.99409225263,3.01433083051,-0.0202385778839,0.0202385778839,0.00671411965768,s1_sysrisk_samegrid,0.01
s3_sysrisk_seed19,stage3_final,sysrisk,5,2,0.5,19,0.75,5000000,0.125,0.1,2.4637115838,2.44347936704,0.0202322167506,0.0202322167506,0.00828008495733,s1_sysrisk_samegrid,0.01
s3_sysrisk_seed18,stage3_final,sysrisk,5,2,0.5,18,0.75,5000000,0.625,0.1,3.4884666433,3.46825083529,0.0202158080087,0.0202158080087,0.00582881947379,s1_sysrisk_samegrid,0.01
s3_sysrisk_seed06,stage3_final,sysrisk,5,2,0.5,6,0.75,5000000,0.5,1,3.05215236786,3.07229131016,-0.0201389423055,0.0201389423055,0.00655502368505,s1_sysrisk_samegrid,0.01
s3_sysrisk_seed02,stage3_final,sysrisk,5,2,0.5,2,0.75,5000000,0.875,0.5,3.17623586259,3.15617658867,0.0200592739181,0.0200592739181,0.00635556134285,s1_sysrisk_samegrid,0.01
s3_sysrisk_seed06,stage3_final,sysrisk,5,2,0.5,6,0.75,5000000,0.625,0.4,3.04407630816,3.02408408301,0.0199922251442,0.0199922251442,0.00661100174312,s1_sysrisk_samegrid,0.01
s3_sysrisk_seed09,stage3_final,sysrisk,5,2,0.5,9,0.75,5000000,0.625,0.4,3.04407630816,3.02408408301,0.0199922251442,0.0199922251442,0.00661100174312,s1_sysrisk_samegrid,0.01
s3_sysrisk_seed16,stage3_final,sysrisk,5,2,0.5,16,0.75,5000000,0.375,0.2,2.76931994041,2.74933035708,0.0199895833333,0.0199895833333,0.00727070985917,s1_sysrisk_samegrid,0.01
s3_sysrisk_seed05,stage3_final,sysrisk,5,2,0.5,5,0.75,5000000,0.375,0.75,2.95225481141,2.97220433913,-0.0199495277149,0.0199495277149,0.00671203101759,s1_sysrisk_samegrid,0.01
s3_sysrisk_seed11,stage3_final,sysrisk,5,2,0.5,11,0.75,5000000,0,0,2.18720801998,2.1672727272,0.0199352927773,0.0199352927773,0.00919833139921,s1_sysrisk_samegrid,0.01
s3_sysrisk_seed10,stage3_final,sysrisk,5,2,0.5,10,0.75,5000000,0.125,0.1,2.46341030611,2.44347936704,0.0199309390652,0.0199309390652,0.00815678631628,s1_sysrisk_samegrid,0.01
s3_sysrisk_seed09,stage3_final,sysrisk,5,2,0.5,9,0.75,5000000,0.625,0.6,2.95103067465,2.97092626877,-0.0198955941255,0.0198955941255,0.00669676468737,s1_sysrisk_samegrid,0.01
s3_sysrisk_seed17,stage3_final,sysrisk,5,2,0.5,17,0.75,5000000,0.125,1,2.9789669905,2.9590811486,0.0198858418999,0.0198858418999,0.00672027595774,s1_sysrisk_samegrid,0.01
s3_sysrisk_seed02,stage3_final,sysrisk,5,2,0.5,2,0.75,5000000,0.5,0.75,2.99451833634,3.01433083051,-0.0198124941711,0.0198124941711,0.00657276698712,s1_sysrisk_samegrid,0.01
s3_sysrisk_seed07,stage3_final,sysrisk,5,2,0.5,7,0.75,5000000,0.125,0.1,2.46328877024,2.44347936704,0.0198094031937,0.0198094031937,0.00810704745899,s1_sysrisk_samegrid,0.01
s3_sysrisk_seed00,stage3_final,sysrisk,5,2,0.5,0,0.75,5000000,0.375,0.75,2.95245481141,2.97220433913,-0.0197495277149,0.0197495277149,0.0066447408931,s1_sysrisk_samegrid,0.01
s3_sysrisk_seed18,stage3_final,sysrisk,5,2,0.5,18,0.75,5000000,0.875,0.1,4.02840898545,4.00869088517,0.019718100272,0.019718100272,0.00491883780437,s1_sysrisk_samegrid,0.01
s3_sysrisk_seed11,stage3_final,sysrisk,5,2,0.5,11,0.75,5000000,0,0.1,2.17542857136,2.19512240595,-0.0196938345879,0.0196938345879,0.0089716338982,s1_sysrisk_samegrid,0.01
s3_sysrisk_seed17,stage3_final,sysrisk,5,2,0.5,17,0.75,5000000,0,0.1,2.17542857136,2.19512240595,-0.0196938345879,0.0196938345879,0.0089716338982,s1_sysrisk_samegrid,0.01
s3_sysrisk_seed17,stage3_final,sysrisk,5,2,0.5,17,0.75,5000000,0.25,0.75,2.91741175405,2.93709742737,-0.0196856733137,0.0196856733137,0.0067024243494,s1_sysrisk_samegrid,0.01
s3_sysrisk_seed07,stage3_final,sysrisk,5,2,0.5,7,0.75,5000000,0.625,0.2,3.11714432464,3.09756311184,0.0195812127976,0.0195812127976,0.00632148953568,s1_sysrisk_samegrid,0.01
s3_sysrisk_seed17,stage3_final,sysrisk,5,2,0.5,17,0.75,5000000,0.875,0.75,3.18406723871,3.20363439693,-0.019567158218,0.019567158218,0.00610780001512,s1_sysrisk_samegrid,0.01
s3_sysrisk_seed14,stage3_final,sysrisk,5,2,0.5,14,0.75,5000000,0,0.4,2.40297429813,2.42253671701,-0.0195624188744,0.0195624188744,0.00807517951618,s1_sysrisk_samegrid,0.01
s3_sysrisk_seed04,stage3_final,sysrisk,5,2,0.5,4,0.75,5000000,0.75,0.6,3.02272957962,3.04220068871,-0.0194711090865,0.0194711090865,0.00640033682156,s1_sysrisk_samegrid,0.01
s3_sysrisk_seed18,stage3_final,sysrisk,5,2,0.5,18,0.75,5000000,0.25,0.75,2.95653613555,2.93709742737,0.0194387081803,0.0194387081803,0.00661833958899,s1_sysrisk_samegrid,0.01
s3_sysrisk_seed12,stage3_final,sysrisk,5,2,0.5,12,0.75,5000000,0.5,0.6,2.89228107382,2.91171243014,-0.0194313563218,0.0194313563218,0.00667351491194,s1_sysrisk_samegrid,0.01
s3_sysrisk_seed08,stage3_final,sysrisk,5,2,0.5,8,0.75,5000000,0.5,0.1,3.22556658061,3.20622550072,0.019341079883,0.019341079883,0.00603235171032,s1_sysrisk_samegrid,0.01
s3_sysrisk_seed13,stage3_final,sysrisk,5,2,0.5,13,0.75,5000000,0.875,0.6,3.14869564766,3.12939247644,0.0193031712149,0.0193031712149,0.0061683446101,s1_sysrisk_samegrid,0.01
s3_sysrisk_seed03,stage3_final,sysrisk,5,2,0.5,3,0.75,5000000,0.875,1,3.25639402208,3.27569398697,-0.0192999648907,0.0192999648907,0.0058918705372,s1_sysrisk_samegrid,0.01
s3_sysrisk_seed07,stage3_final,sysrisk,5,2,0.5,7,0.75,5000000,0.375,1,3.00816776859,3.02744778722,-0.0192800186313,0.0192800186313,0.0063684066535,s1_sysrisk_samegrid,0.01
s3_sysrisk_seed07,stage3_final,sysrisk,5,2,0.5,7,0.75,5000000,0.75,0.3,3.17346248367,3.1541974164,0.0192650672698,0.0192650672698,0.00610775570661,s1_sysrisk_samegrid,0.01
s3_sysrisk_seed04,stage3_final,sysrisk,5,2,0.5,4,0.75,5000000,0.625,0.6,2.95166304093,2.97092626877,-0.0192632278455,0.0192632278455,0.00648391313104,s1_sysrisk_samegrid,0.01
s3_sysrisk_seed08,stage3_final,sysrisk,5,2,0.5,8,0.75,5000000,0.875,0.6,3.11015262667,3.12939247644,-0.0192398497692,0.0192398497692,0.00614811018883,s1_sysrisk_samegrid,0.01
s3_sysrisk_seed16,stage3_final,sysrisk,5,2,0.5,16,0.75,5000000,0.25,1,2.97098230265,2.99020674345,-0.0192244408,0.0192244408,0.00642913432061,s1_sysrisk_samegrid,0.01
s3_sysrisk_seed18,stage3_final,sysrisk,5,2,0.5,18,0.75,5000000,0.875,0.05,4.20077865957,4.21998883006,-0.019210170488,0.019210170488,0.00455218515062,s1_sysrisk_samegrid,0.01
s3_sysrisk_seed04,stage3_final,sysrisk,5,2,0.5,4,0.75,5000000,0.375,0.75,2.95299657705,2.97220433913,-0.0192077620795,0.0192077620795,0.00646246350786,s1_sysrisk_samegrid,0.01
s3_sysrisk_seed05,stage3_final,sysrisk,5,2,0.5,5,0.75,5000000,0.375,0.6,2.84276424124,2.86181395082,-0.0190497095814,0.0190497095814,0.00665651573051,s1_sysrisk_samegrid,0.01
s3_sysrisk_seed00,stage3_final,sysrisk,5,2,0.5,0,0.75,5000000,1,0.4,3.5333333333,3.51428571426,0.0190476190476,0.0190476190476,0.00542005420059,s1_sysrisk_samegrid,0.01
s3_sysrisk_seed01,stage3_final,sysrisk,5,2,0.5,1,0.75,5000000,1,0.4,3.5333333333,3.51428571426,0.0190476190476,0.0190476190476,0.00542005420059,s1_sysrisk_samegrid,0.01
s3_sysrisk_seed12,stage3_final,sysrisk,5,2,0.5,12,0.75,5000000,1,0.4,3.5333333333,3.51428571426,0.0190476190476,0.0190476190476,0.00542005420059,s1_sysrisk_samegrid,0.01
s3_sysrisk_seed13,stage3_final,sysrisk,5,2,0.5,13,0.75,5000000,1,0.4,3.5333333333,3.51428571426,0.0190476190476,0.0190476190476,0.00542005420059,s1_sysrisk_samegrid,0.01
s3_sysrisk_seed16,stage3_final,sysrisk,5,2,0.5,16,0.75,5000000,1,0.4,3.5333333333,3.51428571426,0.0190476190476,0.0190476190476,0.00542005420059,s1_sysrisk_samegrid,0.01
s3_sysrisk_seed19,stage3_final,sysrisk,5,2,0.5,19,0.75,5000000,1,0.4,3.5333333333,3.51428571426,0.0190476190476,0.0190476190476,0.00542005420059,s1_sysrisk_samegrid,0.01
s3_sysrisk_seed14,stage3_final,sysrisk,5,2,0.5,14,0.75,5000000,0.25,0.5,2.77563910946,2.79464713809,-0.019008028633,0.019008028633,0.00680158449125,s1_sysrisk_samegrid,0.01
s3_sysrisk_seed03,stage3_final,sysrisk,5,2,0.5,3,0.75,5000000,0.375,0.3,2.69416536056,2.71311910723,-0.0189537466686,0.0189537466686,0.00698596188354,s1_sysrisk_samegrid,0.01
s3_sysrisk_seed08,stage3_final,sysrisk,5,2,0.5,8,0.75,5000000,0.75,0.2,3.29959280846,3.28065087454,0.0189419339164,0.0189419339164,0.00577383410817,s1_sysrisk_samegrid,0.01
s3_sysrisk_seed15,stage3_final,sysrisk,5,2,0.5,15,0.75,5000000,0,0.5,2.68669109763,2.70561213913,-0.0189210414921,0.0189210414921,0.00699325717032,s1_sysrisk_samegrid,0.01
s3_sysrisk_seed19,stage3_final,sysrisk,5,2,0.5,19,0.75,5000000,0,0.5,2.68669109763,2.70561213913,-0.0189210414921,0.0189210414921,0.00699325717032,s1_sysrisk_samegrid,0.01
s3_sysrisk_seed19,stage3_final,sysrisk,5,2,0.5,19,0.75,5000000,0,0.4,2.40366447235,2.42253671701,-0.0188722446546,0.0188722446546,0.00779028219555,s1_sysrisk_samegrid,0.01
s3_sysrisk_seed18,stage3_final,sysrisk,5,2,0.5,18,0.75,5000000,0.375,0.5,2.82844233009,2.84730941619,-0.0188670861026,0.0188670861026,0.00662628585265,s1_sysrisk_samegrid,0.01
s3_sysrisk_seed08,stage3_final,sysrisk,5,2,0.5,8,0.75,5000000,0.875,0.5,3.13733092832,3.15617658867,-0.0188456603471,0.0188456603471,0.00597104116886,s1_sysrisk_samegrid,0.01
s3_sysrisk_seed18,stage3_final,sysrisk,5,2,0.5,18,0.75,5000000,0,0.75,2.90173461467,2.88296533839,0.0187692762772,0.0187692762772,0.00651040649958,s1_sysrisk_samegrid,0.01
s3_sysrisk_seed10,stage3_final,sysrisk,5,2,0.5,10,0.75,5000000,0.75,0.75,3.14597680698,3.12723740087,0.0187394061129,0.0187394061129,0.00599231964534,s1_sysrisk_samegrid,0.01
s3_sysrisk_seed00,stage3_final,sysrisk,5,2,0.5,0,0.75,5000000,0.75,0.6,3.02352217194,3.04220068871,-0.0186785167638,0.0186785167638,0.00613980426511,s1_sysrisk_samegrid,0.01
s3_sysrisk_seed08,stage3_final,sysrisk,5,2,0.5,8,0.75,5000000,0.625,0.75,3.04661098114,3.06522276235,-0.0186117812053,0.0186117812053,0.00607191798062,s1_sysrisk_samegrid,0.01
s3_sysrisk_seed14,stage3_final,sysrisk,5,2,0.5,14,0.75,5000000,0.5,0.05,3.37403628111,3.35547392284,0.0185623582766,0.0185623582766,0.00553196320505,s1_sysrisk_samegrid,0.01
s3_sysrisk_seed11,stage3_final,sysrisk,5,2,0.5,11,0.75,5000000,0,0.5,2.68710991273,2.70561213913,-0.0185022264001,0.0185022264001,0.00683846222174,s1_sysrisk_samegrid,0.01
s3_sysrisk_seed04,stage3_final,sysrisk,5,2,0.5,4,0.75,5000000,0.25,0.75,2.91861398337,2.93709742737,-0.0184834439996,0.0184834439996,0.0062930986992,s1_sysrisk_samegrid,0.01
s3_sysrisk_seed01,stage3_final,sysrisk,5,2,0.5,1,0.75,5000000,0.75,0.05,3.95282229957,3.9344041811,0.0184181184669,0.0184181184669,0.00468129801085,s1_sysrisk_samegrid,0.01
s3_sysrisk_seed03,stage3_final,sysrisk,5,2,0.5,3,0.75,5000000,0.875,0.3,3.35724505404,3.3391186418,0.0181264122342,0.0181264122342,0.00542850200266,s1_sysrisk_samegrid,0.01
s3_sysrisk_seed18,stage3_final,sysrisk,5,2,0.5,18,0.75,5000000,0.5,0.1,3.22432290245,3.20622550072,0.0180974017216,0.0180974017216,0.00564445692218,s1_sysrisk_samegrid,0.01
s3_sysrisk_seed05,stage3_final,sysrisk,5,2,0.5,5,0.75,5000000,0,0.5,2.68754279779,2.70561213913,-0.0180693413323,0.0180693413323,0.00667846698018,s1_sysrisk_samegrid,0.01
s3_sysrisk_seed07,stage3_final,sysrisk,5,2,0.5,7,0.75,5000000,0.5,0.5,2.88925491196,2.90731154896,-0.0180566370025,0.0180566370025,0.00621076781708,s1_sysrisk_samegrid,0.01
s3_sysrisk_seed07,stage3_final,sysrisk,5,2,0.5,7,0.75,5000000,0,0.75,2.86503687031,2.88296533839,-0.0179284680826,0.0179284680826,0.00621875949872,s1_sysrisk_samegrid,0.01
s3_sysrisk_seed06,stage3_final,sysrisk,5,2,0.5,6,0.75,5000000,0.5,0.6,2.92963360088,2.91171243014,0.0179211707363,0.0179211707363,0.00615485600529,s1_sysrisk_samegrid,0.01
s3_sysrisk_seed12,stage3_final,sysrisk,5,2,0.5,12,0.75,5000000,0.625,0.75,3.04737217193,3.06522276235,-0.0178505904153,0.0178505904153,0.00582358666867,s1_sysrisk_samegrid,0.01
s3_sysrisk_seed10,stage3_final,sysrisk,5,2,0.5,10,0.75,5000000,0,0,2.18507717563,2.1672727272,0.017804448425,0.017804448425,0.0082151397937,s1_sysrisk_samegrid,0.01
s3_sysrisk_seed11,stage3_final,sysrisk,5,2,0.5,11,0.75,5000000,0.625,0.6,2.95317356296,2.97092626877,-0.017752705811,0.017752705811,0.00597547842152,s1_sysrisk_samegrid,0.01
s3_sysrisk_seed00,stage3_final,sysrisk,5,2,0.5,0,0.75,5000000,0,0.5,2.68787429779,2.70561213913,-0.017737841335,0.017737841335,0.00655594387624,s1_sysrisk_samegrid,0.01
s3_sysrisk_seed04,stage3_final,sysrisk,5,2,0.5,4,0.75,5000000,0.125,0.75,2.88995896574,2.90768994815,-0.0177309824075,0.0177309824075,0.00609796186101,s1_sysrisk_samegrid,0.01
s3_sysrisk_seed18,stage3_final,sysrisk,5,2,0.5,18,0.75,5000000,0.875,0.75,3.18593371694,3.20363439693,-0.0177006799884,0.0177006799884,0.00552518727025,s1_sysrisk_samegrid,0.01
s3_sysrisk_seed05,stage3_final,sysrisk,5,2,0.5,5,0.75,5000000,0.375,0.05,3.07999999995,3.06231092432,0.0176890756302,0.0176890756302,0.00577638132359,s1_sysrisk_samegrid,0.01
s3_sysrisk_seed08,stage3_final,sysrisk,5,2,0.5,8,0.75,5000000,0.375,0.05,3.07999999995,3.06231092432,0.0176890756302,0.0176890756302,0.00577638132359,s1_sysrisk_samegrid,0.01
s3_sysrisk_seed10,stage3_final,sysrisk,5,2,0.5,10,0.75,5000000,0.375,0.05,3.07999999995,3.06231092432,0.0176890756302,0.0176890756302,0.00577638132359,s1_sysrisk_samegrid,0.01
s3_sysrisk_seed18,stage3_final,sysrisk,5,2,0.5,18,0.75,5000000,0,0.3,2.35650701074,2.37415664133,-0.0176496305863,0.0176496305863,0.00743406322863,s1_sysrisk_samegrid,0.01
s3_sysrisk_seed01,stage3_final,sysrisk,5,2,0.5,1,0.75,5000000,0,0.6,2.73267651979,2.75032120293,-0.0176446831364,0.0176446831364,0.00641549907611,s1_sysrisk_samegrid,0.01
s3_sysrisk_seed08,stage3_final,sysrisk,5,2,0.5,8,0.75,5000000,0.125,0.3,2.46179458454,2.47941296606,-0.0176183815198,0.0176183815198,0.00710586810707,s1_sysrisk_samegrid,0.01
s3_sysrisk_seed08,stage3_final,sysrisk,5,2,0.5,8,0.75,5000000,0,0.5,2.68803429779,2.70561213913,-0.017577841335,0.017577841335,0.00649680753601,s1_sysrisk_samegrid,0.01
s3_sysrisk_seed12,stage3_final,sysrisk,5,2,0.5,12,0.75,5000000,0,0.1,2.2126637646,2.19512240595,0.0175413586553,0.0175413586553,0.00799106173202,s1_sysrisk_samegrid,0.01
s3_sysrisk_seed00,stage3_final,sysrisk,5,2,0.5,0,0.75,5000000,0.5,1,3.08979428074,3.07229131016,0.0175029705742,0.0175029705742,0.00569704133079,s1_sysrisk_samegrid,0.01
s3_sysrisk_seed12,stage3_final,sysrisk,5,2,0.5,12,0.75,5000000,0,0.5,2.6881202414,2.70561213913,-0.0174918977233,0.0174918977233,0.00646504259437,s1_sysrisk_samegrid,0.01
s3_sysrisk_seed04,stage3_final,sysrisk,5,2,0.5,4,0.75,5000000,0,0.1,2.17770152647,2.19512240595,-0.0174208794728,0.0174208794728,0.00793617678251,s1_sysrisk_samegrid,0.01
s3_sysrisk_seed10,stage3_final,sysrisk,5,2,0.5,10,0.75,5000000,0.75,0.1,3.75280191511,3.73539486509,0.0174070500168,0.0174070500168,0.00466002943344,s1_sysrisk_samegrid,0.01
s3_sysrisk_seed19,stage3_final,sysrisk,5,2,0.5,19,0.75,5000000,0.5,1,3.08965478535,3.07229131016,0.0173634751898,0.0173634751898,0.00565163698257,s1_sysrisk_samegrid,0.01
s3_sysrisk_seed02,stage3_final,sysrisk,5,2,0.5,2,0.75,5000000,0,0.6,2.73300305041,2.75032120293,-0.0173181525242,0.0173181525242,0.00629677453881,s1_sysrisk_samegrid,0.01
s3_sysrisk_seed02,stage3_final,sysrisk,5,2,0.5,2,0.75,5000000,0,0.5,2.68829708351,2.70561213913,-0.017315055618,0.017315055618,0.00639968137622,s1_sysrisk_samegrid,0.01
s3_sysrisk_seed11,stage3_final,sysrisk,5,2,0.5,11,0.75,5000000,0.125,0.5,2.73059804497,2.74780043635,-0.0172023913866,0.0172023913866,0.00626042239424,s1_sysrisk_samegrid,0.01
s3_sysrisk_seed17,stage3_final,sysrisk,5,2,0.5,17,0.75,5000000,0.25,0.3,2.60904696222,2.59184830534,0.0171986568834,0.0171986568834,0.00663567263871,s1_sysrisk_samegrid,0.01
s3_sysrisk_seed09,stage3_final,sysrisk,5,2,0.5,9,0.75,5000000,0.5,0.6,2.89452490962,2.91171243014,-0.0171875205255,0.0171875205255,0.0059028908032,s1_sysrisk_samegrid,0.01
s3_sysrisk_seed04,stage3_final,sysrisk,5,2,0.5,4,0.75,5000000,1,1,3.36190476188,3.37904761902,-0.0171428571429,0.0171428571429,0.00507328072157,s1_sysrisk_samegrid,0.01
s3_sysrisk_seed19,stage3_final,sysrisk,5,2,0.5,19,0.75,5000000,1,0.75,3.28190476188,3.29904761902,-0.0171428571429,0.0171428571429,0.00519630484992,s1_sysrisk_samegrid,0.01
s3_sysrisk_seed00,stage3_final,sysrisk,5,2,0.5,0,0.75,5000000,1,0.5,3.25904761902,3.27619047617,-0.0171428571425,0.0171428571425,0.00523255813947,s1_sysrisk_samegrid,0.01
s3_sysrisk_seed02,stage3_final,sysrisk,5,2,0.5,2,0.75,5000000,1,0.6,3.22095238093,3.23809523807,-0.0171428571425,0.0171428571425,0.005294117647,s1_sysrisk_samegrid,0.01
s3_sysrisk_seed04,stage3_final,sysrisk,5,2,0.5,4,0.75,5000000,1,0.5,3.25904761902,3.27619047617,-0.0171428571425,0.0171428571425,0.00523255813947,s1_sysrisk_samegrid,0.01
s3_sysrisk_seed14,stage3_final,sysrisk,5,2,0.5,14,0.75,5000000,1,0.6,3.22095238093,3.23809523807,-0.0171428571425,0.0171428571425,0.005294117647,s1_sysrisk_samegrid,0.01
s3_sysrisk_seed18,stage3_final,sysrisk,5,2,0.5,18,0.75,5000000,1,0.6,3.22095238093,3.23809523807,-0.0171428571425,0.0171428571425,0.005294117647,s1_sysrisk_samegrid,0.01
s3_sysrisk_seed13,stage3_final,sysrisk,5,2,0.5,13,0.75,5000000,0.25,0.75,2.91996650135,2.93709742737,-0.0171309260208,0.0171309260208,0.00583260393787,s1_sysrisk_samegrid,0.01
s3_sysrisk_seed04,stage3_final,sysrisk,5,2,0.5,4,0.75,5000000,0.875,0.6,3.11226394288,3.12939247644,-0.0171285335574,0.0171285335574,0.00547343731613,s1_sysrisk_samegrid,0.01
s3_sysrisk_seed02,stage3_final,sysrisk,5,2,0.5,2,0.75,5000000,0.375,0.75,2.95510281141,2.97220433913,-0.0171015277149,0.0171015277149,0.00575381964481,s1_sysrisk_samegrid,0.01
s3_sysrisk_seed04,stage3_final,sysrisk,5,2,0.5,4,0.75,5000000,0.5,0.05,3.37257086161,3.35547392284,0.0170969387755,0.0170969387755,0.00509523815969,s1_sysrisk_samegrid,0.01
s3_sysrisk_seed02,stage3_final,sysrisk,5,2,0.5,2,0.75,5000000,0.25,0,2.86750276847,2.85040974521,0.0170930232558,0.0170930232558,0.00599668987397,s1_sysrisk_samegrid,0.01
s3_sysrisk_seed03,stage3_final,sysrisk,5,2,0.5,3,0.75,5000000,0,0.1,2.17805714279,2.19512240595,-0.0170652631593,0.0170652631593,0.0077741738288,s1_sysrisk_samegrid,0.01
s3_sysrisk_seed04,stage3_final,sysrisk,5,2,0.5,4,0.75,5000000,0.5,0.6,2.89465016413,2.91171243014,-0.0170622660099,0.0170622660099,0.00585987332857,s1_sysrisk_samegrid,0.01
s3_sysrisk_seed10,stage3_final,sysrisk,5,2,0.5,10,0.75,5000000,0.625,0.6,2.98797058413,2.97092626877,0.0170443153528,0.0170443153528,0.00573703747951,s1_sysrisk_samegrid,0.01
s3_sysrisk_seed09,stage3_final,sysrisk,5,2,0.5,9,0.75,5000000,0.625,0.75,3.04823732547,3.06522276235,-0.0169854368773,0.0169854368773,0.00554133849125,s1_sysrisk_samegrid,0.01
s3_sysrisk_seed03,stage3_final,sysrisk,5,2,0.5,3,0.75,5000000,0,0.5,2.68862858351,2.70561213913,-0.0169835556207,0.0169835556207,0.00627715827228,s1_sysrisk_samegrid,0.01
s3_sysrisk_seed06,stage3_final,sysrisk,5,2,0.5,6,0.75,5000000,0,0.1,2.17820915919,2.19512240595,-0.0169132467547,0.0169132467547,0.00770492192547,s1_sysrisk_samegrid,0.01
s3_sysrisk_seed06,stage3_final,sysrisk,5,2,0.5,6,0.75,5000000,0.625,1,3.10990594908,3.12669419497,-0.0167882458953,0.0167882458953,0.00536932774632,s1_sysrisk_samegrid,0.01
s3_sysrisk_seed00,stage3_final,sysrisk,5,2,0.5,0,0.75,5000000,0.125,0.5,2.73119411069,2.74780043635,-0.0166063256673,0.0166063256673,0.00604349771824,s1_sysrisk_samegrid,0.01
s3_sysrisk_seed01,stage3_final,sysrisk,5,2,0.5,1,0.75,5000000,0.5,0.2,2.93736042686,2.92080623966,0.0165541871921,0.0165541871921,0.00566767728969,s1_sysrisk_samegrid,0.01
s3_sysrisk_seed04,stage3_final,sysrisk,5,2,0.5,4,0.75,5000000,0,0.75,2.8664361598,2.88296533839,-0.016529178597,0.016529178597,0.00573339484067,s1_sysrisk_samegrid,0.01
s3_sysrisk_seed08,stage3_final,sysrisk,5,2,0.5,8,0.75,5000000,0.125,0.5,2.73127607497,2.74780043635,-0.0165243613816,0.0165243613816,0.00601366866493,s1_sysrisk_samegrid,0.01
s3_sysrisk_seed00,stage3_final,sysrisk,5,2,0.5,0,0.75,5000000,0.125,0.1,2.45998365655,2.44347936704,0.0165042895055,0.0165042895055,0.00675442147296,s1_sysrisk_samegrid,0.01
s3_sysrisk_seed03,stage3_final,sysrisk,5,2,0.5,3,0.75,5000000,0.125,0.5,2.7313121464,2.74780043635,-0.016488289953,0.016488289953,0.00600054128199,s1_sysrisk_samegrid,0.01
s3_sysrisk_seed15,stage3_final,sysrisk,5,2,0.5,15,0.75,5000000,0.5,0.5,2.92379296057,2.90731154896,0.0164814116088,0.0164814116088,0.00566895268402,s1_sysrisk_samegrid,0.01
s3_sysrisk_seed19,stage3_final,sysrisk,5,2,0.5,19,0.75,5000000,0.5,0.5,2.92379296057,2.90731154896,0.0164814116088,0.0164814116088,0.00566895268402,s1_sysrisk_samegrid,0.01
s3_sysrisk_seed05,stage3_final,sysrisk,5,2,0.5,5,0.75,5000000,0.25,0.75,2.92068718365,2.93709742737,-0.016410243718,0.016410243718,0.00558723165432,s1_sysrisk_samegrid,0.01
s3_sysrisk_seed13,stage3_final,sysrisk,5,2,0.5,13,0.75,5000000,0.25,0.6,2.80281867975,2.81922388674,-0.016405206992,0.016405206992,0.00581905079237,s1_sysrisk_samegrid,0.01
s3_sysrisk_seed08,stage3_final,sysrisk,5,2,0.5,8,0.75,5000000,0.75,0.5,3.04196820587,3.05831972285,-0.016351516973,0.016351516973,0.0053465688531,s1_sysrisk_samegrid,0.01
s3_sysrisk_seed02,stage3_final,sysrisk,5,2,0.5,2,0.75,5000000,0.75,0.5,3.07465499226,3.05831972285,0.016335269409,0.016335269409,0.00534125627447,s1_sysrisk_samegrid,0.01
s3_sysrisk_seed08,stage3_final,sysrisk,5,2,0.5,8,0.75,5000000,0.75,0.6,3.02591888963,3.04220068871,-0.0162817990768,0.0162817990768,0.00535198060313,s1_sysrisk_samegrid,0.01
s3_sysrisk_seed03,stage3_final,sysrisk,5,2,0.5,3,0.75,5000000,0.25,0.4,2.65659150607,2.64033830543,0.0162532006413,0.0162532006413,0.00615572656272,s1_sysrisk_samegrid,0.01
s3_sysrisk_seed08,stage3_final,sysrisk,5,2,0.5,8,0.75,5000000,0.25,0.1,2.71068302584,2.69444734624,0.0162356795962,0.0162356795962,0.00602560655671,s1_sysrisk_samegrid,0.01
s3_sysrisk_seed00,stage3_final,sysrisk,5,2,0.5,0,0.75,5000000,0.125,0.05,2.48522507031,2.46901423092,0.0162108393881,0.0162108393881,0.00656571322476,s1_sysrisk_samegrid,0.01
s3_sysrisk_seed14,stage3_final,sysrisk,5,2,0.5,14,0.75,5000000,0.125,0.3,2.4632321289,2.47941296606,-0.0161808371689,0.0161808371689,0.00652607588584,s1_sysrisk_samegrid,0.01
s3_sysrisk_seed16,stage3_final,sysrisk,5,2,0.5,16,0.75,5000000,0.125,0.3,2.4632321289,2.47941296606,-0.0161808371689,0.0161808371689,0.00652607588584,s1_sysrisk_samegrid,0.01
s3_sysrisk_seed11,stage3_final,sysrisk,5,2,0.5,11,0.75,5000000,0.125,0.4,2.51215164756,2.52831939279,-0.0161677452298,0.0161677452298,0.00639466092611,s1_sysrisk_samegrid,0.01
s3_sysrisk_seed17,stage3_final,sysrisk,5,2,0.5,17,0.75,5000000,0.75,0.75,3.11110611706,3.12723740087,-0.0161312838106,0.0161312838106,0.00515831762761,s1_sysrisk_samegrid,0.01
s3_sysrisk_seed18,stage3_final,sysrisk,5,2,0.5,18,0.75,5000000,0.375,0.75,2.98829789897,2.97220433913,0.0160935598397,0.0160935598397,0.00541468822578,s1_sysrisk_samegrid,0.01
s3_sysrisk_seed09,stage3_final,sysrisk,5,2,0.5,9,0.75,5000000,0.125,0.05,2.48510098516,2.46901423092,0.0160867542419,0.0160867542419,0.00651545626608,s1_sysrisk_samegrid,0.01
s3_sysrisk_seed11,stage3_final,sysrisk,5,2,0.5,11,0.75,5000000,0.125,0.05,2.48510098516,2.46901423092,0.0160867542419,0.0160867542419,0.00651545626608,s1_sysrisk_samegrid,0.01
s3_sysrisk_seed16,stage3_final,sysrisk,5,2,0.5,16,0.75,5000000,0.125,0.05,2.48510098516,2.46901423092,0.0160867542419,0.0160867542419,0.00651545626608,s1_sysrisk_samegrid,0.01
s3_sysrisk_seed16,stage3_final,sysrisk,5,2,0.5,16,0.75,5000000,0.5,0.5,2.92337424704,2.90731154896,0.0160626980719,0.0160626980719,0.00552493181462,s1_sysrisk_samegrid,0.01
s3_sysrisk_seed00,stage3_final,sysrisk,5,2,0.5,0,0.75,5000000,0,0.2,2.27586737119,2.25981954879,0.016047822399,0.016047822399,0.00710137338513,s1_sysrisk_samegrid,0.01
s3_sysrisk_seed05,stage3_final,sysrisk,5,2,0.5,5,0.75,5000000,0.875,0.5,3.17219532687,3.15617658867,0.0160187382038,0.0160187382038,0.00507536183538,s1_sysrisk_samegrid,0.01
s3_sysrisk_seed01,stage3_final,sysrisk,5,2,0.5,1,0.75,5000000,0.875,0.4,3.3510069603,3.33500295428,0.0160040060129,0.0160040060129,0.00479879815168,s1_sysrisk_samegrid,0.01
s3_sysrisk_seed12,stage3_final,sysrisk,5,2,0.5,12,0.75,5000000,0.875,0.4,3.3510069603,3.33500295428,0.0160040060129,0.0160040060129,0.00479879815168,s1_sysrisk_samegrid,0.01
s3_sysrisk_seed16,stage3_final,sysrisk,5,2,0.5,16,0.75,5000000,0.875,0.4,3.3510069603,3.33500295428,0.0160040060129,0.0160040060129,0.00479879815168,s1_sysrisk_samegrid,0.01
s3_sysrisk_seed07,stage3_final,sysrisk,5,2,0.5,7,0.75,5000000,0.5,0.2,2.93680862062,2.92080623966,0.0160023809524,0.0160023809524,0.00547875471336,s1_sysrisk_samegrid,0.01
s3_sysrisk_seed00,stage3_final,sysrisk,5,2,0.5,0,0.75,5000000,0,0,2.18325814529,2.1672727272,0.0159854180906,0.0159854180906,0.00737582210579,s1_sysrisk_samegrid,0.01
s3_sysrisk_seed17,stage3_final,sysrisk,5,2,0.5,17,0.75,5000000,0.75,0.6,3.05816379775,3.04220068871,0.015963109045,0.015963109045,0.00524722419012,s1_sysrisk_samegrid,0.01
s3_sysrisk_seed01,stage3_final,sysrisk,5,2,0.5,1,0.75,5000000,0.625,0.05,3.66215146292,3.64620137686,0.0159500860585,0.0159500860585,0.00437443915186,s1_sysrisk_samegrid,0.01
s3_sysrisk_seed12,stage3_final,sysrisk,5,2,0.5,12,0.75,5000000,0.625,0.5,2.99261898846,2.97670491097,0.0159140774918,0.0159140774918,0.00534620594507,s1_sysrisk_samegrid,0.01
s3_sysrisk_seed02,stage3_final,sysrisk,5,2,0.5,2,0.75,5000000,0.625,0.3,3.00700638363,2.99117365583,0.015832727794,0.015832727794,0.00529314898289,s1_sysrisk_samegrid,0.01
s3_sysrisk_seed00,stage3_final,sysrisk,5,2,0.5,0,0.75,5000000,0.25,0.75,2.92129699175,2.93709742737,-0.0158004356156,0.0158004356156,0.00537960895285,s1_sysrisk_samegrid,0.01
s3_sysrisk_seed10,stage3_final,sysrisk,5,2,0.5,10,0.75,5000000,0.125,1,2.97486974803,2.9590811486,0.0157885994299,0.0157885994299,0.00533564259884,s1_sysrisk_samegrid,0.01
s3_sysrisk_seed06,stage3_final,sysrisk,5,2,0.5,6,0.75,5000000,0.875,0.5,3.14038814565,3.15617658867,-0.0157884430176,0.0157884430176,0.00500239532678,s1_sysrisk_samegrid,0.01
s3_sysrisk_seed00,stage3_final,sysrisk,5,2,0.5,0,0.75,5000000,0,0.6,2.7660926315,2.75032120293,0.0157714285714,0.0157714285714,0.0057343951516,s1_sysrisk_samegrid,0.01
s3_sysrisk_seed18,stage3_final,sysrisk,5,2,0.5,18,0.75,5000000,0.75,0.05,3.91875609748,3.9344041811,-0.0156480836237,0.0156480836237,0.00397724354271,s1_sysrisk_samegrid,0.01
s3_sysrisk_seed17,stage3_final,sysrisk,5,2,0.5,17,0.75,5000000,0.375,0.75,2.95655819692,2.97220433913,-0.0156461422108,0.0156461422108,0.00526415428602,s1_sysrisk_samegrid,0.01
s3_sysrisk_seed11,stage3_final,sysrisk,5,2,0.5,11,0.75,5000000,0.25,0.2,2.59801243109,2.5823676261,0.0156448049929,0.0156448049929,0.00605831827923,s1_sysrisk_samegrid,0.01
s3_sysrisk_seed10,stage3_final,sysrisk,5,2,0.5,10,0.75,5000000,0,0.75,2.89855012714,2.88296533839,0.0155847887424,0.0155847887424,0.00540581897911,s1_sysrisk_samegrid,0.01
s3_sysrisk_seed05,stage3_final,sysrisk,5,2,0.5,5,0.75,5000000,0,0,2.18285213026,2.1672727272,0.015579403053,0.015579403053,0.00718848295253,s1_sysrisk_samegrid,0.01
s3_sysrisk_seed15,stage3_final,sysrisk,5,2,0.5,15,0.75,5000000,0.625,1,3.14226800941,3.12669419497,0.0155738144354,0.0155738144354,0.00498092025132,s1_sysrisk_samegrid,0.01
s3_sysrisk_seed01,stage3_final,sysrisk,5,2,0.5,1,0.75,5000000,0.125,0.6,2.76687208989,2.78244124654,-0.0155691566467,0.0155691566467,0.00559550239058,s1_sysrisk_samegrid,0.01
s3_sysrisk_seed08,stage3_final,sysrisk,5,2,0.5,8,0.75,5000000,0.25,0.5,2.7790848856,2.79464713809,-0.0155622524922,0.0155622524922,0.00556859300055,s1_sysrisk_samegrid,0.01
s3_sysrisk_seed07,stage3_final,sysrisk,5,2,0.5,7,0.75,5000000,0.5,0.4,2.90248249186,2.88696230925,0.0155201826033,0.0155201826033,0.00537595608837,s1_sysrisk_samegrid,0.01
s3_sysrisk_seed03,stage3_final,sysrisk,5,2,0.5,3,0.75,5000000,0,0,2.18278787872,2.1672727272,0.0155151515151,0.0155151515151,0.00715883668923,s1_sysrisk_samegrid,0.01
s3_sysrisk_seed18,stage3_final,sysrisk,5,2,0.5,18,0.75,5000000,0.625,1,3.14215729453,3.12669419497,0.0154630995608,0.0154630995608,0.00494551068848,s1_sysrisk_samegrid,0.01
s3_sysrisk_seed03,stage3_final,sysrisk,5,2,0.5,3,0.75,5000000,0.25,0.5,2.7792248856,2.79464713809,-0.0154222524922,0.0154222524922,0.00551849723064,s1_sysrisk_samegrid,0.01
s3_sysrisk_seed10,stage3_final,sysrisk,5,2,0.5,10,0.75,5000000,0.75,1,3.17788465249,3.19328718448,-0.0154025319854,0.0154025319854,0.00482340957626,s1_sysrisk_samegrid,0.01
s3_sysrisk_seed02,stage3_final,sysrisk,5,2,0.5,2,0.75,5000000,0.125,0.6,2.76704235001,2.78244124654,-0.015398896527,0.015398896527,0.0055343114778,s1_sysrisk_samegrid,0.01
s3_sysrisk_seed01,stage3_final,sysrisk,5,2,0.5,1,0.75,5000000,0,0,2.18261654128,2.1672727272,0.0153438140805,0.0153438140805,0.00707977998706,s1_sysrisk_samegrid,0.01
s3_sysrisk_seed03,stage3_final,sysrisk,5,2,0.5,3,0.75,5000000,0.25,0.2,2.59771116621,2.5823676261,0.0153435401119,0.0153435401119,0.0059416560047,s1_sysrisk_samegrid,0.01
s3_sysrisk_seed00,stage3_final,sysrisk,5,2,0.5,0,0.75,5000000,0.25,0.5,2.77932631417,2.79464713809,-0.0153208239208,0.0153208239208,0.00548220335653,s1_sysrisk_samegrid,0.01
s3_sysrisk_seed06,stage3_final,sysrisk,5,2,0.5,6,0.75,5000000,0.25,0.3,2.60710745336,2.59184830534,0.015259148024,0.015259148024,0.00588736153755,s1_sysrisk_samegrid,0.01
s3_sysrisk_seed19,stage3_final,sysrisk,5,2,0.5,19,0.75,5000000,0.25,0.3,2.60710745336,2.59184830534,0.015259148024,0.015259148024,0.00588736153755,s1_sysrisk_samegrid,0.01
s3_sysrisk_seed06,stage3_final,sysrisk,5,2,0.5,6,0.75,5000000,1,0.2,3.68761904759,3.67238095235,0.0152380952381,0.0152380952381,0.0041493775934,s1_sysrisk_samegrid,0.01
s3_sysrisk_seed10,stage3_final,sysrisk,5,2,0.5,10,0.75,5000000,1,0.2,3.68761904759,3.67238095235,0.0152380952381,0.0152380952381,0.0041493775934,s1_sysrisk_samegrid,0.01
s3_sysrisk_seed10,stage3_final,sysrisk,5,2,0.5,10,0.75,5000000,1,0.4,3.52952380949,3.51428571426,0.0152380952381,0.0152380952381,0.00433604336047,s1_sysrisk_samegrid,0.01
s3_sysrisk_seed17,stage3_final,sysrisk,5,2,0.5,17,0.75,5000000,1,0.2,3.68761904759,3.67238095235,0.0152380952381,0.0152380952381,0.0041493775934,s1_sysrisk_samegrid,0.01
s3_sysrisk_seed05,stage3_final,sysrisk,5,2,0.5,5,0.75,5000000,1,0.5,3.2914285714,3.27619047617,0.0152380952379,0.0152380952379,0.00465116279066,s1_sysrisk_samegrid,0.01
s3_sysrisk_seed15,stage3_final,sysrisk,5,2,0.5,15,0.75,5000000,1,0.2,3.68761904759,3.67238095235,0.0152380952379,0.0152380952379,0.00414937759334,s1_sysrisk_samegrid,0.01
s3_sysrisk_seed19,stage3_final,sysrisk,5,2,0.5,19,0.75,5000000,1,0.2,3.68761904759,3.67238095235,0.0152380952379,0.0152380952379,0.00414937759334,s1_sysrisk_samegrid,0.01
s3_sysrisk_seed16,stage3_final,sysrisk,5,2,0.5,16,0.75,5000000,1,0.6,3.25333333331,3.23809523807,0.0152380952374,0.0152380952374,0.00470588235275,s1_sysrisk_samegrid,0.01
s3_sysrisk_seed18,stage3_final,sysrisk,5,2,0.5,18,0.75,5000000,1,0.1,4.30476190472,4.28952380948,0.0152380952373,0.0152380952373,0.00355239786842,s1_sysrisk_samegrid,0.01
s3_sysrisk_seed06,stage3_final,sysrisk,5,2,0.5,6,0.75,5000000,1,0.1,4.27428571425,4.28952380948,-0.0152380952343,0.0152380952343,0.00355239786772,s1_sysrisk_samegrid,0.01
s3_sysrisk_seed09,stage3_final,sysrisk,5,2,0.5,9,0.75,5000000,0.375,0.6,2.84660442701,2.86181395082,-0.0152095238095,0.0152095238095,0.0053146445125,s1_sysrisk_samegrid,0.01
s3_sysrisk_seed14,stage3_final,sysrisk,5,2,0.5,14,0.75,5000000,0.5,0.4,2.90216920911,2.88696230925,0.0152068998607,0.0152068998607,0.00526743969326,s1_sysrisk_samegrid,0.01
s3_sysrisk_seed13,stage3_final,sysrisk,5,2,0.5,13,0.75,5000000,0.125,0.4,2.51311892861,2.52831939279,-0.0152004641783,0.0152004641783,0.00601208226366,s1_sysrisk_samegrid,0.01
s3_sysrisk_seed18,stage3_final,sysrisk,5,2,0.5,18,0.75,5000000,0.375,0.1,2.96369550937,2.9485106026,0.0151849067749,0.0151849067749,0.00515002617307,s1_sysrisk_samegrid,0.01
s3_sysrisk_seed14,stage3_final,sysrisk,5,2,0.5,14,0.75,5000000,0.25,0.3,2.60699947322,2.59184830534,0.0151511678788,0.0151511678788,0.00584570009272,s1_sysrisk_samegrid,0.01
s3_sysrisk_seed16,stage3_final,sysrisk,5,2,0.5,16,0.75,5000000,0.25,0.3,2.60699947322,2.59184830534,0.0151511678788,0.0151511678788,0.00584570009272,s1_sysrisk_samegrid,0.01
s3_sysrisk_seed11,stage3_final,sysrisk,5,2,0.5,11,0.75,5000000,0.5,0.6,2.89656165995,2.91171243014,-0.0151507701931,0.0151507701931,0.00520338823172,s1_sysrisk_samegrid,0.01
s3_sysrisk_seed14,stage3_final,sysrisk,5,2,0.5,14,0.75,5000000,0.375,0.5,2.83215944221,2.84730941619,-0.0151499739825,0.0151499739825,0.00532080352645,s1_sysrisk_samegrid,0.01
s3_sysrisk_seed19,stage3_final,sysrisk,5,2,0.5,19,0.75,5000000,0.875,0.4,3.35012178132,3.33500295428,0.0151188270357,0.0151188270357,0.00453337740415,s1_sysrisk_samegrid,0.01
s3_sysrisk_seed11,stage3_final,sysrisk,5,2,0.5,11,0.75,5000000,0.625,1,3.14174924831,3.12669419497,0.0150550533408,0.0150550533408,0.00481500664984,s1_sysrisk_samegrid,0.01
s3_sysrisk_seed08,stage3_final,sysrisk,5,2,0.5,8,0.75,5000000,0.625,0.5,2.96166957785,2.97670491097,-0.0150353331228,0.0150353331228,0.00505099886367,s1_sysrisk_samegrid,0.01
s3_sysrisk_seed03,stage3_final,sysrisk,5,2,0.5,3,0.75,5000000,0.375,0.6,2.84683973207,2.86181395082,-0.01497421875,0.01497421875,0.00523242216557,s1_sysrisk_samegrid,0.01
s3_sysrisk_seed04,stage3_final,sysrisk,5,2,0.5,4,0.75,5000000,0.875,1,3.26074419139,3.27569398697,-0.0149497955744,0.0149497955744,0.00456385597492,s1_sysrisk_samegrid,0.01
s3_sysrisk_seed08,stage3_final,sysrisk,5,2,0.5,8,0.75,5000000,0.375,0.5,2.83244522564,2.84730941619,-0.0148641905484,0.0148641905484,0.00522043388186,s1_sysrisk_samegrid,0.01
s3_sysrisk_seed02,stage3_final,sysrisk,5,2,0.5,2,0.75,5000000,0.625,0.4,3.03884457027,3.02408408301,0.014760487256,0.014760487256,0.00488097779389,s1_sysrisk_samegrid,0.01
s3_sysrisk_seed16,stage3_final,sysrisk,5,2,0.5,16,0.75,5000000,0.125,1,2.94433645088,2.9590811486,-0.0147446977175,0.0147446977175,0.00498286359078,s1_sysrisk_samegrid,0.01
s3_sysrisk_seed03,stage3_final,sysrisk,5,2,0.5,3,0.75,5000000,0.25,0.05,2.78151384266,2.76679734211,0.0147165005537,0.0147165005537,0.00531896584174,s1_sysrisk_samegrid,0.01
s3_sysrisk_seed14,stage3_final,sysrisk,5,2,0.5,14,0.75,5000000,0.375,0.05,3.07702380947,3.06231092432,0.0147128851541,0.0147128851541,0.00480450402251,s1_sysrisk_samegrid,0.01
s3_sysrisk_seed15,stage3_final,sysrisk,5,2,0.5,15,0.75,5000000,0.75,0.4,3.1579579446,3.17265481347,-0.0146968688721,0.0146968688721,0.00463235672841,s1_sysrisk_samegrid,0.01
s3_sysrisk_seed08,stage3_final,sysrisk,5,2,0.5,8,0.75,5000000,0.625,0.2,3.11220327094,3.09756311184,0.014640159101,0.014640159101,0.00472634731639,s1_sysrisk_samegrid,0.01
s3_sysrisk_seed08,stage3_final,sysrisk,5,2,0.5,8,0.75,5000000,0.5,0.5,2.89269277112,2.90731154896,-0.0146187778405,0.0146187778405,0.00502828045576,s1_sysrisk_samegrid,0.01
s3_sysrisk_seed19,stage3_final,sysrisk,5,2,0.5,19,0.75,5000000,0.125,0.4,2.51380045194,2.52831939279,-0.0145189408499,0.0145189408499,0.00574252639571,s1_sysrisk_samegrid,0.01
s3_sysrisk_seed12,stage3_final,sysrisk,5,2,0.5,12,0.75,5000000,0.375,0.6,2.8473135974,2.86181395082,-0.0145003534226,0.0145003534226,0.0050668400084,s1_sysrisk_samegrid,0.01
s3_sysrisk_seed05,stage3_final,sysrisk,5,2,0.5,5,0.75,5000000,0.5,0.6,2.89723244043,2.91171243014,-0.0144799897066,0.0144799897066,0.00497301503979,s1_sysrisk_samegrid,0.01
s3_sysrisk_seed13,stage3_final,sysrisk,5,2,0.5,13,0.75,5000000,0,0,2.18171428564,2.1672727272,0.0144415584415,0.0144415584415,0.00666347075761,s1_sysrisk_samegrid,0.01
s3_sysrisk_seed08,stage3_final,sysrisk,5,2,0.5,8,0.75,5000000,0.375,0.4,2.77390351674,2.75951217531,0.0143913414279,0.0143913414279,0.00521517591285,s1_sysrisk_samegrid,0.01
s3_sysrisk_seed00,stage3_final,sysrisk,5,2,0.5,0,0.75,5000000,0.375,0.3,2.72749506244,2.71311910723,0.0143759552098,0.0143759552098,0.00529868193824,s1_sysrisk_samegrid,0.01
s3_sysrisk_seed12,stage3_final,sysrisk,5,2,0.5,12,0.75,5000000,0.5,0.75,2.99995675999,3.01433083051,-0.0143740705257,0.0143740705257,0.00476857761604,s1_sysrisk_samegrid,0.01
s3_sysrisk_seed05,stage3_final,sysrisk,5,2,0.5,5,0.75,5000000,0.625,1,3.14105306902,3.12669419497,0.0143588740433,0.0143588740433,0.00459234998625,s1_sysrisk_samegrid,0.01
s3_sysrisk_seed18,stage3_final,sysrisk,5,2,0.5,18,0.75,5000000,0.125,0.4,2.51397740057,2.52831939279,-0.0143419922224,0.0143419922224,0.00567253973658,s1_sysrisk_samegrid,0.01
s3_sysrisk_seed00,stage3_final,sysrisk,5,2,0.5,0,0.75,5000000,0.875,0.5,3.14185717832,3.15617658867,-0.0143194103471,0.0143194103471,0.00453694840731,s1_sysrisk_samegrid,0.01
s3_sysrisk_seed09,stage3_final,sysrisk,5,2,0.5,9,0.75,5000000,0,0.5,2.69132213028,2.70561213913,-0.0142900088442,0.0142900088442,0.00528161765596,s1_sysrisk_samegrid,0.01
s3_sysrisk_seed06,stage3_final,sysrisk,5,2,0.5,6,0.75,5000000,0.125,0.05,2.48325232616,2.46901423092,0.0142380952381,0.0142380952381,0.00576671250403,s1_sysrisk_samegrid,0.01
s3_sysrisk_seed13,stage3_final,sysrisk,5,2,0.5,13,0.75,5000000,0.125,0.05,2.48325232616,2.46901423092,0.0142380952381,0.0142380952381,0.00576671250403,s1_sysrisk_samegrid,0.01
s3_sysrisk_seed16,stage3_final,sysrisk,5,2,0.5,16,0.75,5000000,0.125,0.6,2.76825419695,2.78244124654,-0.0141870495947,0.0141870495947,0.00509877777736,s1_sysrisk_samegrid,0.01
s3_sysrisk_seed02,stage3_final,sysrisk,5,2,0.5,2,0.75,5000000,0.25,0.75,2.92294107411,2.93709742737,-0.0141563532556,0.0141563532556,0.00481984462745,s1_sysrisk_samegrid,0.01
s3_sysrisk_seed11,stage3_final,sysrisk,5,2,0.5,11,0.75,5000000,0.875,1,3.26155538515,3.27569398697,-0.0141386018125,0.0141386018125,0.00431621569927,s1_sysrisk_samegrid,0.01
s3_sysrisk_seed17,stage3_final,sysrisk,5,2,0.5,17,0.75,5000000,0.25,0.4,2.65446219667,2.64033830543,0.0141238912457,0.0141238912457,0.00534927331722,s1_sysrisk_samegrid,0.01
s3_sysrisk_seed00,stage3_final,sysrisk,5,2,0.5,0,0.75,5000000,0.375,0.5,2.83322647564,2.84730941619,-0.0140829405484,0.0140829405484,0.00494605204068,s1_sysrisk_samegrid,0.01
s3_sysrisk_seed08,stage3_final,sysrisk,5,2,0.5,8,0.75,5000000,0.125,0.4,2.51425441515,2.52831939279,-0.0140649776363,0.0140649776363,0.0055629750246,s1_sysrisk_samegrid,0.01
s3_sysrisk_seed07,stage3_final,sysrisk,5,2,0.5,7,0.75,5000000,0.25,1,2.97614656601,2.99020674345,-0.0140601774398,0.0140601774398,0.00470207535671,s1_sysrisk_samegrid,0.01
s3_sysrisk_seed12,stage3_final,sysrisk,5,2,0.5,12,0.75,5000000,0.625,0.1,3.48227825678,3.46825083529,0.0140274214918,0.0140274214918,0.00404452335139,s1_sysrisk_samegrid,0.01
s3_sysrisk_seed16,stage3_final,sysrisk,5,2,0.5,16,0.75,5000000,0,0.6,2.73629582739,2.75032120293,-0.0140253755356,0.0140253755356,0.00509954092659,s1_sysrisk_samegrid,0.01
s3_sysrisk_seed06,stage3_final,sysrisk,5,2,0.5,6,0.75,5000000,0.75,1,3.17926709858,3.19328718448,-0.0140200858968,0.0140200858968,0.00439048700816,s1_sysrisk_samegrid,0.01
s3_sysrisk_seed03,stage3_final,sysrisk,5,2,0.5,3,0.75,5000000,0.375,0.5,2.83329343993,2.84730941619,-0.0140159762627,0.0140159762627,0.00492253359716,s1_sysrisk_samegrid,0.01
s3_sysrisk_seed17,stage3_final,sysrisk,5,2,0.5,17,0.75,5000000,0.625,0.75,3.05121907321,3.06522276235,-0.0140036891349,0.0140036891349,0.00456857142879,s1_sysrisk_samegrid,0.01
s3_sysrisk_seed13,stage3_final,sysrisk,5,2,0.5,13,0.75,5000000,0.875,0.4,3.34890395305,3.33500295428,0.0139009987655,0.0139009987655,0.0041682118295,s1_sysrisk_samegrid,0.01
s3_sysrisk_seed02,stage3_final,sysrisk,5,2,0.5,2,0.75,5000000,0,0.3,2.36026879749,2.37415664133,-0.0138878438373,0.0138878438373,0.00584959037478,s1_sysrisk_samegrid,0.01
s3_sysrisk_seed18,stage3_final,sysrisk,5,2,0.5,18,0.75,5000000,0.25,0.5,2.78075978283,2.79464713809,-0.0138873552654,0.0138873552654,0.00496926967132,s1_sysrisk_samegrid,0.01
s3_sysrisk_seed11,stage3_final,sysrisk,5,2,0.5,11,0.75,5000000,0.375,0.6,2.84795979891,2.86181395082,-0.0138541519087,0.0138541519087,0.00484103863731,s1_sysrisk_samegrid,0.01
s3_sysrisk_seed09,stage3_final,sysrisk,5,2,0.5,9,0.75,5000000,0.25,0.6,2.80537484623,2.81922388674,-0.0138490405117,0.0138490405117,0.00491235924073,s1_sysrisk_samegrid,0.01
s3_sysrisk_seed08,stage3_final,sysrisk,5,2,0.5,8,0.75,5000000,0.625,0.6,2.9571150436,2.97092626877,-0.0138112251752,0.0138112251752,0.00464879432398,s1_sysrisk_samegrid,0.01
s3_sysrisk_seed17,stage3_final,sysrisk,5,2,0.5,17,0.75,5000000,0.5,0.75,3.00055961887,3.01433083051,-0.0137712116428,0.0137712116428,0.00456858003221,s1_sysrisk_samegrid,0.01
s3_sysrisk_seed05,stage3_final,sysrisk,5,2,0.5,5,0.75,5000000,0.75,0.5,3.07204499226,3.05831972285,0.013725269409,0.013725269409,0.00448784648199,s1_sysrisk_samegrid,0.01
s3_sysrisk_seed18,stage3_final,sysrisk,5,2,0.5,18,0.75,5000000,0.875,0.6,3.11574447325,3.12939247644,-0.0136480031935,0.0136480031935,0.00436123090865,s1_sysrisk_samegrid,0.01
s3_sysrisk_seed15,stage3_final,sysrisk,5,2,0.5,15,0.75,5000000,0.875,1,3.26205665579,3.27569398697,-0.0136373311743,0.0136373311743,0.00416318838956,s1_sysrisk_samegrid,0.01
s3_sysrisk_seed18,stage3_final,sysrisk,5,2,0.5,18,0.75,5000000,0.125,0.3,2.46581035303,2.47941296606,-0.0136026130314,0.0136026130314,0.00548622323814,s1_sysrisk_samegrid,0.01
s3_sysrisk_seed17,stage3_final,sysrisk,5,2,0.5,17,0.75,5000000,0.125,0.05,2.48257033382,2.46901423092,0.0135561029009,0.0135561029009,0.00549049200735,s1_sysrisk_samegrid,0.01
s3_sysrisk_seed16,stage3_final,sysrisk,5,2,0.5,16,0.75,5000000,0.25,0.2,2.59592084216,2.5823676261,0.0135532160625,0.0135532160625,0.00524836817406,s1_sysrisk_samegrid,0.01
s3_sysrisk_seed04,stage3_final,sysrisk,5,2,0.5,4,0.75,5000000,0.375,0.05,3.07581823349,3.06231092432,0.0135073091737,0.0135073091737,0.00441082225401,s1_sysrisk_samegrid,0.01
s3_sysrisk_seed11,stage3_final,sysrisk,5,2,0.5,11,0.75,5000000,0.25,0.5,2.78115572129,2.79464713809,-0.0134914168036,0.0134914168036,0.00482759222791,s1_sysrisk_samegrid,0.01
s3_sysrisk_seed16,stage3_final,sysrisk,5,2,0.5,16,0.75,5000000,0,0.5,2.69214097447,2.70561213913,-0.0134711646533,0.0134711646533,0.00497897110176,s1_sysrisk_samegrid,0.01
s3_sysrisk_seed06,stage3_final,sysrisk,5,2,0.5,6,0.75,5000000,0.875,0.2,3.48496622458,3.47154410776,0.0134221168155,0.0134221168155,0.00386632472434,s1_sysrisk_samegrid,0.01
s3_sysrisk_seed10,stage3_final,sysrisk,5,2,0.5,10,0.75,5000000,0.875,0.2,3.48496622458,3.47154410776,0.0134221168155,0.0134221168155,0.00386632472434,s1_sysrisk_samegrid,0.01
s3_sysrisk_seed17,stage3_final,sysrisk,5,2,0.5,17,0.75,5000000,0.875,0.2,3.48496622458,3.47154410776,0.0134221168155,0.0134221168155,0.00386632472434,s1_sysrisk_samegrid,0.01
s3_sysrisk_seed04,stage3_final,sysrisk,5,2,0.5,4,0.75,5000000,0.875,0.5,3.14278799076,3.15617658867,-0.0133885979121,0.0133885979121,0.00424203067728,s1_sysrisk_samegrid,0.01
s3_sysrisk_seed07,stage3_final,sysrisk,5,2,0.5,7,0.75,5000000,0.125,0.05,2.4823951833,2.46901423092,0.0133809523809,0.0133809523809,0.00541955255395,s1_sysrisk_samegrid,0.01
s3_sysrisk_seed12,stage3_final,sysrisk,5,2,0.5,12,0.75,5000000,0.125,0.05,2.4823951833,2.46901423092,0.0133809523809,0.0133809523809,0.00541955255395,s1_sysrisk_samegrid,0.01
s3_sysrisk_seed15,stage3_final,sysrisk,5,2,0.5,15,0.75,5000000,0.125,0.05,2.4823951833,2.46901423092,0.0133809523809,0.0133809523809,0.00541955255395,s1_sysrisk_samegrid,0.01
s3_sysrisk_seed19,stage3_final,sysrisk,5,2,0.5,19,0.75,5000000,0.125,0.05,2.4823951833,2.46901423092,0.0133809523809,0.0133809523809,0.00541955255395,s1_sysrisk_samegrid,0.01
s3_sysrisk_seed11,stage3_final,sysrisk,5,2,0.5,11,0.75,5000000,0.25,0.6,2.80587108477,2.81922388674,-0.0133528019747,0.0133528019747,0.00473633968467,s1_sysrisk_samegrid,0.01
s3_sysrisk_seed01,stage3_final,sysrisk,5,2,0.5,1,0.75,5000000,0.5,0.05,3.36879818588,3.35547392284,0.0133242630385,0.0133242630385,0.00397090346846,s1_sysrisk_samegrid,0.01
s3_sysrisk_seed10,stage3_final,sysrisk,5,2,0.5,10,0.75,5000000,0.875,0.4,3.34827437264,3.33500295428,0.0132714183506,0.0132714183506,0.00397943226213,s1_sysrisk_samegrid,0.01
s3_sysrisk_seed04,stage3_final,sysrisk,5,2,0.5,4,0.75,5000000,0.375,0.6,2.8485480654,2.86181395082,-0.0132658854167,0.0132658854167,0.00463548142704,s1_sysrisk_samegrid,0.01
s3_sysrisk_seed04,stage3_final,sysrisk,5,2,0.5,4,0.75,5000000,0,0,2.18053679647,2.1672727272,0.013264069264,0.013264069264,0.00612016618746,s1_sysrisk_samegrid,0.01
s3_sysrisk_seed13,stage3_final,sysrisk,5,2,0.5,13,0.75,5000000,0.75,0.6,3.05546059259,3.04220068871,0.0132599038818,0.0132599038818,0.00435865521002,s1_sysrisk_samegrid,0.01
s3_sysrisk_seed02,stage3_final,sysrisk,5,2,0.5,2,0.75,5000000,0.25,0.6,2.80597343018,2.81922388674,-0.013250456559,0.013250456559,0.0047000369929,s1_sysrisk_samegrid,0.01
s3_sysrisk_seed11,stage3_final,sysrisk,5,2,0.5,11,0.75,5000000,0.125,0.6,2.7692294962,2.78244124654,-0.0132117503399,0.0132117503399,0.00474825851447,s1_sysrisk_samegrid,0.01
s3_sysrisk_seed07,stage3_final,sysrisk,5,2,0.5,7,0.75,5000000,0.375,0.5,2.83412434043,2.84730941619,-0.0131850757597,0.0131850757597,0.00463071406457,s1_sysrisk_samegrid,0.01
s3_sysrisk_seed00,stage3_final,sysrisk,5,2,0.5,0,0.75,5000000,0.5,0.5,2.89420134255,2.90731154896,-0.0131102064119,0.0131102064119,0.00450939164623,s1_sysrisk_samegrid,0.01
s3_sysrisk_seed11,stage3_final,sysrisk,5,2,0.5,11,0.75,5000000,0,0.6,2.73725367697,2.75032120293,-0.0130675259578,0.0130675259578,0.00475127266729,s1_sysrisk_samegrid,0.01
s3_sysrisk_seed09,stage3_final,sysrisk,5,2,0.5,9,0.75,5000000,0.125,0.6,2.76941940172,2.78244124654,-0.0130218448218,0.0130218448218,0.00468000711175,s1_sysrisk_samegrid,0.01
s3_sysrisk_seed15,stage3_final,sysrisk,5,2,0.5,15,0.75,5000000,0.125,0.5,2.7348084601,2.74780043635,-0.0129919762556,0.0129919762556,0.00472813676121,s1_sysrisk_samegrid,0.01
s3_sysrisk_seed19,stage3_final,sysrisk,5,2,0.5,19,0.75,5000000,0.125,0.5,2.7348084601,2.74780043635,-0.0129919762556,0.0129919762556,0.00472813676121,s1_sysrisk_samegrid,0.01
s3_sysrisk_seed09,stage3_final,sysrisk,5,2,0.5,9,0.75,5000000,0.5,0.75,3.0013754792,3.01433083051,-0.0129553513139,0.0129553513139,0.00429791951924,s1_sysrisk_samegrid,0.01
s3_sysrisk_seed01,stage3_final,sysrisk,5,2,0.5,1,0.75,5000000,0.75,0.4,3.1856014205,3.17265481347,0.0129466070267,0.0129466070267,0.00408068566796,s1_sysrisk_samegrid,0.01
s3_sysrisk_seed12,stage3_final,sysrisk,5,2,0.5,12,0.75,5000000,0.75,0.4,3.1856014205,3.17265481347,0.0129466070267,0.0129466070267,0.00408068566796,s1_sysrisk_samegrid,0.01
s3_sysrisk_seed16,stage3_final,sysrisk,5,2,0.5,16,0.75,5000000,0.75,0.4,3.1856014205,3.17265481347,0.0129466070267,0.0129466070267,0.00408068566796,s1_sysrisk_samegrid,0.01
s3_sysrisk_seed09,stage3_final,sysrisk,5,2,0.5,9,0.75,5000000,0.5,1,3.08523507195,3.07229131016,0.012943761782,0.012943761782,0.00421306460725,s1_sysrisk_samegrid,0.01
s3_sysrisk_seed00,stage3_final,sysrisk,5,2,0.5,0,0.75,5000000,0.75,0.5,3.04537820587,3.05831972285,-0.012941516973,0.012941516973,0.00423157751504,s1_sysrisk_samegrid,0.01
s3_sysrisk_seed13,stage3_final,sysrisk,5,2,0.5,13,0.75,5000000,0.125,0.75,2.89478655067,2.90768994815,-0.0129033974747,0.0129033974747,0.00443767998127,s1_sysrisk_samegrid,0.01
s3_sysrisk_seed08,stage3_final,sysrisk,5,2,0.5,8,0.75,5000000,0.25,0.3,2.60473817587,2.59184830534,0.0128898705307,0.0128898705307,0.00497323493204,s1_sysrisk_samegrid,0.01
s3_sysrisk_seed00,stage3_final,sysrisk,5,2,0.5,0,0.75,5000000,0.625,0.1,3.481113642,3.46825083529,0.0128628067024,0.0128628067024,0.00370873022548,s1_sysrisk_samegrid,0.01
s3_sysrisk_seed16,stage3_final,sysrisk,5,2,0.5,16,0.75,5000000,0.25,0.6,2.80636371095,2.81922388674,-0.0128601757891,0.0128601757891,0.00456160145692,s1_sysrisk_samegrid,0.01
s3_sysrisk_seed06,stage3_final,sysrisk,5,2,0.5,6,0.75,5000000,0.125,0.6,2.76958167211,2.78244124654,-0.0128595744333,0.0128595744333,0.00462168768137,s1_sysrisk_samegrid,0.01
s3_sysrisk_seed12,stage3_final,sysrisk,5,2,0.5,12,0.75,5000000,0.25,0.3,2.60467474386,2.59184830534,0.012826438521,0.012826438521,0.00494876127379,s1_sysrisk_samegrid,0.01
s3_sysrisk_seed15,stage3_final,sysrisk,5,2,0.5,15,0.75,5000000,0.25,0.3,2.60467474386,2.59184830534,0.012826438521,0.012826438521,0.00494876127379,s1_sysrisk_samegrid,0.01
s3_sysrisk_seed07,stage3_final,sysrisk,5,2,0.5,7,0.75,5000000,0.625,0.3,3.00398891722,2.99117365583,0.0128152613926,0.0128152613926,0.00428435887286,s1_sysrisk_samegrid,0.01
s3_sysrisk_seed08,stage3_final,sysrisk,5,2,0.5,8,0.75,5000000,0.5,0.75,3.00152516683,3.01433083051,-0.0128056636869,0.0128056636869,0.00424826086017,s1_sysrisk_samegrid,0.01
s3_sysrisk_seed05,stage3_final,sysrisk,5,2,0.5,5,0.75,5000000,0.25,0.2,2.59514096869,2.5823676261,0.0127733425893,0.0127733425893,0.00494636877422,s1_sysrisk_samegrid,0.01
s3_sysrisk_seed06,stage3_final,sysrisk,5,2,0.5,6,0.75,5000000,0.125,0.4,2.51555129232,2.52831939279,-0.0127681004668,0.0127681004668,0.00505003462111,s1_sysrisk_samegrid,0.01
s3_sysrisk_seed09,stage3_final,sysrisk,5,2,0.5,9,0.75,5000000,0.125,0.4,2.51555129232,2.52831939279,-0.0127681004668,0.0127681004668,0.00505003462111,s1_sysrisk_samegrid,0.01
s3_sysrisk_seed01,stage3_final,sysrisk,5,2,0.5,1,0.75,5000000,0.25,0.6,2.80648103296,2.81922388674,-0.0127428537807,0.0127428537807,0.00451998645464,s1_sysrisk_samegrid,0.01
s3_sysrisk_seed17,stage3_final,sysrisk,5,2,0.5,17,0.75,5000000,0.25,1,3.00291976653,2.99020674345,0.0127130230794,0.0127130230794,0.00425155321026,s1_sysrisk_samegrid,0.01
s3_sysrisk_seed09,stage3_final,sysrisk,5,2,0.5,9,0.75,5000000,0,0.6,2.73765754378,2.75032120293,-0.0126636591479,0.0126636591479,0.00460442916063,s1_sysrisk_samegrid,0.01
s3_sysrisk_seed00,stage3_final,sysrisk,5,2,0.5,0,0.75,5000000,0.625,0.5,2.96406404214,2.97670491097,-0.0126408688371,0.0126408688371,0.00424659790444,s1_sysrisk_samegrid,0.01
s3_sysrisk_seed05,stage3_final,sysrisk,5,2,0.5,5,0.75,5000000,0.125,0.75,2.89507526196,2.90768994815,-0.0126146861859,0.0126146861859,0.00433838765855,s1_sysrisk_samegrid,0.01
s3_sysrisk_seed18,stage3_final,sysrisk,5,2,0.5,18,0.75,5000000,0.625,0.3,3.00372736202,2.99117365583,0.0125537061899,0.0125537061899,0.00419691653991,s1_sysrisk_samegrid,0.01
s3_sysrisk_seed03,stage3_final,sysrisk,5,2,0.5,3,0.75,5000000,0.5,0.5,2.89479562827,2.90731154896,-0.0125159206976,0.0125159206976,0.00430498090308,s1_sysrisk_samegrid,0.01
s3_sysrisk_seed12,stage3_final,sysrisk,5,2,0.5,12,0.75,5000000,0.125,0,2.52222995389,2.50973180071,0.0124981531878,0.0124981531878,0.00497987601076,s1_sysrisk_samegrid,0.01
s3_sysrisk_seed07,stage3_final,sysrisk,5,2,0.5,7,0.75,5000000,0.375,0.2,2.76182384666,2.74933035708,0.0124934895833,0.0124934895833,0.00454419366198,s1_sysrisk_samegrid,0.01
s3_sysrisk_seed06,stage3_final,sysrisk,5,2,0.5,6,0.75,5000000,0.5,0.4,2.89932840468,2.88696230925,0.0123660954264,0.0123660954264,0.00428342808176,s1_sysrisk_samegrid,0.01
s3_sysrisk_seed09,stage3_final,sysrisk,5,2,0.5,9,0.75,5000000,0.5,0.4,2.89932840468,2.88696230925,0.0123660954264,0.0123660954264,0.00428342808176,s1_sysrisk_samegrid,0.01
s3_sysrisk_seed05,stage3_final,sysrisk,5,2,0.5,5,0.75,5000000,0.125,0.5,2.7354539624,2.74780043635,-0.0123464739569,0.0123464739569,0.00449322075706,s1_sysrisk_samegrid,0.01
s3_sysrisk_seed19,stage3_final,sysrisk,5,2,0.5,19,0.75,5000000,0,0,2.17961904755,2.1672727272,0.0123463203463,0.0123463203463,0.00569670821365,s1_sysrisk_samegrid,0.01
s3_sysrisk_seed01,stage3_final,sysrisk,5,2,0.5,1,0.75,5000000,0.625,0.5,2.98904865773,2.97670491097,0.0123437467551,0.0123437467551,0.00414678213807,s1_sysrisk_samegrid,0.01
s3_sysrisk_seed12,stage3_final,sysrisk,5,2,0.5,12,0.75,5000000,0.125,0.5,2.73547054581,2.74780043635,-0.0123298905403,0.0123298905403,0.00448718559659,s1_sysrisk_samegrid,0.01
s3_sysrisk_seed15,stage3_final,sysrisk,5,2,0.5,15,0.75,5000000,0.875,0.2,3.4838470271,3.47154410776,0.0123029193419,0.0123029193419,0.0035439328898,s1_sysrisk_samegrid,0.01
s3_sysrisk_seed02,stage3_final,sysrisk,5,2,0.5,2,0.75,5000000,0.125,0.5,2.73557199811,2.74780043635,-0.0122284382426,0.0122284382426,0.00445026432081,s1_sysrisk_samegrid,0.01
s3_sysrisk_seed09,stage3_final,sysrisk,5,2,0.5,9,0.75,5000000,0.125,0.5,2.73557441303,2.74780043635,-0.0122260233234,0.0122260233234,0.00444938546543,s1_sysrisk_samegrid,0.01
s3_sysrisk_seed06,stage3_final,sysrisk,5,2,0.5,6,0.75,5000000,0.875,1,3.26348571146,3.27569398697,-0.0122082755073,0.0122082755073,0.00372692795965,s1_sysrisk_samegrid,0.01
s3_sysrisk_seed18,stage3_final,sysrisk,5,2,0.5,18,0.75,5000000,0.625,0.05,3.63403356275,3.64620137686,-0.0121678141136,0.0121678141136,0.00333712070617,s1_sysrisk_samegrid,0.01
s3_sysrisk_seed03,stage3_final,sysrisk,5,2,0.5,3,0.75,5000000,0,0.4,2.41039668065,2.42253671701,-0.0121400363564,0.0121400363564,0.00501129096256,s1_sysrisk_samegrid,0.01
s3_sysrisk_seed19,stage3_final,sysrisk,5,2,0.5,19,0.75,5000000,0.875,0.2,3.48360893186,3.47154410776,0.0120648241038,0.0120648241038,0.00347534806682,s1_sysrisk_samegrid,0.01
s3_sysrisk_seed15,stage3_final,sysrisk,5,2,0.5,15,0.75,5000000,0,0,2.17932832073,2.1672727272,0.0120555935292,0.0120555935292,0.00556256412857,s1_sysrisk_samegrid,0.01
s3_sysrisk_seed02,stage3_final,sysrisk,5,2,0.5,2,0.75,5000000,0.875,0.6,3.11735610125,3.12939247644,-0.0120363751925,0.0120363751925,0.00384623382435,s1_sysrisk_samegrid,0.01
s3_sysrisk_seed10,stage3_final,sysrisk,5,2,0.5,10,0.75,5000000,0,0.6,2.73830524843,2.75032120293,-0.0120159544974,0.0120159544974,0.00436892770364,s1_sysrisk_samegrid,0.01
s3_sysrisk_seed02,stage3_final,sysrisk,5,2,0.5,2,0.75,5000000,0.25,0.4,2.62833218125,2.64033830543,-0.0120061241786,0.0120061241786,0.00454719160567,s1_sysrisk_samegrid,0.01
s3_sysrisk_seed10,stage3_final,sysrisk,5,2,0.5,10,0.75,5000000,0.75,0.4,3.18465708241,3.17265481347,0.0120022689402,0.0120022689402,0.00378303649336,s1_sysrisk_samegrid,0.01
s3_sysrisk_seed01,stage3_final,sysrisk,5,2,0.5,1,0.75,5000000,0.375,0.2,2.76132410708,2.74933035708,0.01199375,0.01199375,0.0043624259155,s1_sysrisk_samegrid,0.01
s3_sysrisk_seed04,stage3_final,sysrisk,5,2,0.5,4,0.75,5000000,0,0.5,2.69361874996,2.70561213913,-0.011993389162,0.011993389162,0.00443278213774,s1_sysrisk_samegrid,0.01
s3_sysrisk_seed03,stage3_final,sysrisk,5,2,0.5,3,0.75,5000000,0.75,1,3.1813127505,3.19328718448,-0.0119744339843,0.0119744339843,0.00374987694264,s1_sysrisk_samegrid,0.01
s3_sysrisk_seed00,stage3_final,sysrisk,5,2,0.5,0,0.75,5000000,0.125,0.75,2.89573759963,2.90768994815,-0.0119523485236,0.0119523485236,0.00411059938877,s1_sysrisk_samegrid,0.01
s3_sysrisk_seed18,stage3_final,sysrisk,5,2,0.5,18,0.75,5000000,0.25,0.1,2.70630866549,2.69444734624,0.0118613192549,0.0118613192549,0.00440213436403,s1_sysrisk_samegrid,0.01
s3_sysrisk_seed12,stage3_final,sysrisk,5,2,0.5,12,0.75,5000000,0.5,1,3.08413478535,3.07229131016,0.0118434751898,0.0118434751898,0.00385493235963,s1_sysrisk_samegrid,0.01
s3_sysrisk_seed01,stage3_final,sysrisk,5,2,0.5,1,0.75,5000000,0,0.4,2.41070031705,2.42253671701,-0.0118363999569,0.0118363999569,0.00488595275929,s1_sysrisk_samegrid,0.01
s3_sysrisk_seed12,stage3_final,sysrisk,5,2,0.5,12,0.75,5000000,0,0.4,2.41070031705,2.42253671701,-0.0118363999569,0.0118363999569,0.00488595275929,s1_sysrisk_samegrid,0.01
s3_sysrisk_seed16,stage3_final,sysrisk,5,2,0.5,16,0.75,5000000,0,0.4,2.41070031705,2.42253671701,-0.0118363999569,0.0118363999569,0.00488595275929,s1_sysrisk_samegrid,0.01
s3_sysrisk_seed09,stage3_final,sysrisk,5,2,0.5,9,0.75,5000000,0.75,1,3.18146678354,3.19328718448,-0.0118204009425,0.0118204009425,0.0037016404287,s1_sysrisk_samegrid,0.01
s3_sysrisk_seed00,stage3_final,sysrisk,5,2,0.5,0,0.75,5000000,0.125,0.6,2.79423711448,2.78244124654,0.0117958679341,0.0117958679341,0.00423939515302,s1_sysrisk_samegrid,0.01
s3_sysrisk_seed17,stage3_final,sysrisk,5,2,0.5,17,0.75,5000000,0,0,2.17904761898,2.1672727272,0.0117748917748,0.0117748917748,0.00543304570163,s1_sysrisk_samegrid,0.01
s3_sysrisk_seed04,stage3_final,sysrisk,5,2,0.5,4,0.75,5000000,0,0.2,2.27154301975,2.25981954879,0.0117234709514,0.0117234709514,0.00518779074976,s1_sysrisk_samegrid,0.01
s3_sysrisk_seed08,stage3_final,sysrisk,5,2,0.5,8,0.75,5000000,0.5,0.6,2.90000188827,2.91171243014,-0.0117105418719,0.0117105418719,0.0040218744649,s1_sysrisk_samegrid,0.01
s3_sysrisk_seed17,stage3_final,sysrisk,5,2,0.5,17,0.75,5000000,0,0.6,2.73865209791,2.75032120293,-0.0116691050206,0.0116691050206,0.00424281535124,s1_sysrisk_samegrid,0.01
s3_sysrisk_seed05,stage3_final,sysrisk,5,2,0.5,5,0.75,5000000,0.25,0.05,2.77841860457,2.76679734211,0.0116212624585,0.0116212624585,0.00420025792334,s1_sysrisk_samegrid,0.01
s3_sysrisk_seed08,stage3_final,sysrisk,5,2,0.5,8,0.75,5000000,0.25,0.05,2.77841860457,2.76679734211,0.0116212624585,0.0116212624585,0.00420025792334,s1_sysrisk_samegrid,0.01
s3_sysrisk_seed10,stage3_final,sysrisk,5,2,0.5,10,0.75,5000000,0.25,0.05,2.77841860457,2.76679734211,0.0116212624585,0.0116212624585,0.00420025792334,s1_sysrisk_samegrid,0.01
s3_sysrisk_seed06,stage3_final,sysrisk,5,2,0.5,6,0.75,5000000,0.75,0.2,3.29225280907,3.28065087454,0.0116019345238,0.0116019345238,0.00353647339125,s1_sysrisk_samegrid,0.01
s3_sysrisk_seed10,stage3_final,sysrisk,5,2,0.5,10,0.75,5000000,0.75,0.2,3.29225280907,3.28065087454,0.0116019345238,0.0116019345238,0.00353647339125,s1_sysrisk_samegrid,0.01
s3_sysrisk_seed17,stage3_final,sysrisk,5,2,0.5,17,0.75,5000000,0.75,0.2,3.29225280907,3.28065087454,0.0116019345238,0.0116019345238,0.00353647339125,s1_sysrisk_samegrid,0.01
s3_sysrisk_seed16,stage3_final,sysrisk,5,2,0.5,16,0.75,5000000,0,1,2.92132050429,2.93291944096,-0.0115989366632,0.0115989366632,0.00395474096603,s1_sysrisk_samegrid,0.01
s3_sysrisk_seed04,stage3_final,sysrisk,5,2,0.5,4,0.75,5000000,1,0.6,3.22666666664,3.23809523807,-0.0114285714286,0.0114285714286,0.00352941176473,s1_sysrisk_samegrid,0.01
s3_sysrisk_seed09,stage3_final,sysrisk,5,2,0.5,9,0.75,5000000,1,0.2,3.66095238092,3.67238095235,-0.0114285714286,0.0114285714286,0.00311203319505,s1_sysrisk_samegrid,0.01
s3_sysrisk_seed06,stage3_final,sysrisk,5,2,0.5,6,0.75,5000000,1,1,3.36761904759,3.37904761902,-0.0114285714284,0.0114285714284,0.00338218714767,s1_sysrisk_samegrid,0.01
s3_sysrisk_seed11,stage3_final,sysrisk,5,2,0.5,11,0.75,5000000,1,0.5,3.28761904759,3.27619047617,0.0114285714284,0.0114285714284,0.003488372093,s1_sysrisk_samegrid,0.01
s3_sysrisk_seed11,stage3_final,sysrisk,5,2,0.5,11,0.75,5000000,1,0.75,3.28761904759,3.29904761902,-0.0114285714284,0.0114285714284,0.00346420323323,s1_sysrisk_samegrid,0.01
s3_sysrisk_seed13,stage3_final,sysrisk,5,2,0.5,13,0.75,5000000,1,1,3.39047619045,3.37904761902,0.0114285714284,0.0114285714284,0.00338218714767,s1_sysrisk_samegrid,0.01
s3_sysrisk_seed14,stage3_final,sysrisk,5,2,0.5,14,0.75,5000000,1,0.75,3.28761904759,3.29904761902,-0.0114285714284,0.0114285714284,0.00346420323323,s1_sysrisk_samegrid,0.01
s3_sysrisk_seed15,stage3_final,sysrisk,5,2,0.5,15,0.75,5000000,1,0.6,3.22666666664,3.23809523807,-0.0114285714284,0.0114285714284,0.00352941176468,s1_sysrisk_samegrid,0.01
s3_sysrisk_seed17,stage3_final,sysrisk,5,2,0.5,17,0.75,5000000,1,0.5,3.28761904759,3.27619047617,0.0114285714284,0.0114285714284,0.003488372093,s1_sysrisk_samegrid,0.01
s3_sysrisk_seed18,stage3_final,sysrisk,5,2,0.5,18,0.75,5000000,1,1,3.36761904759,3.37904761902,-0.0114285714284,0.0114285714284,0.00338218714767,s1_sysrisk_samegrid,0.01
s3_sysrisk_seed03,stage3_final,sysrisk,5,2,0.5,3,0.75,5000000,1,0.5,3.26476190474,3.27619047617,-0.0114285714282,0.0114285714282,0.00348837209295,s1_sysrisk_samegrid,0.01
s3_sysrisk_seed07,stage3_final,sysrisk,5,2,0.5,7,0.75,5000000,1,0.6,3.22666666664,3.23809523807,-0.0114285714282,0.0114285714282,0.00352941176463,s1_sysrisk_samegrid,0.01
s3_sysrisk_seed09,stage3_final,sysrisk,5,2,0.5,9,0.75,5000000,1,0.5,3.26476190474,3.27619047617,-0.0114285714282,0.0114285714282,0.00348837209295,s1_sysrisk_samegrid,0.01
s3_sysrisk_seed13,stage3_final,sysrisk,5,2,0.5,13,0.75,5000000,1,0.5,3.26476190474,3.27619047617,-0.0114285714282,0.0114285714282,0.00348837209295,s1_sysrisk_samegrid,0.01
s3_sysrisk_seed14,stage3_final,sysrisk,5,2,0.5,14,0.75,5000000,1,0.5,3.26476190474,3.27619047617,-0.0114285714282,0.0114285714282,0.00348837209295,s1_sysrisk_samegrid,0.01
s3_sysrisk_seed04,stage3_final,sysrisk,5,2,0.5,4,0.75,5000000,0.125,0.5,2.73638384298,2.74780043635,-0.0114165933739,0.0114165933739,0.00415481168969,s1_sysrisk_samegrid,0.01
s3_sysrisk_seed14,stage3_final,sysrisk,5,2,0.5,14,0.75,5000000,0.5,0.5,2.89593219838,2.90731154896,-0.011379350587,0.011379350587,0.00391404581016,s1_sysrisk_samegrid,0.01
s3_sysrisk_seed02,stage3_final,sysrisk,5,2,0.5,2,0.75,5000000,0,0.2,2.24848006372,2.25981954879,-0.0113394850763,0.0113394850763,0.00501787192801,s1_sysrisk_samegrid,0.01
s3_sysrisk_seed13,stage3_final,sysrisk,5,2,0.5,13,0.75,5000000,0,0.1,2.18380952374,2.19512240595,-0.0113128822069,0.0113128822069,0.00515364527112,s1_sysrisk_samegrid,0.01
s3_sysrisk_seed18,stage3_final,sysrisk,5,2,0.5,18,0.75,5000000,0.75,0.6,3.03095998778,3.04220068871,-0.0112407009232,0.0112407009232,0.00369492419253,s1_sysrisk_samegrid,0.01
s3_sysrisk_seed16,stage3_final,sysrisk,5,2,0.5,16,0.75,5000000,0.875,0.6,3.14059608897,3.12939247644,0.01120361253,0.01120361253,0.00358012381457,s1_sysrisk_samegrid,0.01
s3_sysrisk_seed03,stage3_final,sysrisk,5,2,0.5,3,0.75,5000000,0.625,0.5,2.96551564928,2.97670491097,-0.0111892616942,0.0111892616942,0.00375894219577,s1_sysrisk_samegrid,0.01
s3_sysrisk_seed02,stage3_final,sysrisk,5,2,0.5,2,0.75,5000000,0.375,0.6,2.85062646558,2.86181395082,-0.011187485242,0.011187485242,0.00390922870399,s1_sysrisk_samegrid,0.01
s3_sysrisk_seed04,stage3_final,sysrisk,5,2,0.5,4,0.75,5000000,0.75,0.5,3.04716051446,3.05831972285,-0.0111592083896,0.0111592083896,0.00364880372258,s1_sysrisk_samegrid,0.01
s3_sysrisk_seed02,stage3_final,sysrisk,5,2,0.5,2,0.75,5000000,0.625,0.5,2.98785243806,2.97670491097,0.0111475270912,0.0111475270912,0.0037449217926,s1_sysrisk_samegrid,0.01
s3_sysrisk_seed14,stage3_final,sysrisk,5,2,0.5,14,0.75,5000000,0,0.6,2.73920250619,2.75032120293,-0.0111186967419,0.0111186967419,0.00404269026105,s1_sysrisk_samegrid,0.01
s3_sysrisk_seed02,stage3_final,sysrisk,5,2,0.5,2,0.75,5000000,0.125,0.75,2.89661489715,2.90768994815,-0.011075050996,0.011075050996,0.003808883063,s1_sysrisk_samegrid,0.01
s3_sysrisk_seed05,stage3_final,sysrisk,5,2,0.5,5,0.75,5000000,0.5,0.4,2.89802224394,2.88696230925,0.0110599346845,0.0110599346845,0.00383099379201,s1_sysrisk_samegrid,0.01
s3_sysrisk_seed11,stage3_final,sysrisk,5,2,0.5,11,0.75,5000000,0.875,0.5,3.16721758353,3.15617658867,0.0110409948668,0.0110409948668,0.00349821835267,s1_sysrisk_samegrid,0.01
s3_sysrisk_seed08,stage3_final,sysrisk,5,2,0.5,8,0.75,5000000,0.5,0.2,2.93184236446,2.92080623966,0.0110361247947,0.0110361247947,0.00377845152646,s1_sysrisk_samegrid,0.01
s3_sysrisk_seed10,stage3_final,sysrisk,5,2,0.5,10,0.75,5000000,0.875,0.75,3.21459428735,3.20363439693,0.0109598904226,0.0109598904226,0.00342108026843,s1_sysrisk_samegrid,0.01
s3_sysrisk_seed01,stage3_final,sysrisk,5,2,0.5,1,0.75,5000000,0.75,0.5,3.06926210581,3.05831972285,0.0109423829615,0.0109423829615,0.00357790680932,s1_sysrisk_samegrid,0.01
s3_sysrisk_seed07,stage3_final,sysrisk,5,2,0.5,7,0.75,5000000,0,0.6,2.73938536333,2.75032120293,-0.010935839599,0.010935839599,0.00397620452017,s1_sysrisk_samegrid,0.01
s3_sysrisk_seed12,stage3_final,sysrisk,5,2,0.5,12,0.75,5000000,0.75,1,3.18235322553,3.19328718448,-0.0109339589525,0.0109339589525,0.0034240449796,s1_sysrisk_samegrid,0.01
s3_sysrisk_seed14,stage3_final,sysrisk,5,2,0.5,14,0.75,5000000,0,0,2.17811255404,2.1672727272,0.0108398268398,0.0108398268398,0.00500159795477,s1_sysrisk_samegrid,0.01
s3_sysrisk_seed19,stage3_final,sysrisk,5,2,0.5,19,0.75,5000000,0,0.6,2.73950325807,2.75032120293,-0.0108179448622,0.0108179448622,0.00393333871354,s1_sysrisk_samegrid,0.01
s3_sysrisk_seed10,stage3_final,sysrisk,5,2,0.5,10,0.75,5000000,0.625,0.4,3.03487971577,3.02408408301,0.0107956327568,0.0107956327568,0.00356988511577,s1_sysrisk_samegrid,0.01
s3_sysrisk_seed04,stage3_final,sysrisk,5,2,0.5,4,0.75,5000000,0.75,1,3.18255730538,3.19328718448,-0.0107298790978,0.0107298790978,0.00336013595956,s1_sysrisk_samegrid,0.01
s3_sysrisk_seed04,stage3_final,sysrisk,5,2,0.5,4,0.75,5000000,0.25,0.5,2.78392613537,2.79464713809,-0.0107210027221,0.0107210027221,0.0038362634681,s1_sysrisk_samegrid,0.01
s3_sysrisk_seed14,stage3_final,sysrisk,5,2,0.5,14,0.75,5000000,0.25,0.05,2.77751384266,2.76679734211,0.0107165005537,0.0107165005537,0.00387325099334,s1_sysrisk_samegrid,0.01
s3_sysrisk_seed17,stage3_final,sysrisk,5,2,0.5,17,0.75,5000000,0.125,0.5,2.73712302917,2.74780043635,-0.0106774071868,0.0106774071868,0.00388580154715,s1_sysrisk_samegrid,0.01
s3_sysrisk_seed15,stage3_final,sysrisk,5,2,0.5,15,0.75,5000000,0,0.6,2.73967167912,2.75032120293,-0.0106495238095,0.0106495238095,0.00387210184693,s1_sysrisk_samegrid,0.01
s3_sysrisk_seed01,stage3_final,sysrisk,5,2,0.5,1,0.75,5000000,0.5,0.5,2.91795325512,2.90731154896,0.0106417061587,0.0106417061587,0.0036603253485,s1_sysrisk_samegrid,0.01
s3_sysrisk_seed00,stage3_final,sysrisk,5,2,0.5,0,0.75,5000000,0.625,0.6,2.96033643963,2.97092626877,-0.0105898291472,0.0105898291472,0.00356448736493,s1_sysrisk_samegrid,0.01
s3_sysrisk_seed12,stage3_final,sysrisk,5,2,0.5,12,0.75,5000000,0.375,0.75,2.96161709713,2.97220433913,-0.0105872420006,0.0105872420006,0.00356208416131,s1_sysrisk_samegrid,0.01
s3_sysrisk_seed04,stage3_final,sysrisk,5,2,0.5,4,0.75,5000000,0.25,0.3,2.60241344651,2.59184830534,0.0105651411728,0.0105651411728,0.00407629611311,s1_sysrisk_samegrid,0.01
s3_sysrisk_seed01,stage3_final,sysrisk,5,2,0.5,1,0.75,5000000,0.375,0.05,3.0728571428,3.06231092432,0.0105462184874,0.0105462184874,0.003443875801,s1_sysrisk_samegrid,0.01
s3_sysrisk_seed17,stage3_final,sysrisk,5,2,0.5,17,0.75,5000000,0,0.5,2.69508358151,2.70561213913,-0.0105285576145,0.0105285576145,0.00389137728289,s1_sysrisk_samegrid,0.01
s3_sysrisk_seed14,stage3_final,sysrisk,5,2,0.5,14,0.75,5000000,0.875,0.6,3.11887621715,3.12939247644,-0.0105162592909,0.0105162592909,0.00336047950843,s1_sysrisk_samegrid,0.01
s3_sysrisk_seed09,stage3_final,sysrisk,5,2,0.5,9,0.75,5000000,0,0.2,2.27029573927,2.25981954879,0.0104761904762,0.0104761904762,0.00463585266433,s1_sysrisk_samegrid,0.01
s3_sysrisk_seed06,stage3_final,sysrisk,5,2,0.5,6,0.75,5000000,0.125,0.3,2.46896051834,2.47941296606,-0.0104524477205,0.0104524477205,0.00421569454689,s1_sysrisk_samegrid,0.01
s3_sysrisk_seed19,stage3_final,sysrisk,5,2,0.5,19,0.75,5000000,0.125,0.3,2.46896051834,2.47941296606,-0.0104524477205,0.0104524477205,0.00421569454689,s1_sysrisk_samegrid,0.01
s3_sysrisk_seed18,stage3_final,sysrisk,5,2,0.5,18,0.75,5000000,0.5,0.75,3.02476004754,3.01433083051,0.0104292170279,0.0104292170279,0.00345987803405,s1_sysrisk_samegrid,0.01
s3_sysrisk_seed08,stage3_final,sysrisk,5,2,0.5,8,0.75,5000000,0.625,0.1,3.47867273059,3.46825083529,0.0104218952926,0.0104218952926,0.00300494277592,s1_sysrisk_samegrid,0.01
s3_sysrisk_seed03,stage3_final,sysrisk,5,2,0.5,3,0.75,5000000,0.5,0.3,2.83494995343,2.84532654751,-0.0103765940811,0.0103765940811,0.00364689040357,s1_sysrisk_samegrid,0.01
s3_sysrisk_seed06,stage3_final,sysrisk,5,2,0.5,6,0.75,5000000,0.75,0.5,3.04798502897,3.05831972285,-0.0103346938776,0.0103346938776,0.00337920649707,s1_sysrisk_samegrid,0.01
s3_sysrisk_seed03,stage3_final,sysrisk,5,2,0.5,3,0.75,5000000,0.75,0.5,3.04798820587,3.05831972285,-0.010331516973,0.010331516973,0.00337816772256,s1_sysrisk_samegrid,0.01
s3_sysrisk_seed14,stage3_final,sysrisk,5,2,0.5,14,0.75,5000000,0,0.1,2.18479238088,2.19512240595,-0.0103300250641,0.0103300250641,0.00470589933213,s1_sysrisk_samegrid,0.01
s3_sysrisk_seed19,stage3_final,sysrisk,5,2,0.5,19,0.75,5000000,0.75,0.4,3.18297659929,3.17265481347,0.0103217858148,0.0103217858148,0.00325335922804,s1_sysrisk_samegrid,0.01
s3_sysrisk_seed03,stage3_final,sysrisk,5,2,0.5,3,0.75,5000000,0.875,0.5,3.14589771403,3.15617658867,-0.0102788746328,0.0102788746328,0.00325674889984,s1_sysrisk_samegrid,0.01
s3_sysrisk_seed04,stage3_final,sysrisk,5,2,0.5,4,0.75,5000000,0,1,2.94309149503,2.93291944096,0.0101720540687,0.0101720540687,0.00346823507208,s1_sysrisk_samegrid,0.01
s3_sysrisk_seed00,stage3_final,sysrisk,5,2,0.5,0,0.75,5000000,0,0.3,2.36401437386,2.37415664133,-0.0101422674635,0.0101422674635,0.00427194536661,s1_sysrisk_samegrid,0.01
s3_sysrisk_seed10,stage3_final,sysrisk,5,2,0.5,10,0.75,5000000,0.125,0.6,2.77231624099,2.78244124654,-0.0101250055472,0.0101250055472,0.00363889284627,s1_sysrisk_samegrid,0.01
s3_sysrisk_seed04,stage3_final,sysrisk,5,2,0.5,4,0.75,5000000,0.375,0.5,2.83719610496,2.84730941619,-0.0101133112331,0.0101133112331,0.00355188346428,s1_sysrisk_samegrid,0.01
s3_sysrisk_seed17,stage3_final,sysrisk,5,2,0.5,17,0.75,5000000,0.25,0.5,2.78455728574,2.79464713809,-0.0100898523484,0.0100898523484,0.00361042086885,s1_sysrisk_samegrid,0.01
s3_sysrisk_seed04,stage3_final,sysrisk,5,2,0.5,4,0.75,5000000,0.625,0.5,2.9666311297,2.97670491097,-0.0100737812758,0.0100737812758,0.00338420554845,s1_sysrisk_samegrid,0.01
s3_sysrisk_seed16,stage3_final,sysrisk,5,2,0.5,16,0.75,5000000,0,0,2.17732968779,2.1672727272,0.0100569605833,0.0100569605833,0.00464037610819,s1_sysrisk_samegrid,0.01
s3_sysrisk_seed13,stage3_final,sysrisk,5,2,0.5,13,0.75,5000000,0.25,0.4,2.63030657826,2.64033830543,-0.0100317271728,0.0100317271728,0.0037994097772,s1_sysrisk_samegrid,0.01
s3_sysrisk_seed16,stage3_final,sysrisk,5,2,0.5,16,0.75,5000000,0.375,0.6,2.85178306339,2.86181395082,-0.0100308874268,0.0100308874268,0.00350508020409,s1_sysrisk_samegrid,0.01
s3b_seir_5m_seed01,stage3_seir_escalation,seir,8,10,0.9,1,0.7,5000000,1,0.005,2.78022860463,2.72729675463,0.0529318500007,0.0529318500007,0.0194081740137,s1_seir_main,0.01
s3b_seir_5m_seed03,stage3_seir_escalation,seir,8,10,0.9,3,0.7,5000000,1,0.005,2.77898694431,2.72729675463,0.0516901896831,0.0516901896831,0.0189529025748,s1_seir_main,0.01
s3b_seir_5m_seed05,stage3_seir_escalation,seir,8,10,0.9,5,0.7,5000000,1,0,2.73261672197,2.78430691166,-0.0516901896831,0.0516901896831,0.0185648318677,s1_seir_main,0.01
s3b_seir_5m_seed01,stage3_seir_escalation,seir,8,10,0.9,1,0.7,5000000,0.875,0.005,2.75046692792,2.71085494477,0.0396119831461,0.0396119831461,0.0146123580764,s1_seir_main,0.01
s3b_seir_5m_seed03,stage3_seir_escalation,seir,8,10,0.9,3,0.7,5000000,0.875,0.005,2.74897752629,2.71085494477,0.0381225815183,0.0381225815183,0.01406293671,s1_seir_main,0.01
s3b_seir_5m_seed05,stage3_seir_escalation,seir,8,10,0.9,5,0.7,5000000,0.875,0,2.71625256638,2.7527165875,-0.0364640211258,0.0364640211258,0.013246558433,s1_seir_main,0.01
s3b_seir_5m_seed01,stage3_seir_escalation,seir,8,10,0.9,1,0.7,5000000,0.75,0.005,2.7274279527,2.69452157668,0.032906376022,0.032906376022,0.0122123260421,s1_seir_main,0.01
s3b_seir_5m_seed03,stage3_seir_escalation,seir,8,10,0.9,3,0.7,5000000,0.75,0.005,2.72632194225,2.69452157668,0.0318003655676,0.0318003655676,0.0118018596855,s1_seir_main,0.01
s3b_seir_5m_seed05,stage3_seir_escalation,seir,8,10,0.9,5,0.7,5000000,0.75,0,2.69963627632,2.72989371049,-0.0302574341635,0.0302574341635,0.0110837407505,s1_seir_main,0.01
s3b_seir_5m_seed01,stage3_seir_escalation,seir,8,10,0.9,1,0.7,5000000,0.625,0.005,2.70505073832,2.67770044914,0.0273502891821,0.0273502891821,0.0102140959012,s1_seir_main,0.01
s3b_seir_5m_seed03,stage3_seir_escalation,seir,8,10,0.9,3,0.7,5000000,0.625,0.005,2.70435748179,2.67770044914,0.0266570326496,0.0266570326496,0.00995519594366,s1_seir_main,0.01
s3b_seir_5m_seed05,stage3_seir_escalation,seir,8,10,0.9,5,0.7,5000000,0.625,0,2.68221739055,2.70775974778,-0.025542357222,0.025542357222,0.00943302198174,s1_seir_main,0.01
s3b_seir_5m_seed01,stage3_seir_escalation,seir,8,10,0.9,1,0.7,5000000,0.5,0.005,2.68161878537,2.65976590142,0.0218528839509,0.0218528839509,0.00821609297991,s1_seir_main,0.01
s3b_seir_5m_seed03,stage3_seir_escalation,seir,8,10,0.9,3,0.7,5000000,0.5,0.005,2.68126498,2.65976590142,0.0214990785795,0.0214990785795,0.00808307173501,s1_seir_main,0.01
s3b_seir_5m_seed05,stage3_seir_escalation,seir,8,10,0.9,5,0.7,5000000,0.5,0,2.66345401835,2.68426128954,-0.0208072711821,0.0208072711821,0.00775158188333,s1_seir_main,0.01
s3b_seir_5m_seed01,stage3_seir_escalation,seir,8,10,0.9,1,0.7,5000000,0.375,0.005,2.65614096435,2.63997908927,0.0161618750837,0.0161618750837,0.00612197087069,s1_seir_main,0.01
s3b_seir_5m_seed03,stage3_seir_escalation,seir,8,10,0.9,3,0.7,5000000,0.375,0.005,2.65603079878,2.63997908927,0.0160517095157,0.0160517095157,0.00608024115834,s1_seir_main,0.01
s3b_seir_5m_seed05,stage3_seir_escalation,seir,8,10,0.9,5,0.7,5000000,0.375,0,2.64270689102,2.65839097923,-0.015684088209,0.015684088209,0.00589984254819,s1_seir_main,0.01
s3b_seir_5m_seed01,stage3_seir_escalation,seir,8,10,0.9,1,0.7,5000000,1,0.1,2.69097635566,2.67931942801,0.0116569276515,0.0116569276515,0.00435070470868,s1_seir_main,0.01
s3b_seir_5m_seed07,stage3_seir_escalation,seir,8,10,0.9,7,0.7,5000000,1,0.1,2.69097635566,2.67931942801,0.0116569276515,0.0116569276515,0.00435070470868,s1_seir_main,0.01
s3b_seir_5m_seed01,stage3_seir_escalation,seir,8,10,0.9,1,0.7,5000000,0.875,0.1,2.68059104621,2.66993917595,0.0106518702614,0.0106518702614,0.00398955540161,s1_seir_main,0.01
s3b_seir_5m_seed07,stage3_seir_escalation,seir,8,10,0.9,7,0.7,5000000,0.875,0.1,2.68059104621,2.66993917595,0.0106518702614,0.0106518702614,0.00398955540161,s1_seir_main,0.01
s3b_seir_5m_seed03,stage3_seir_escalation,seir,8,10,0.9,3,0.7,5000000,0.25,0.005,2.62770595685,2.61732383028,0.0103821265708,0.0103821265708,0.00396669546607,s1_seir_main,0.01
s3b_seir_5m_seed01,stage3_seir_escalation,seir,8,10,0.9,1,0.7,5000000,0.25,0.005,2.62767342196,2.61732383028,0.0103495916794,0.0103495916794,0.00395426487151,s1_seir_main,0.01
s3b_seir_5m_seed05,stage3_seir_escalation,seir,8,10,0.9,5,0.7,5000000,0.25,0,2.61905673815,2.62928223736,-0.0102254992142,0.0102254992142,0.00388908389861,s1_seir_main,0.01
s5_sampled_sysrisk_n5_a3_seed00,stage5_grid_sensitivity,sysrisk,5,3,0.5,0,0.75,10000000,1,0,5.34095238089,4.39619047615,0.944761904745,0.944761904745,0.214904679374,s5_ideal_sysrisk_n5_a3,0.01
s5_sampled_sysrisk_n5_a3_seed04,stage5_grid_sensitivity,sysrisk,5,3,0.5,4,0.75,10000000,1,0,5.33333333328,4.39619047615,0.937142857126,0.937142857126,0.213171577121,s5_ideal_sysrisk_n5_a3,0.01
s5_sampled_sysrisk_n5_a3_seed01,stage5_grid_sensitivity,sysrisk,5,3,0.5,1,0.75,10000000,1,0,5.28761904756,4.39619047615,0.891428571412,0.891428571412,0.202772963603,s5_ideal_sysrisk_n5_a3,0.01
s5_sampled_sysrisk_n5_a3_seed00,stage5_grid_sensitivity,sysrisk,5,3,0.5,0,0.75,10000000,0.75,0,4.55428214277,3.82295338344,0.731328759321,0.731328759321,0.19129941853,s5_ideal_sysrisk_n5_a3,0.01
s5_sampled_sysrisk_n5_a3_seed04,stage5_grid_sensitivity,sysrisk,5,3,0.5,4,0.75,10000000,0.75,0,4.54623809515,3.82295338344,0.723284711702,0.723284711702,0.189195273694,s5_ideal_sysrisk_n5_a3,0.01
s5_sampled_sysrisk_n5_a3_seed03,stage5_grid_sensitivity,sysrisk,5,3,0.5,3,0.75,10000000,1,0,5.10476190471,4.39619047615,0.708571428558,0.708571428558,0.161178509531,s5_ideal_sysrisk_n5_a3,0.01
s5_sampled_sysrisk_n5_a3_seed01,stage5_grid_sensitivity,sysrisk,5,3,0.5,1,0.75,10000000,0.75,0,4.50015674594,3.82295338344,0.677203362495,0.677203362495,0.17714141256,s5_ideal_sysrisk_n5_a3,0.01
s5_sampled_sysrisk_n5_a3_seed03,stage5_grid_sensitivity,sysrisk,5,3,0.5,3,0.75,10000000,0.75,0,4.3768383543,3.82295338344,0.553884970853,0.553884970853,0.144884050444,s5_ideal_sysrisk_n5_a3,0.01
s5_sampled_sysrisk_n5_a3_seed02,stage5_grid_sensitivity,sysrisk,5,3,0.5,2,0.75,10000000,1,0,4.92761904757,4.39619047615,0.531428571421,0.531428571421,0.120883882148,s5_ideal_sysrisk_n5_a3,0.01
s5_sampled_sysrisk_n5_a3_seed00,stage5_grid_sensitivity,sysrisk,5,3,0.5,0,0.75,10000000,0.5,0,3.76617619041,3.25697436149,0.509201828919,0.509201828919,0.15634198259,s5_ideal_sysrisk_n5_a3,0.01
s5_sampled_sysrisk_n5_a3_seed04,stage5_grid_sensitivity,sysrisk,5,3,0.5,4,0.75,10000000,0.5,0,3.75914285708,3.25697436149,0.502168495586,0.502168495586,0.154182514153,s5_ideal_sysrisk_n5_a3,0.01
s5_sampled_sysrisk_n5_a3_seed01,stage5_grid_sensitivity,sysrisk,5,3,0.5,1,0.75,10000000,0.5,0,3.71856547612,3.25697436149,0.461591114634,0.461591114634,0.141723901819,s5_ideal_sysrisk_n5_a3,0.01
s5_sampled_sysrisk_n5_a3_seed02,stage5_grid_sensitivity,sysrisk,5,3,0.5,2,0.75,10000000,0.75,0,4.24092102198,3.82295338344,0.417967638537,0.417967638537,0.109331084273,s5_ideal_sysrisk_n5_a3,0.01
s5_sampled_sysrisk_n5_a3_seed03,stage5_grid_sensitivity,sysrisk,5,3,0.5,3,0.75,10000000,0.5,0,3.63613710995,3.25697436149,0.37916274846,0.37916274846,0.116415638067,s5_ideal_sysrisk_n5_a3,0.01
s5_sampled_sysrisk_n5_a3_seed02,stage5_grid_sensitivity,sysrisk,5,3,0.5,2,0.75,10000000,0.5,0,3.55225850334,3.25697436149,0.295284141846,0.295284141846,0.0906621020225,s5_ideal_sysrisk_n5_a3,0.01
s5_sampled_sysrisk_n5_a3_seed00,stage5_grid_sensitivity,sysrisk,5,3,0.5,0,0.75,10000000,0.25,0,2.97663452373,2.69932591354,0.277308610181,0.277308610181,0.102732541035,s5_ideal_sysrisk_n5_a3,0.01
s5_sampled_sysrisk_n5_a3_seed04,stage5_grid_sensitivity,sysrisk,5,3,0.5,4,0.75,10000000,0.25,0,2.97204761896,2.69932591354,0.272721705419,0.272721705419,0.101033263175,s5_ideal_sysrisk_n5_a3,0.01
s5_sampled_sysrisk_n5_a3_seed01,stage5_grid_sensitivity,sysrisk,5,3,0.5,1,0.75,10000000,0.25,0,2.94577465978,2.69932591354,0.246448746235,0.246448746235,0.0913001075559,s5_ideal_sysrisk_n5_a3,0.01
s5_sampled_sysrisk_n5_a3_seed03,stage5_grid_sensitivity,sysrisk,5,3,0.5,3,0.75,10000000,0.25,0,2.89668392722,2.69932591354,0.197358013673,0.197358013673,0.0731138143353,s5_ideal_sysrisk_n5_a3,0.01
s5_sampled_sysrisk_n5_a3_seed02,stage5_grid_sensitivity,sysrisk,5,3,0.5,2,0.75,10000000,0.25,0,2.8617685492,2.69932591354,0.162442635652,0.162442635652,0.0601789635097,s5_ideal_sysrisk_n5_a3,0.01
s5_sampled_sysrisk_n5_a3_seed01,stage5_grid_sensitivity,sysrisk,5,3,0.5,1,0.75,10000000,1,1,3.13523809522,3.26666666664,-0.131428571426,0.131428571426,0.0402332361513,s5_ideal_sysrisk_n5_a3,0.01
s5_sampled_sysrisk_n5_a3_seed01,stage5_grid_sensitivity,sysrisk,5,3,0.5,1,0.75,10000000,0.75,1,3.03772222802,3.13082764965,-0.0931054216311,0.0931054216311,0.0297382775579,s5_ideal_sysrisk_n5_a3,0.01
s5_sampled_sysrisk_n5_a3_seed04,stage5_grid_sensitivity,sysrisk,5,3,0.5,4,0.75,10000000,1,1,3.17714285712,3.26666666664,-0.0895238095223,0.0895238095223,0.0274052478132,s5_ideal_sysrisk_n5_a3,0.01
s5_sampled_sysrisk_n5_a3_seed04,stage5_grid_sensitivity,sysrisk,5,3,0.5,4,0.75,10000000,0.75,0.6,3.00913554784,3.08798072098,-0.0788451731439,0.0788451731439,0.0255329227311,s5_ideal_sysrisk_n5_a3,0.01
s5_sampled_sysrisk_n5_a3_seed04,stage5_grid_sensitivity,sysrisk,5,3,0.5,4,0.75,10000000,0.5,0.6,2.91988237541,2.99856748746,-0.0786851120529,0.0786851120529,0.0262409008242,s5_ideal_sysrisk_n5_a3,0.01
s5_sampled_sysrisk_n5_a3_seed02,stage5_grid_sensitivity,sysrisk,5,3,0.5,2,0.75,10000000,0.5,0.6,2.92268180206,2.99856748746,-0.0758856853975,0.0758856853975,0.0253073128135,s5_ideal_sysrisk_n5_a3,0.01
s5_sampled_sysrisk_n5_a3_seed03,stage5_grid_sensitivity,sysrisk,5,3,0.5,3,0.75,10000000,0,1,3.005962524,2.93260873232,0.0733537916817,0.0733537916817,0.025013153263,s5_ideal_sysrisk_n5_a3,0.01
s5_sampled_sysrisk_n5_a3_seed02,stage5_grid_sensitivity,sysrisk,5,3,0.5,2,0.75,10000000,0.75,0.6,3.01891394635,3.08798072098,-0.0690667746295,0.0690667746295,0.0223663231316,s5_ideal_sysrisk_n5_a3,0.01
s5_sampled_sysrisk_n5_a3_seed03,stage5_grid_sensitivity,sysrisk,5,3,0.5,3,0.75,10000000,0.25,1,3.04818846428,2.98039301277,0.0677954515092,0.0677954515092,0.0227471515396,s5_ideal_sysrisk_n5_a3,0.01
s5_sampled_sysrisk_n5_a3_seed02,stage5_grid_sensitivity,sysrisk,5,3,0.5,2,0.75,10000000,0.25,0.6,2.86534787362,2.9329219296,-0.0675740559886,0.0675740559886,0.0230398413632,s5_ideal_sysrisk_n5_a3,0.01
s5_sampled_sysrisk_n5_a3_seed04,stage5_grid_sensitivity,sysrisk,5,3,0.5,4,0.75,10000000,0.25,0.6,2.86917823646,2.9329219296,-0.0637436931479,0.0637436931479,0.0217338526827,s5_ideal_sysrisk_n5_a3,0.01
s5_sampled_sysrisk_n5_a3_seed04,stage5_grid_sensitivity,sysrisk,5,3,0.5,4,0.75,10000000,0,1,2.99277222262,2.93260873232,0.060163490305,0.060163490305,0.0205153485503,s5_ideal_sysrisk_n5_a3,0.01
s5_sampled_sysrisk_n5_a3_seed03,stage5_grid_sensitivity,sysrisk,5,3,0.5,3,0.75,10000000,0.5,0.6,2.94173904249,2.99856748746,-0.0568284449652,0.0568284449652,0.018951864583,s5_ideal_sysrisk_n5_a3,0.01
s5_sampled_sysrisk_n5_a3_seed01,stage5_grid_sensitivity,sysrisk,5,3,0.5,1,0.75,10000000,0.5,1,2.98731841597,3.04251886639,-0.0552004504136,0.0552004504136,0.0181430100643,s5_ideal_sysrisk_n5_a3,0.01
s5_sampled_sysrisk_n5_a3_seed03,stage5_grid_sensitivity,sysrisk,5,3,0.5,3,0.75,10000000,0.5,1,3.09637470831,3.04251886639,0.0538558419199,0.0538558419199,0.0177010708183,s5_ideal_sysrisk_n5_a3,0.01
s5_sampled_sysrisk_n5_a3_seed04,stage5_grid_sensitivity,sysrisk,5,3,0.5,4,0.75,10000000,1,0.6,3.1676190476,3.22095238093,-0.0533333333324,0.0533333333324,0.0165582495563,s5_ideal_sysrisk_n5_a3,0.01
s5_sampled_sysrisk_n5_a3_seed03,stage5_grid_sensitivity,sysrisk,5,3,0.5,3,0.75,10000000,0.75,0.6,3.03746304832,3.08798072098,-0.0505176726621,0.0505176726621,0.0163594520907,s5_ideal_sysrisk_n5_a3,0.01
s5_sampled_sysrisk_n5_a3_seed00,stage5_grid_sensitivity,sysrisk,5,3,0.5,0,0.75,10000000,0,1,2.98300060674,2.93260873232,0.0503918744237,0.0503918744237,0.0171832927688,s5_ideal_sysrisk_n5_a3,0.01
s5_sampled_sysrisk_n5_a3_seed03,stage5_grid_sensitivity,sysrisk,5,3,0.5,3,0.75,10000000,0.25,0.6,2.88377697774,2.9329219296,-0.0491449518623,0.0491449518623,0.016756310956,s5_ideal_sysrisk_n5_a3,0.01
s5_sampled_sysrisk_n5_a3_seed02,stage5_grid_sensitivity,sysrisk,5,3,0.5,2,0.75,10000000,0,0.6,2.83160013974,2.88021949603,-0.0486193562841,0.0486193562841,0.0168804344083,s5_ideal_sysrisk_n5_a3,0.01
s5_sampled_sysrisk_n5_a3_seed02,stage5_grid_sensitivity,sysrisk,5,3,0.5,2,0.75,10000000,0,1,2.97802005668,2.93260873232,0.0454113243643,0.0454113243643,0.0154849584481,s5_ideal_sysrisk_n5_a3,0.01
s5_sampled_sysrisk_n5_a3_seed01,stage5_grid_sensitivity,sysrisk,5,3,0.5,1,0.75,10000000,1,0.3,3.74857142854,3.70476190473,0.0438095238091,0.0438095238091,0.011825192802,s5_ideal_sysrisk_n5_a3,0.01
s5_sampled_sysrisk_n5_a3_seed03,stage5_grid_sensitivity,sysrisk,5,3,0.5,3,0.75,10000000,1,0.3,3.74857142854,3.70476190473,0.0438095238091,0.0438095238091,0.011825192802,s5_ideal_sysrisk_n5_a3,0.01
s5_sampled_sysrisk_n5_a3_seed02,stage5_grid_sensitivity,sysrisk,5,3,0.5,2,0.75,10000000,1,1,3.22285714283,3.26666666664,-0.0438095238089,0.0438095238089,0.0134110787171,s5_ideal_sysrisk_n5_a3,0.01
s5_sampled_sysrisk_n5_a3_seed04,stage5_grid_sensitivity,sysrisk,5,3,0.5,4,0.75,10000000,0,0.6,2.83956802525,2.88021949603,-0.0406514707808,0.0406514707808,0.0141140183368,s5_ideal_sysrisk_n5_a3,0.01
s5_sampled_sysrisk_n5_a3_seed03,stage5_grid_sensitivity,sysrisk,5,3,0.5,3,0.75,10000000,0.75,0.3,3.36318907881,3.32374823102,0.0394408477897,0.0394408477897,0.0118663764667,s5_ideal_sysrisk_n5_a3,0.01
s5_sampled_sysrisk_n5_a3_seed02,stage5_grid_sensitivity,sysrisk,5,3,0.5,2,0.75,10000000,1,0.6,3.18190476188,3.22095238093,-0.0390476190467,0.0390476190467,0.0121230041394,s5_ideal_sysrisk_n5_a3,0.01
s5_sampled_sysrisk_n5_a3_seed01,stage5_grid_sensitivity,sysrisk,5,3,0.5,1,0.75,10000000,0.75,0.3,3.36205939079,3.32374823102,0.0383111597632,0.0383111597632,0.0115264927125,s5_ideal_sysrisk_n5_a3,0.01
s5_sampled_sysrisk_n5_a3_seed04,stage5_grid_sensitivity,sysrisk,5,3,0.5,4,0.75,10000000,0.75,1,3.09266395801,3.13082764965,-0.0381636916382,0.0381636916382,0.0121896494821,s5_ideal_sysrisk_n5_a3,0.01
s5_sampled_sysrisk_n5_a3_seed01,stage5_grid_sensitivity,sysrisk,5,3,0.5,1,0.75,10000000,0,0,2.1866666666,2.15043461278,0.0362320538136,0.0362320538136,0.0168487121618,s5_ideal_sysrisk_n5_a3,0.01
s5_sampled_sysrisk_n5_a3_seed04,stage5_grid_sensitivity,sysrisk,5,3,0.5,4,0.75,10000000,0.25,1,3.01594304969,2.98039301277,0.0355500369197,0.0355500369197,0.0119279694884,s5_ideal_sysrisk_n5_a3,0.01
s5_sampled_sysrisk_n5_a3_seed00,stage5_grid_sensitivity,sysrisk,5,3,0.5,0,0.75,10000000,0,0,2.18565714279,2.15043461278,0.0352225300041,0.0352225300041,0.0163792611013,s5_ideal_sysrisk_n5_a3,0.01
s5_sampled_sysrisk_n5_a3_seed04,stage5_grid_sensitivity,sysrisk,5,3,0.5,4,0.75,10000000,0,0,2.18495238088,2.15043461278,0.0345177680993,0.0345177680993,0.0160515311157,s5_ideal_sysrisk_n5_a3,0.01
s5_sampled_sysrisk_n5_a3_seed00,stage5_grid_sensitivity,sysrisk,5,3,0.5,0,0.75,10000000,1,1,3.23238095236,3.26666666664,-0.0342857142852,0.0342857142852,0.0104956268221,s5_ideal_sysrisk_n5_a3,0.01
s5_sampled_sysrisk_n5_a3_seed03,stage5_grid_sensitivity,sysrisk,5,3,0.5,3,0.75,10000000,0,0.6,2.84704498079,2.88021949603,-0.0331745152341,0.0331745152341,0.0115180510651,s5_ideal_sysrisk_n5_a3,0.01
s5_sampled_sysrisk_n5_a3_seed00,stage5_grid_sensitivity,sysrisk,5,3,0.5,0,0.75,10000000,0,0.6,2.8478996144,2.88021949603,-0.0323198816217,0.0323198816217,0.0112213258977,s5_ideal_sysrisk_n5_a3,0.01
s5_sampled_sysrisk_n5_a3_seed03,stage5_grid_sensitivity,sysrisk,5,3,0.5,3,0.75,10000000,0.5,0.3,2.97738316056,2.94602094698,0.0313622135776,0.0313622135776,0.0106456179851,s5_ideal_sysrisk_n5_a3,0.01
s5_sampled_sysrisk_n5_a3_seed00,stage5_grid_sensitivity,sysrisk,5,3,0.5,0,0.75,10000000,1,0.3,3.73523809521,3.70476190473,0.0304761904757,0.0304761904757,0.00822622107964,s5_ideal_sysrisk_n5_a3,0.01
s5_sampled_sysrisk_n5_a3_seed01,stage5_grid_sensitivity,sysrisk,5,3,0.5,1,0.75,10000000,0.5,0.3,2.97645607074,2.94602094698,0.030435123757,0.030435123757,0.0103309257825,s5_ideal_sysrisk_n5_a3,0.01
s5_sampled_sysrisk_n5_a3_seed00,stage5_grid_sensitivity,sysrisk,5,3,0.5,0,0.75,10000000,0.25,0.6,2.90269938993,2.9329219296,-0.0302225396745,0.0302225396745,0.0103045837564,s5_ideal_sysrisk_n5_a3,0.01
s5_sampled_sysrisk_n5_a3_seed02,stage5_grid_sensitivity,sysrisk,5,3,0.5,2,0.75,10000000,0.25,1,3.01030472577,2.98039301277,0.0299117130006,0.0299117130006,0.0100361639798,s5_ideal_sysrisk_n5_a3,0.01
s5_sampled_sysrisk_n5_a3_seed02,stage5_grid_sensitivity,sysrisk,5,3,0.5,2,0.75,10000000,0.75,0.3,3.35241896319,3.32374823102,0.0286707321636,0.0286707321636,0.00862602404598,s5_ideal_sysrisk_n5_a3,0.01
s5_sampled_sysrisk_n5_a3_seed02,stage5_grid_sensitivity,sysrisk,5,3,0.5,2,0.75,10000000,1,0.3,3.7333333333,3.70476190473,0.0285714285712,0.0285714285712,0.00771208226222,s5_ideal_sysrisk_n5_a3,0.01
s5_sampled_sysrisk_n5_a3_seed03,stage5_grid_sensitivity,sysrisk,5,3,0.5,3,0.75,10000000,1,1,3.23809523807,3.26666666664,-0.0285714285708,0.0285714285708,0.00874635568499,s5_ideal_sysrisk_n5_a3,0.01
s5_sampled_sysrisk_n5_a3_seed00,stage5_grid_sensitivity,sysrisk,5,3,0.5,0,0.75,10000000,0.5,0.6,2.97054315974,2.99856748746,-0.0280243277205,0.0280243277205,0.00934590528234,s5_ideal_sysrisk_n5_a3,0.01
s5_sampled_sysrisk_n5_a3_seed01,stage5_grid_sensitivity,sysrisk,5,3,0.5,1,0.75,10000000,0,1,2.96000715369,2.93260873232,0.0273984213735,0.0273984213735,0.00934267878003,s5_ideal_sysrisk_n5_a3,0.01
s5_sampled_sysrisk_n5_a3_seed03,stage5_grid_sensitivity,sysrisk,5,3,0.5,3,0.75,10000000,0.75,1,3.15705299699,3.13082764965,0.0262253473414,0.0262253473414,0.00837649026906,s5_ideal_sysrisk_n5_a3,0.01
s5_sampled_sysrisk_n5_a3_seed00,stage5_grid_sensitivity,sysrisk,5,3,0.5,0,0.75,10000000,0.25,1,3.00616274673,2.98039301277,0.0257697339552,0.0257697339552,0.00864642140977,s5_ideal_sysrisk_n5_a3,0.01
s5_sampled_sysrisk_n5_a3_seed00,stage5_grid_sensitivity,sysrisk,5,3,0.5,0,0.75,10000000,0.75,0.6,3.06250971947,3.08798072098,-0.025471001512,0.025471001512,0.0082484328153,s5_ideal_sysrisk_n5_a3,0.01
s5_sampled_sysrisk_n5_a3_seed02,stage5_grid_sensitivity,sysrisk,5,3,0.5,2,0.75,10000000,0.5,0.3,2.97067610358,2.94602094698,0.0246551565977,0.0246551565977,0.00836896853128,s5_ideal_sysrisk_n5_a3,0.01
s5_sampled_sysrisk_n5_a3_seed01,stage5_grid_sensitivity,sysrisk,5,3,0.5,1,0.75,10000000,0,0.6,2.85655496073,2.88021949603,-0.0236645352993,0.0236645352993,0.00821622634385,s5_ideal_sysrisk_n5_a3,0.01
s5_sampled_sysrisk_n5_a3_seed01,stage5_grid_sensitivity,sysrisk,5,3,0.5,1,0.75,10000000,1,0.6,3.24190476188,3.22095238093,0.0209523809523,0.0209523809523,0.0065050266115,s5_ideal_sysrisk_n5_a3,0.01
s5_sampled_sysrisk_n5_a3_seed03,stage5_grid_sensitivity,sysrisk,5,3,0.5,3,0.75,10000000,1,0.6,3.19999999998,3.22095238093,-0.0209523809518,0.0209523809518,0.00650502661133,s5_ideal_sysrisk_n5_a3,0.01
s5_sampled_sysrisk_n5_a3_seed00,stage5_grid_sensitivity,sysrisk,5,3,0.5,0,0.75,10000000,1,0.6,3.19999999998,3.22095238093,-0.0209523809517,0.0209523809517,0.0065050266113,s5_ideal_sysrisk_n5_a3,0.01
s5_sampled_sysrisk_n5_a3_seed03,stage5_grid_sensitivity,sysrisk,5,3,0.5,3,0.75,10000000,0,0,2.17107769417,2.15043461278,0.0206430813825,0.0206430813825,0.00959949270712,s5_ideal_sysrisk_n5_a3,0.01
s5_sampled_sysrisk_n5_a3_seed01,stage5_grid_sensitivity,sysrisk,5,3,0.5,1,0.75,10000000,0.25,0.3,2.59253739661,2.57236716725,0.0201702293599,0.0201702293599,0.00784111600267,s5_ideal_sysrisk_n5_a3,0.01
s5_sampled_sysrisk_n5_a3_seed03,stage5_grid_sensitivity,sysrisk,5,3,0.5,3,0.75,10000000,0.25,0.3,2.59232119045,2.57236716725,0.0199540231997,0.0199540231997,0.00775706650815,s5_ideal_sysrisk_n5_a3,0.01
s5_sampled_sysrisk_n5_a3_seed02,stage5_grid_sensitivity,sysrisk,5,3,0.5,2,0.75,10000000,0,0,2.16957575751,2.15043461278,0.0191411447228,0.0191411447228,0.00890105870183,s5_ideal_sysrisk_n5_a3,0.01
s5_sampled_sysrisk_n5_a3_seed01,stage5_grid_sensitivity,sysrisk,5,3,0.5,1,0.75,10000000,0.25,0.6,2.91438103551,2.9329219296,-0.0185408940946,0.0185408940946,0.00632164596933,s5_ideal_sysrisk_n5_a3,0.01
s5_sampled_sysrisk_n5_a3_seed02,stage5_grid_sensitivity,sysrisk,5,3,0.5,2,0.75,10000000,0.25,0.3,2.58958075126,2.57236716725,0.0172135840152,0.0172135840152,0.00669172901688,s5_ideal_sysrisk_n5_a3,0.01
s5_sampled_sysrisk_n5_a3_seed00,stage5_grid_sensitivity,sysrisk,5,3,0.5,0,0.75,10000000,0.75,0.3,3.34073737054,3.32374823102,0.0169891395155,0.0169891395155,0.00511143995712,s5_ideal_sysrisk_n5_a3,0.01
s5_sampled_sysrisk_n5_a3_seed00,stage5_grid_sensitivity,sysrisk,5,3,0.5,0,0.75,10000000,0.75,1,3.11415715621,3.13082764965,-0.0166704934399,0.0166704934399,0.00532462827898,s5_ideal_sysrisk_n5_a3,0.01
s5_sampled_sysrisk_n5_a3_seed01,stage5_grid_sensitivity,sysrisk,5,3,0.5,1,0.75,10000000,0.25,1,2.965037048,2.98039301277,-0.015355964776,0.015355964776,0.00515232880703,s5_ideal_sysrisk_n5_a3,0.01
s5_sampled_sysrisk_n5_a3_seed04,stage5_grid_sensitivity,sysrisk,5,3,0.5,4,0.75,10000000,1,0.3,3.71809523806,3.70476190473,0.0133333333333,0.0133333333333,0.0035989717224,s5_ideal_sysrisk_n5_a3,0.01
s5_sampled_sysrisk_n5_a3_seed02,stage5_grid_sensitivity,sysrisk,5,3,0.5,2,0.75,10000000,0.5,1,3.05482063972,3.04251886639,0.0123017733316,0.0123017733316,0.00404328580096,s5_ideal_sysrisk_n5_a3,0.01
s5_sampled_sysrisk_n5_a3_seed01,stage5_grid_sensitivity,sysrisk,5,3,0.5,1,0.75,10000000,0.5,0.6,2.98730948526,2.99856748746,-0.011258002203,0.011258002203,0.00375446017144,s5_ideal_sysrisk_n5_a3,0.01
s5_sampled_sysrisk_n5_a3_seed04,stage5_grid_sensitivity,sysrisk,5,3,0.5,4,0.75,10000000,0.75,0.3,3.33408156436,3.32374823102,0.0103333333333,0.0103333333333,0.00310893985197,s5_ideal_sysrisk_n5_a3,0.01
