run_id,stage,example,n_disc,a_disc,discount,seed,M,reference_run_id,uniform_disagreement,occupancy_disagreement,margin_min,margin_median,margin_mean,margin_occ_mean,margin_share_lt_1e_4,margin_share_lt_1e_3,margin_share_lt_1e_2
s3_seir_seed00,stage3_final,seir,8,10,0.9,0,0,s1_seir_main,0.206060606061,0.209235234385,0,0.010625,0.0219126833686,0.00832636832139,0.278787878788,0.284848484848,0.327272727273
s3_seir_seed00,stage3_final,seir,8,10,0.9,0,0.005,s1_seir_main,0.236363636364,0.207367082324,0,0.010625,0.021918677801,0.00828964023841,0.272727272727,0.272727272727,0.333333333333
s3_seir_seed00,stage3_final,seir,8,10,0.9,0,0.01,s1_seir_main,0.242424242424,0.233553307785,0,0.010625,0.0220591198984,0.00844417986262,0.272727272727,0.278787878788,0.327272727273
s3_seir_seed00,stage3_final,seir,8,10,0.9,0,0.02,s1_seir_main,0.224242424242,0.584666181803,0,0.010625,0.0224202629351,0.00858966802621,0.272727272727,0.284848484848,0.30303030303
s3_seir_seed00,stage3_final,seir,8,10,0.9,0,0.03,s1_seir_main,0.218181818182,0.571172186727,0,0.010625,0.0225801558806,0.008632351638,0.272727272727,0.278787878788,0.315151515152
s3_seir_seed00,stage3_final,seir,8,10,0.9,0,0.04,s1_seir_main,0.236363636364,0.588304447252,0,0.0155097333848,0.0225585392607,0.00867807590942,0.272727272727,0.272727272727,0.321212121212
s3_seir_seed00,stage3_final,seir,8,10,0.9,0,0.05,s1_seir_main,0.236363636364,0.621927175818,0,0.01470825625,0.0225505614027,0.00872670524849,0.272727272727,0.278787878788,0.30303030303
s3_seir_seed00,stage3_final,seir,8,10,0.9,0,0.06,s1_seir_main,0.218181818182,0.196080730777,0,0.010625,0.022584922461,0.00864726555798,0.272727272727,0.272727272727,0.284848484848
s3_seir_seed00,stage3_final,seir,8,10,0.9,0,0.08,s1_seir_main,0.266666666667,0.267723867085,0,0.010625,0.0223353242833,0.00895337764733,0.272727272727,0.272727272727,0.309090909091
s3_seir_seed00,stage3_final,seir,8,10,0.9,0,0.1,s1_seir_main,0.242424242424,0.59742461097,0,0.010625,0.0227009035947,0.00925399682983,0.272727272727,0.272727272727,0.29696969697
s3_seir_seed00,stage3_final,seir,8,10,0.9,0,0.15,s1_seir_main,0.218181818182,0.581805696545,0,0.010625,0.0229016530196,0.0096341632252,0.272727272727,0.272727272727,0.290909090909
s3_seir_seed00,stage3_final,seir,8,10,0.9,0,0.2,s1_seir_main,0.218181818182,0.508087886231,0,0.0172631318681,0.0221115231328,0.00981034300764,0.272727272727,0.272727272727,0.272727272727
s3_seir_seed00,stage3_final,seir,8,10,0.9,0,0.3,s1_seir_main,0.236363636364,0.555299199455,0,0.0194921875,0.0213510814394,0.0100486128531,0.272727272727,0.272727272727,0.278787878788
s3_seir_seed00,stage3_final,seir,8,10,0.9,0,0.5,s1_seir_main,0.236363636364,0.564561181273,0,0.0194921875,0.0213321109848,0.0100663293304,0.272727272727,0.272727272727,0.278787878788
s3_seir_seed00,stage3_final,seir,8,10,0.9,0,0.75,s1_seir_main,0.212121212121,0.388420156451,0,0.0194921875,0.0213321109848,0.0100663293304,0.272727272727,0.272727272727,0.278787878788
s3_seir_seed00,stage3_final,seir,8,10,0.9,0,1,s1_seir_main,0.236363636364,0.279866122343,0,0.0194921875,0.0213321109848,0.0100663293304,0.272727272727,0.272727272727,0.278787878788
s3_seir_seed01,stage3_final,seir,8,10,0.9,1,0,s1_seir_main,0.230303030303,0.198041300864,0,0.010625,0.0219126833686,0.00832636832139,0.278787878788,0.284848484848,0.327272727273
s3_seir_seed01,stage3_final,seir,8,10,0.9,1,0.005,s1_seir_main,0.236363636364,0.227747302877,0,0.010625,0.021918677801,0.00828964023841,0.272727272727,0.272727272727,0.333333333333
s3_seir_seed01,stage3_final,seir,8,10,0.9,1,0.01,s1_seir_main,0.254545454545,0.649866423636,0,0.010625,0.0220591198984,0.00844417986262,0.272727272727,0.278787878788,0.327272727273
s3_seir_seed01,stage3_final,seir,8,10,0.9,1,0.02,s1_seir_main,0.224242424242,0.595860611515,0,0.010625,0.0224202629351,0.00858966802621,0.272727272727,0.284848484848,0.30303030303
s3_seir_seed01,stage3_final,seir,8,10,0.9,1,0.03,s1_seir_main,0.254545454545,0.234209343504,0,0.010625,0.0225801558806,0.008632351638,0.272727272727,0.278787878788,0.315151515152
s3_seir_seed01,stage3_final,seir,8,10,0.9,1,0.04,s1_seir_main,0.218181818182,0.242812603504,0,0.0155097333848,0.0225585392607,0.00867807590942,0.272727272727,0.272727272727,0.321212121212
s3_seir_seed01,stage3_final,seir,8,10,0.9,1,0.05,s1_seir_main,0.218181818182,0.227916313063,0,0.01470825625,0.0225505614027,0.00872670524849,0.272727272727,0.278787878788,0.30303030303
s3_seir_seed01,stage3_final,seir,8,10,0.9,1,0.06,s1_seir_main,0.248484848485,0.617988059862,0,0.010625,0.022584922461,0.00864726555798,0.272727272727,0.272727272727,0.284848484848
s3_seir_seed01,stage3_final,seir,8,10,0.9,1,0.08,s1_seir_main,0.236363636364,0.613193942418,0,0.010625,0.0223353242833,0.00895337764733,0.272727272727,0.272727272727,0.309090909091
s3_seir_seed01,stage3_final,seir,8,10,0.9,1,0.1,s1_seir_main,0.248484848485,0.274519485761,0,0.010625,0.0227009035947,0.00925399682983,0.272727272727,0.272727272727,0.29696969697
s3_seir_seed01,stage3_final,seir,8,10,0.9,1,0.15,s1_seir_main,0.236363636364,0.567462060182,0,0.010625,0.0229016530196,0.0096341632252,0.272727272727,0.272727272727,0.290909090909
s3_seir_seed01,stage3_final,seir,8,10,0.9,1,0.2,s1_seir_main,0.2,0.103094834987,0,0.0172631318681,0.0221115231328,0.00981034300764,0.272727272727,0.272727272727,0.272727272727
s3_seir_seed01,stage3_final,seir,8,10,0.9,1,0.3,s1_seir_main,0.224242424242,0.564679423697,0,0.0194921875,0.0213510814394,0.0100486128531,0.272727272727,0.272727272727,0.278787878788
s3_seir_seed01,stage3_final,seir,8,10,0.9,1,0.5,s1_seir_main,0.248484848485,0.440012975212,0,0.0194921875,0.0213321109848,0.0100663293304,0.272727272727,0.272727272727,0.278787878788
s3_seir_seed01,stage3_final,seir,8,10,0.9,1,0.75,s1_seir_main,0.230303030303,0.401400344358,0,0.0194921875,0.0213321109848,0.0100663293304,0.272727272727,0.272727272727,0.278787878788
s3_seir_seed01,stage3_final,seir,8,10,0.9,1,1,s1_seir_main,0.230303030303,0.543227847939,0,0.0194921875,0.0213321109848,0.0100663293304,0.272727272727,0.272727272727,0.278787878788
s3_seir_seed02,stage3_final,seir,8,10,0.9,2,0,s1_seir_main,0.236363636364,0.172741945833,0,0.010625,0.0219126833686,0.00832636832139,0.278787878788,0.284848484848,0.327272727273
s3_seir_seed02,stage3_final,seir,8,10,0.9,2,0.005,s1_seir_main,0.260606060606,0.664812375152,0,0.010625,0.021918677801,0.00828964023841,0.272727272727,0.272727272727,0.333333333333
s3_seir_seed02,stage3_final,seir,8,10,0.9,2,0.01,s1_seir_main,0.224242424242,0.17956042153,0,0.010625,0.0220591198984,0.00844417986262,0.272727272727,0.278787878788,0.327272727273
s3_seir_seed02,stage3_final,seir,8,10,0.9,2,0.02,s1_seir_main,0.212121212121,0.523684905971,0,0.010625,0.0224202629351,0.00858966802621,0.272727272727,0.284848484848,0.30303030303
s3_seir_seed02,stage3_final,seir,8,10,0.9,2,0.03,s1_seir_main,0.266666666667,0.656343932121,0,0.010625,0.0225801558806,0.008632351638,0.272727272727,0.278787878788,0.315151515152
s3_seir_seed02,stage3_final,seir,8,10,0.9,2,0.04,s1_seir_main,0.248484848485,0.58297302303,0,0.0155097333848,0.0225585392607,0.00867807590942,0.272727272727,0.272727272727,0.321212121212
s3_seir_seed02,stage3_final,seir,8,10,0.9,2,0.05,s1_seir_main,0.218181818182,0.618577227873,0,0.01470825625,0.0225505614027,0.00872670524849,0.272727272727,0.278787878788,0.30303030303
s3_seir_seed02,stage3_final,seir,8,10,0.9,2,0.06,s1_seir_main,0.230303030303,0.171925525184,0,0.010625,0.022584922461,0.00864726555798,0.272727272727,0.272727272727,0.284848484848
s3_seir_seed02,stage3_final,seir,8,10,0.9,2,0.08,s1_seir_main,0.230303030303,0.568739373939,0,0.010625,0.0223353242833,0.00895337764733,0.272727272727,0.272727272727,0.309090909091
s3_seir_seed02,stage3_final,seir,8,10,0.9,2,0.1,s1_seir_main,0.230303030303,0.596212489758,0,0.010625,0.0227009035947,0.00925399682983,0.272727272727,0.272727272727,0.29696969697
s3_seir_seed02,stage3_final,seir,8,10,0.9,2,0.15,s1_seir_main,0.242424242424,0.564048120788,0,0.010625,0.0229016530196,0.0096341632252,0.272727272727,0.272727272727,0.290909090909
s3_seir_seed02,stage3_final,seir,8,10,0.9,2,0.2,s1_seir_main,0.236363636364,0.265721564161,0,0.0172631318681,0.0221115231328,0.00981034300764,0.272727272727,0.272727272727,0.272727272727
s3_seir_seed02,stage3_final,seir,8,10,0.9,2,0.3,s1_seir_main,0.218181818182,0.430491763091,0,0.0194921875,0.0213510814394,0.0100486128531,0.272727272727,0.272727272727,0.278787878788
s3_seir_seed02,stage3_final,seir,8,10,0.9,2,0.5,s1_seir_main,0.224242424242,0.433077823697,0,0.0194921875,0.0213321109848,0.0100663293304,0.272727272727,0.272727272727,0.278787878788
s3_seir_seed02,stage3_final,seir,8,10,0.9,2,0.75,s1_seir_main,0.2,0.414455217636,0,0.0194921875,0.0213321109848,0.0100663293304,0.272727272727,0.272727272727,0.278787878788
s3_seir_seed02,stage3_final,seir,8,10,0.9,2,1,s1_seir_main,0.224242424242,0.266708546586,0,0.0194921875,0.0213321109848,0.0100663293304,0.272727272727,0.272727272727,0.278787878788
s3_seir_seed03,stage3_final,seir,8,10,0.9,3,0,s1_seir_main,0.260606060606,0.627792375152,0,0.010625,0.0219126833686,0.00832636832139,0.278787878788,0.284848484848,0.327272727273
s3_seir_seed03,stage3_final,seir,8,10,0.9,3,0.005,s1_seir_main,0.260606060606,0.625505319261,0,0.010625,0.021918677801,0.00828964023841,0.272727272727,0.272727272727,0.333333333333
s3_seir_seed03,stage3_final,seir,8,10,0.9,3,0.01,s1_seir_main,0.254545454545,0.659248241818,0,0.010625,0.0220591198984,0.00844417986262,0.272727272727,0.278787878788,0.327272727273
s3_seir_seed03,stage3_final,seir,8,10,0.9,3,0.02,s1_seir_main,0.236363636364,0.556035442595,0,0.010625,0.0224202629351,0.00858966802621,0.272727272727,0.284848484848,0.30303030303
s3_seir_seed03,stage3_final,seir,8,10,0.9,3,0.03,s1_seir_main,0.242424242424,0.273829949564,0,0.010625,0.0225801558806,0.008632351638,0.272727272727,0.278787878788,0.315151515152
s3_seir_seed03,stage3_final,seir,8,10,0.9,3,0.04,s1_seir_main,0.230303030303,0.569700295758,0,0.0155097333848,0.0225585392607,0.00867807590942,0.272727272727,0.272727272727,0.321212121212
s3_seir_seed03,stage3_final,seir,8,10,0.9,3,0.05,s1_seir_main,0.242424242424,0.610239482479,0,0.01470825625,0.0225505614027,0.00872670524849,0.272727272727,0.278787878788,0.30303030303
s3_seir_seed03,stage3_final,seir,8,10,0.9,3,0.06,s1_seir_main,0.230303030303,0.19838376108,0,0.010625,0.022584922461,0.00864726555798,0.272727272727,0.272727272727,0.284848484848
s3_seir_seed03,stage3_final,seir,8,10,0.9,3,0.08,s1_seir_main,0.218181818182,0.2423658398,0,0.010625,0.0223353242833,0.00895337764733,0.272727272727,0.272727272727,0.309090909091
s3_seir_seed03,stage3_final,seir,8,10,0.9,3,0.1,s1_seir_main,0.236363636364,0.498645514,0,0.010625,0.0227009035947,0.00925399682983,0.272727272727,0.272727272727,0.29696969697
s3_seir_seed03,stage3_final,seir,8,10,0.9,3,0.15,s1_seir_main,0.230303030303,0.434838562485,0,0.010625,0.0229016530196,0.0096341632252,0.272727272727,0.272727272727,0.290909090909
s3_seir_seed03,stage3_final,seir,8,10,0.9,3,0.2,s1_seir_main,0.230303030303,0.263479139919,0,0.0172631318681,0.0221115231328,0.00981034300764,0.272727272727,0.272727272727,0.272727272727
s3_seir_seed03,stage3_final,seir,8,10,0.9,3,0.3,s1_seir_main,0.236363636364,0.261759267798,0,0.0194921875,0.0213510814394,0.0100486128531,0.272727272727,0.272727272727,0.278787878788
s3_seir_seed03,stage3_final,seir,8,10,0.9,3,0.5,s1_seir_main,0.236363636364,0.149540340525,0,0.0194921875,0.0213321109848,0.0100663293304,0.272727272727,0.272727272727,0.278787878788
s3_seir_seed03,stage3_final,seir,8,10,0.9,3,0.75,s1_seir_main,0.236363636364,0.26999339507,0,0.0194921875,0.0213321109848,0.0100663293304,0.272727272727,0.272727272727,0.278787878788
s3_seir_seed03,stage3_final,seir,8,10,0.9,3,1,s1_seir_main,0.224242424242,0.550367241879,0,0.0194921875,0.0213321109848,0.0100663293304,0.272727272727,0.272727272727,0.278787878788
s3_seir_seed04,stage3_final,seir,8,10,0.9,4,0,s1_seir_main,0.266666666667,0.639307526667,0,0.010625,0.0219126833686,0.00832636832139,0.278787878788,0.284848484848,0.327272727273
s3_seir_seed04,stage3_final,seir,8,10,0.9,4,0.005,s1_seir_main,0.254545454545,0.635544509698,0,0.010625,0.021918677801,0.00828964023841,0.272727272727,0.272727272727,0.333333333333
s3_seir_seed04,stage3_final,seir,8,10,0.9,4,0.01,s1_seir_main,0.248484848485,0.224182628936,0,0.010625,0.0220591198984,0.00844417986262,0.272727272727,0.278787878788,0.327272727273
s3_seir_seed04,stage3_final,seir,8,10,0.9,4,0.02,s1_seir_main,0.224242424242,0.566839380661,0,0.010625,0.0224202629351,0.00858966802621,0.272727272727,0.284848484848,0.30303030303
s3_seir_seed04,stage3_final,seir,8,10,0.9,4,0.03,s1_seir_main,0.248484848485,0.247050804171,0,0.010625,0.0225801558806,0.008632351638,0.272727272727,0.278787878788,0.315151515152
s3_seir_seed04,stage3_final,seir,8,10,0.9,4,0.04,s1_seir_main,0.254545454545,0.274381694413,0,0.0155097333848,0.0225585392607,0.00867807590942,0.272727272727,0.272727272727,0.321212121212
s3_seir_seed04,stage3_final,seir,8,10,0.9,4,0.05,s1_seir_main,0.236363636364,0.266010912595,0,0.01470825625,0.0225505614027,0.00872670524849,0.272727272727,0.278787878788,0.30303030303
s3_seir_seed04,stage3_final,seir,8,10,0.9,4,0.06,s1_seir_main,0.248484848485,0.565185750303,0,0.010625,0.022584922461,0.00864726555798,0.272727272727,0.272727272727,0.284848484848
s3_seir_seed04,stage3_final,seir,8,10,0.9,4,0.08,s1_seir_main,0.224242424242,0.185469988297,0,0.010625,0.0223353242833,0.00895337764733,0.272727272727,0.272727272727,0.309090909091
s3_seir_seed04,stage3_final,seir,8,10,0.9,4,0.1,s1_seir_main,0.254545454545,0.484424053509,0,0.010625,0.0227009035947,0.00925399682983,0.272727272727,0.272727272727,0.29696969697
s3_seir_seed04,stage3_final,seir,8,10,0.9,4,0.15,s1_seir_main,0.236363636364,0.573914787455,0,0.010625,0.0229016530196,0.0096341632252,0.272727272727,0.272727272727,0.290909090909
s3_seir_seed04,stage3_final,seir,8,10,0.9,4,0.2,s1_seir_main,0.248484848485,0.55647275703,0,0.0172631318681,0.0221115231328,0.00981034300764,0.272727272727,0.272727272727,0.272727272727
s3_seir_seed04,stage3_final,seir,8,10,0.9,4,0.3,s1_seir_main,0.248484848485,0.554384047939,0,0.0194921875,0.0213510814394,0.0100486128531,0.272727272727,0.272727272727,0.278787878788
s3_seir_seed04,stage3_final,seir,8,10,0.9,4,0.5,s1_seir_main,0.224242424242,0.421641278242,0,0.0194921875,0.0213321109848,0.0100663293304,0.272727272727,0.272727272727,0.278787878788
s3_seir_seed04,stage3_final,seir,8,10,0.9,4,0.75,s1_seir_main,0.212121212121,0.134739570828,0,0.0194921875,0.0213321109848,0.0100663293304,0.272727272727,0.272727272727,0.278787878788
s3_seir_seed04,stage3_final,seir,8,10,0.9,4,1,s1_seir_main,0.218181818182,0.398006404964,0,0.0194921875,0.0213321109848,0.0100663293304,0.272727272727,0.272727272727,0.278787878788
s3_seir_seed05,stage3_final,seir,8,10,0.9,5,0,s1_seir_main,0.260606060606,0.638701466061,0,0.010625,0.0219126833686,0.00832636832139,0.278787878788,0.284848484848,0.327272727273
s3_seir_seed05,stage3_final,seir,8,10,0.9,5,0.005,s1_seir_main,0.248484848485,0.266472286027,0,0.010625,0.021918677801,0.00828964023841,0.272727272727,0.272727272727,0.333333333333
s3_seir_seed05,stage3_final,seir,8,10,0.9,5,0.01,s1_seir_main,0.266666666667,0.654618435758,0,0.010625,0.0220591198984,0.00844417986262,0.272727272727,0.278787878788,0.327272727273
s3_seir_seed05,stage3_final,seir,8,10,0.9,5,0.02,s1_seir_main,0.248484848485,0.269324179261,0,0.010625,0.0224202629351,0.00858966802621,0.272727272727,0.284848484848,0.30303030303
s3_seir_seed05,stage3_final,seir,8,10,0.9,5,0.03,s1_seir_main,0.242424242424,0.591476053333,0,0.010625,0.0225801558806,0.008632351638,0.272727272727,0.278787878788,0.315151515152
s3_seir_seed05,stage3_final,seir,8,10,0.9,5,0.04,s1_seir_main,0.254545454545,0.64590272,0,0.0155097333848,0.0225585392607,0.00867807590942,0.272727272727,0.272727272727,0.321212121212
s3_seir_seed05,stage3_final,seir,8,10,0.9,5,0.05,s1_seir_main,0.254545454545,0.573269992727,0,0.01470825625,0.0225505614027,0.00872670524849,0.272727272727,0.278787878788,0.30303030303
s3_seir_seed05,stage3_final,seir,8,10,0.9,5,0.06,s1_seir_main,0.230303030303,0.229913343366,0,0.010625,0.022584922461,0.00864726555798,0.272727272727,0.272727272727,0.284848484848
s3_seir_seed05,stage3_final,seir,8,10,0.9,5,0.08,s1_seir_main,0.230303030303,0.181580374958,0,0.010625,0.0223353242833,0.00895337764733,0.272727272727,0.272727272727,0.309090909091
s3_seir_seed05,stage3_final,seir,8,10,0.9,5,0.1,s1_seir_main,0.266666666667,0.598176483812,0,0.010625,0.0227009035947,0.00925399682983,0.272727272727,0.272727272727,0.29696969697
s3_seir_seed05,stage3_final,seir,8,10,0.9,5,0.15,s1_seir_main,0.224242424242,0.554714502606,0,0.010625,0.0229016530196,0.0096341632252,0.272727272727,0.272727272727,0.290909090909
s3_seir_seed05,stage3_final,seir,8,10,0.9,5,0.2,s1_seir_main,0.230303030303,0.539545484303,0,0.0172631318681,0.0221115231328,0.00981034300764,0.272727272727,0.272727272727,0.272727272727
s3_seir_seed05,stage3_final,seir,8,10,0.9,5,0.3,s1_seir_main,0.254545454545,0.281921085979,0,0.0194921875,0.0213510814394,0.0100486128531,0.272727272727,0.272727272727,0.278787878788
s3_seir_seed05,stage3_final,seir,8,10,0.9,5,0.5,s1_seir_main,0.218181818182,0.145540340525,0,0.0194921875,0.0213321109848,0.0100663293304,0.272727272727,0.272727272727,0.278787878788
s3_seir_seed05,stage3_final,seir,8,10,0.9,5,0.75,s1_seir_main,0.212121212121,0.14242518901,0,0.0194921875,0.0213321109848,0.0100663293304,0.272727272727,0.272727272727,0.278787878788
s3_seir_seed05,stage3_final,seir,8,10,0.9,5,1,s1_seir_main,0.218181818182,0.23612531821,0,0.0194921875,0.0213321109848,0.0100663293304,0.272727272727,0.272727272727,0.278787878788
s3_seir_seed06,stage3_final,seir,8,10,0.9,6,0,s1_seir_main,0.218181818182,0.562345351516,0,0.010625,0.0219126833686,0.00832636832139,0.278787878788,0.284848484848,0.327272727273
s3_seir_seed06,stage3_final,seir,8,10,0.9,6,0.005,s1_seir_main,0.254545454545,0.221098198633,0,0.010625,0.021918677801,0.00828964023841,0.272727272727,0.272727272727,0.333333333333
s3_seir_seed06,stage3_final,seir,8,10,0.9,6,0.01,s1_seir_main,0.236363636364,0.628202826182,0,0.010625,0.0220591198984,0.00844417986262,0.272727272727,0.278787878788,0.327272727273
s3_seir_seed06,stage3_final,seir,8,10,0.9,6,0.02,s1_seir_main,0.218181818182,0.595691911085,0,0.010625,0.0224202629351,0.00858966802621,0.272727272727,0.284848484848,0.30303030303
s3_seir_seed06,stage3_final,seir,8,10,0.9,6,0.03,s1_seir_main,0.236363636364,0.215518550156,0,0.010625,0.0225801558806,0.008632351638,0.272727272727,0.278787878788,0.315151515152
s3_seir_seed06,stage3_final,seir,8,10,0.9,6,0.04,s1_seir_main,0.236363636364,0.615895823091,0,0.0155097333848,0.0225585392607,0.00867807590942,0.272727272727,0.272727272727,0.321212121212
s3_seir_seed06,stage3_final,seir,8,10,0.9,6,0.05,s1_seir_main,0.254545454545,0.636036914545,0,0.01470825625,0.0225505614027,0.00872670524849,0.272727272727,0.278787878788,0.30303030303
s3_seir_seed06,stage3_final,seir,8,10,0.9,6,0.06,s1_seir_main,0.242424242424,0.620931144242,0,0.010625,0.022584922461,0.00864726555798,0.272727272727,0.272727272727,0.284848484848
s3_seir_seed06,stage3_final,seir,8,10,0.9,6,0.08,s1_seir_main,0.242424242424,0.251772351934,0,0.010625,0.0223353242833,0.00895337764733,0.272727272727,0.272727272727,0.309090909091
s3_seir_seed06,stage3_final,seir,8,10,0.9,6,0.1,s1_seir_main,0.230303030303,0.141905782228,0,0.010625,0.0227009035947,0.00925399682983,0.272727272727,0.272727272727,0.29696969697
s3_seir_seed06,stage3_final,seir,8,10,0.9,6,0.15,s1_seir_main,0.224242424242,0.418731932297,0,0.010625,0.0229016530196,0.0096341632252,0.272727272727,0.272727272727,0.290909090909
s3_seir_seed06,stage3_final,seir,8,10,0.9,6,0.2,s1_seir_main,0.260606060606,0.557684878242,0,0.0172631318681,0.0221115231328,0.00981034300764,0.272727272727,0.272727272727,0.272727272727
s3_seir_seed06,stage3_final,seir,8,10,0.9,6,0.3,s1_seir_main,0.224242424242,0.254345328404,0,0.0194921875,0.0213510814394,0.0100486128531,0.272727272727,0.272727272727,0.278787878788
s3_seir_seed06,stage3_final,seir,8,10,0.9,6,0.5,s1_seir_main,0.224242424242,0.531184783201,0,0.0194921875,0.0213321109848,0.0100663293304,0.272727272727,0.272727272727,0.278787878788
s3_seir_seed06,stage3_final,seir,8,10,0.9,6,0.75,s1_seir_main,0.212121212121,0.113370003059,0,0.0194921875,0.0213321109848,0.0100663293304,0.272727272727,0.272727272727,0.278787878788
s3_seir_seed06,stage3_final,seir,8,10,0.9,6,1,s1_seir_main,0.236363636364,0.565106635818,0,0.0194921875,0.0213321109848,0.0100663293304,0.272727272727,0.272727272727,0.278787878788
s3_seir_seed07,stage3_final,seir,8,10,0.9,7,0,s1_seir_main,0.248484848485,0.233340995664,0,0.010625,0.0219126833686,0.00832636832139,0.278787878788,0.284848484848,0.327272727273
s3_seir_seed07,stage3_final,seir,8,10,0.9,7,0.005,s1_seir_main,0.242424242424,0.24128063621,0,0.010625,0.021918677801,0.00828964023841,0.272727272727,0.272727272727,0.333333333333
s3_seir_seed07,stage3_final,seir,8,10,0.9,7,0.01,s1_seir_main,0.230303030303,0.142910180368,0,0.010625,0.0220591198984,0.00844417986262,0.272727272727,0.278787878788,0.327272727273
s3_seir_seed07,stage3_final,seir,8,10,0.9,7,0.02,s1_seir_main,0.242424242424,0.633089156424,0,0.010625,0.0224202629351,0.00858966802621,0.272727272727,0.284848484848,0.30303030303
s3_seir_seed07,stage3_final,seir,8,10,0.9,7,0.03,s1_seir_main,0.230303030303,0.602376654716,0,0.010625,0.0225801558806,0.008632351638,0.272727272727,0.278787878788,0.315151515152
s3_seir_seed07,stage3_final,seir,8,10,0.9,7,0.04,s1_seir_main,0.260606060606,0.636199689697,0,0.0155097333848,0.0225585392607,0.00867807590942,0.272727272727,0.272727272727,0.321212121212
s3_seir_seed07,stage3_final,seir,8,10,0.9,7,0.05,s1_seir_main,0.218181818182,0.500680485302,0,0.01470825625,0.0225505614027,0.00872670524849,0.272727272727,0.278787878788,0.30303030303
s3_seir_seed07,stage3_final,seir,8,10,0.9,7,0.06,s1_seir_main,0.224242424242,0.240541468401,0,0.010625,0.022584922461,0.00864726555798,0.272727272727,0.272727272727,0.284848484848
s3_seir_seed07,stage3_final,seir,8,10,0.9,7,0.08,s1_seir_main,0.230303030303,0.161832305989,0,0.010625,0.0223353242833,0.00895337764733,0.272727272727,0.272727272727,0.309090909091
s3_seir_seed07,stage3_final,seir,8,10,0.9,7,0.1,s1_seir_main,0.224242424242,0.592895956424,0,0.010625,0.0227009035947,0.00925399682983,0.272727272727,0.272727272727,0.29696969697
s3_seir_seed07,stage3_final,seir,8,10,0.9,7,0.15,s1_seir_main,0.193939393939,0.376475463227,0,0.010625,0.0229016530196,0.0096341632252,0.272727272727,0.272727272727,0.290909090909
s3_seir_seed07,stage3_final,seir,8,10,0.9,7,0.2,s1_seir_main,0.236363636364,0.553624272182,0,0.0172631318681,0.0221115231328,0.00981034300764,0.272727272727,0.272727272727,0.272727272727
s3_seir_seed07,stage3_final,seir,8,10,0.9,7,0.3,s1_seir_main,0.224242424242,0.445623278242,0,0.0194921875,0.0213510814394,0.0100486128531,0.272727272727,0.272727272727,0.278787878788
s3_seir_seed07,stage3_final,seir,8,10,0.9,7,0.5,s1_seir_main,0.230303030303,0.158752461737,0,0.0194921875,0.0213321109848,0.0100663293304,0.272727272727,0.272727272727,0.278787878788
s3_seir_seed07,stage3_final,seir,8,10,0.9,7,0.75,s1_seir_main,0.236363636364,0.139074982398,0,0.0194921875,0.0213321109848,0.0100663293304,0.272727272727,0.272727272727,0.278787878788
s3_seir_seed07,stage3_final,seir,8,10,0.9,7,1,s1_seir_main,0.230303030303,0.277678243555,0,0.0194921875,0.0213321109848,0.0100663293304,0.272727272727,0.272727272727,0.278787878788
s3_seir_seed08,stage3_final,seir,8,10,0.9,8,0,s1_seir_main,0.236363636364,0.24234210827,0,0.010625,0.0219126833686,0.00832636832139,0.278787878788,0.284848484848,0.327272727273
s3_seir_seed08,stage3_final,seir,8,10,0.9,8,0.005,s1_seir_main,0.254545454545,0.278409107724,0,0.010625,0.021918677801,0.00828964023841,0.272727272727,0.272727272727,0.333333333333
s3_seir_seed08,stage3_final,seir,8,10,0.9,8,0.01,s1_seir_main,0.236363636364,0.268826871361,0,0.010625,0.0220591198984,0.00844417986262,0.272727272727,0.278787878788,0.327272727273
s3_seir_seed08,stage3_final,seir,8,10,0.9,8,0.02,s1_seir_main,0.254545454545,0.258475694413,0,0.010625,0.0224202629351,0.00858966802621,0.272727272727,0.284848484848,0.30303030303
s3_seir_seed08,stage3_final,seir,8,10,0.9,8,0.03,s1_seir_main,0.236363636364,0.571090740722,0,0.010625,0.0225801558806,0.008632351638,0.272727272727,0.278787878788,0.315151515152
s3_seir_seed08,stage3_final,seir,8,10,0.9,8,0.04,s1_seir_main,0.212121212121,0.198919270171,0,0.0155097333848,0.0225585392607,0.00867807590942,0.272727272727,0.272727272727,0.321212121212
s3_seir_seed08,stage3_final,seir,8,10,0.9,8,0.05,s1_seir_main,0.248484848485,0.27189850108,0,0.01470825625,0.0225505614027,0.00872670524849,0.272727272727,0.278787878788,0.30303030303
s3_seir_seed08,stage3_final,seir,8,10,0.9,8,0.06,s1_seir_main,0.242424242424,0.224312391362,0,0.010625,0.022584922461,0.00864726555798,0.272727272727,0.272727272727,0.284848484848
s3_seir_seed08,stage3_final,seir,8,10,0.9,8,0.08,s1_seir_main,0.248484848485,0.618279127394,0,0.010625,0.0223353242833,0.00895337764733,0.272727272727,0.272727272727,0.309090909091
s3_seir_seed08,stage3_final,seir,8,10,0.9,8,0.1,s1_seir_main,0.224242424242,0.229292845391,0,0.010625,0.0227009035947,0.00925399682983,0.272727272727,0.272727272727,0.29696969697
s3_seir_seed08,stage3_final,seir,8,10,0.9,8,0.15,s1_seir_main,0.242424242424,0.430584301879,0,0.010625,0.0229016530196,0.0096341632252,0.272727272727,0.272727272727,0.290909090909
s3_seir_seed08,stage3_final,seir,8,10,0.9,8,0.2,s1_seir_main,0.218181818182,0.146483600525,0,0.0172631318681,0.0221115231328,0.00981034300764,0.272727272727,0.272727272727,0.272727272727
s3_seir_seed08,stage3_final,seir,8,10,0.9,8,0.3,s1_seir_main,0.236363636364,0.258728455125,0,0.0194921875,0.0213510814394,0.0100486128531,0.272727272727,0.272727272727,0.278787878788
s3_seir_seed08,stage3_final,seir,8,10,0.9,8,0.5,s1_seir_main,0.230303030303,0.253734425373,0,0.0194921875,0.0213321109848,0.0100663293304,0.272727272727,0.272727272727,0.278787878788
s3_seir_seed08,stage3_final,seir,8,10,0.9,8,0.75,s1_seir_main,0.224242424242,0.53009387411,0,0.0194921875,0.0213321109848,0.0100663293304,0.272727272727,0.272727272727,0.278787878788
s3_seir_seed08,stage3_final,seir,8,10,0.9,8,1,s1_seir_main,0.212121212121,0.108654828927,0,0.0194921875,0.0213321109848,0.0100663293304,0.272727272727,0.272727272727,0.278787878788
s3_seir_seed09,stage3_final,seir,8,10,0.9,9,0,s1_seir_main,0.248484848485,0.609020292848,0,0.010625,0.0219126833686,0.00832636832139,0.278787878788,0.284848484848,0.327272727273
s3_seir_seed09,stage3_final,seir,8,10,0.9,9,0.005,s1_seir_main,0.242424242424,0.659885102424,0,0.010625,0.021918677801,0.00828964023841,0.272727272727,0.272727272727,0.333333333333
s3_seir_seed09,stage3_final,seir,8,10,0.9,9,0.01,s1_seir_main,0.236363636364,0.258463234997,0,0.010625,0.0220591198984,0.00844417986262,0.272727272727,0.278787878788,0.327272727273
s3_seir_seed09,stage3_final,seir,8,10,0.9,9,0.02,s1_seir_main,0.206060606061,0.176427957559,0,0.010625,0.0224202629351,0.00858966802621,0.272727272727,0.284848484848,0.30303030303
s3_seir_seed09,stage3_final,seir,8,10,0.9,9,0.03,s1_seir_main,0.230303030303,0.215711943366,0,0.010625,0.0225801558806,0.008632351638,0.272727272727,0.278787878788,0.315151515152
s3_seir_seed09,stage3_final,seir,8,10,0.9,9,0.04,s1_seir_main,0.236363636364,0.579033629091,0,0.0155097333848,0.0225585392607,0.00867807590942,0.272727272727,0.272727272727,0.321212121212
s3_seir_seed09,stage3_final,seir,8,10,0.9,9,0.05,s1_seir_main,0.242424242424,0.590065327258,0,0.01470825625,0.0225505614027,0.00872670524849,0.272727272727,0.278787878788,0.30303030303
s3_seir_seed09,stage3_final,seir,8,10,0.9,9,0.06,s1_seir_main,0.236363636364,0.187734628413,0,0.010625,0.022584922461,0.00864726555798,0.272727272727,0.272727272727,0.284848484848
s3_seir_seed09,stage3_final,seir,8,10,0.9,9,0.08,s1_seir_main,0.242424242424,0.577982984289,0,0.010625,0.0223353242833,0.00895337764733,0.272727272727,0.272727272727,0.309090909091
s3_seir_seed09,stage3_final,seir,8,10,0.9,9,0.1,s1_seir_main,0.236363636364,0.589733095818,0,0.010625,0.0227009035947,0.00925399682983,0.272727272727,0.272727272727,0.29696969697
s3_seir_seed09,stage3_final,seir,8,10,0.9,9,0.15,s1_seir_main,0.212121212121,0.262095936233,0,0.010625,0.0229016530196,0.0096341632252,0.272727272727,0.272727272727,0.290909090909
s3_seir_seed09,stage3_final,seir,8,10,0.9,9,0.2,s1_seir_main,0.236363636364,0.5140163686,0,0.0172631318681,0.0221115231328,0.00981034300764,0.272727272727,0.272727272727,0.272727272727
s3_seir_seed09,stage3_final,seir,8,10,0.9,9,0.3,s1_seir_main,0.236363636364,0.439199035818,0,0.0194921875,0.0213510814394,0.0100486128531,0.272727272727,0.272727272727,0.278787878788
s3_seir_seed09,stage3_final,seir,8,10,0.9,9,0.5,s1_seir_main,0.230303030303,0.432156611576,0,0.0194921875,0.0213321109848,0.0100663293304,0.272727272727,0.272727272727,0.278787878788
s3_seir_seed09,stage3_final,seir,8,10,0.9,9,0.75,s1_seir_main,0.218181818182,0.256175213252,0,0.0194921875,0.0213321109848,0.0100663293304,0.272727272727,0.272727272727,0.278787878788
s3_seir_seed09,stage3_final,seir,8,10,0.9,9,1,s1_seir_main,0.230303030303,0.525883571079,0,0.0194921875,0.0213321109848,0.0100663293304,0.272727272727,0.272727272727,0.278787878788
s3_seir_seed10,stage3_final,seir,8,10,0.9,10,0,s1_seir_main,0.266666666667,0.234837468391,0,0.010625,0.0219126833686,0.00832636832139,0.278787878788,0.284848484848,0.327272727273
s3_seir_seed10,stage3_final,seir,8,10,0.9,10,0.005,s1_seir_main,0.224242424242,0.646666920606,0,0.010625,0.021918677801,0.00828964023841,0.272727272727,0.272727272727,0.333333333333
s3_seir_seed10,stage3_final,seir,8,10,0.9,10,0.01,s1_seir_main,0.260606060606,0.261978386512,0,0.010625,0.0220591198984,0.00844417986262,0.272727272727,0.278787878788,0.327272727273
s3_seir_seed10,stage3_final,seir,8,10,0.9,10,0.02,s1_seir_main,0.242424242424,0.18172279258,0,0.010625,0.0224202629351,0.00858966802621,0.272727272727,0.284848484848,0.30303030303
s3_seir_seed10,stage3_final,seir,8,10,0.9,10,0.03,s1_seir_main,0.272727272727,0.269114798049,0,0.010625,0.0225801558806,0.008632351638,0.272727272727,0.278787878788,0.315151515152
s3_seir_seed10,stage3_final,seir,8,10,0.9,10,0.04,s1_seir_main,0.242424242424,0.606047453801,0,0.0155097333848,0.0225585392607,0.00867807590942,0.272727272727,0.272727272727,0.321212121212
s3_seir_seed10,stage3_final,seir,8,10,0.9,10,0.05,s1_seir_main,0.242424242424,0.553245520061,0,0.01470825625,0.0225505614027,0.00872670524849,0.272727272727,0.278787878788,0.30303030303
s3_seir_seed10,stage3_final,seir,8,10,0.9,10,0.06,s1_seir_main,0.224242424242,0.506234364089,0,0.010625,0.022584922461,0.00864726555798,0.272727272727,0.272727272727,0.284848484848
s3_seir_seed10,stage3_final,seir,8,10,0.9,10,0.08,s1_seir_main,0.224242424242,0.239140795024,0,0.010625,0.0223353242833,0.00895337764733,0.272727272727,0.272727272727,0.309090909091
s3_seir_seed10,stage3_final,seir,8,10,0.9,10,0.1,s1_seir_main,0.254545454545,0.503633877636,0,0.010625,0.0227009035947,0.00925399682983,0.272727272727,0.272727272727,0.29696969697
s3_seir_seed10,stage3_final,seir,8,10,0.9,10,0.15,s1_seir_main,0.236363636364,0.441112604909,0,0.010625,0.0229016530196,0.0096341632252,0.272727272727,0.272727272727,0.290909090909
s3_seir_seed10,stage3_final,seir,8,10,0.9,10,0.2,s1_seir_main,0.212121212121,0.132786630828,0,0.0172631318681,0.0221115231328,0.00981034300764,0.272727272727,0.272727272727,0.272727272727
s3_seir_seed10,stage3_final,seir,8,10,0.9,10,0.3,s1_seir_main,0.224242424242,0.416534187333,0,0.0194921875,0.0213510814394,0.0100486128531,0.272727272727,0.272727272727,0.278787878788
s3_seir_seed10,stage3_final,seir,8,10,0.9,10,0.5,s1_seir_main,0.242424242424,0.566803605515,0,0.0194921875,0.0213321109848,0.0100663293304,0.272727272727,0.272727272727,0.278787878788
s3_seir_seed10,stage3_final,seir,8,10,0.9,10,0.75,s1_seir_main,0.236363636364,0.553706635818,0,0.0194921875,0.0213321109848,0.0100663293304,0.272727272727,0.272727272727,0.278787878788
s3_seir_seed10,stage3_final,seir,8,10,0.9,10,1,s1_seir_main,0.224242424242,0.497924715982,0,0.0194921875,0.0213321109848,0.0100663293304,0.272727272727,0.272727272727,0.278787878788
s3_seir_seed11,stage3_final,seir,8,10,0.9,11,0,s1_seir_main,0.230303030303,0.163586733285,0,0.010625,0.0219126833686,0.00832636832139,0.278787878788,0.284848484848,0.327272727273
s3_seir_seed11,stage3_final,seir,8,10,0.9,11,0.005,s1_seir_main,0.242424242424,0.611301466061,0,0.010625,0.021918677801,0.00828964023841,0.272727272727,0.272727272727,0.333333333333
s3_seir_seed11,stage3_final,seir,8,10,0.9,11,0.01,s1_seir_main,0.248484848485,0.633936656485,0,0.010625,0.0220591198984,0.00844417986262,0.272727272727,0.278787878788,0.327272727273
s3_seir_seed11,stage3_final,seir,8,10,0.9,11,0.02,s1_seir_main,0.242424242424,0.211298118655,0,0.010625,0.0224202629351,0.00858966802621,0.272727272727,0.284848484848,0.30303030303
s3_seir_seed11,stage3_final,seir,8,10,0.9,11,0.03,s1_seir_main,0.224242424242,0.253699936837,0,0.010625,0.0225801558806,0.008632351638,0.272727272727,0.278787878788,0.315151515152
s3_seir_seed11,stage3_final,seir,8,10,0.9,11,0.04,s1_seir_main,0.248484848485,0.644805750303,0,0.0155097333848,0.0225585392607,0.00867807590942,0.272727272727,0.272727272727,0.321212121212
s3_seir_seed11,stage3_final,seir,8,10,0.9,11,0.05,s1_seir_main,0.236363636364,0.258361173868,0,0.01470825625,0.0225505614027,0.00872670524849,0.272727272727,0.278787878788,0.30303030303
s3_seir_seed11,stage3_final,seir,8,10,0.9,11,0.06,s1_seir_main,0.242424242424,0.621476598788,0,0.010625,0.022584922461,0.00864726555798,0.272727272727,0.272727272727,0.284848484848
s3_seir_seed11,stage3_final,seir,8,10,0.9,11,0.08,s1_seir_main,0.260606060606,0.268889988297,0,0.010625,0.0223353242833,0.00895337764733,0.272727272727,0.272727272727,0.309090909091
s3_seir_seed11,stage3_final,seir,8,10,0.9,11,0.1,s1_seir_main,0.224242424242,0.472841023206,0,0.010625,0.0227009035947,0.00925399682983,0.272727272727,0.272727272727,0.29696969697
s3_seir_seed11,stage3_final,seir,8,10,0.9,11,0.15,s1_seir_main,0.218181818182,0.138039250658,0,0.010625,0.0229016530196,0.0096341632252,0.272727272727,0.272727272727,0.290909090909
s3_seir_seed11,stage3_final,seir,8,10,0.9,11,0.2,s1_seir_main,0.224242424242,0.245129442949,0,0.0172631318681,0.0221115231328,0.00981034300764,0.272727272727,0.272727272727,0.272727272727
s3_seir_seed11,stage3_final,seir,8,10,0.9,11,0.3,s1_seir_main,0.236363636364,0.542600635818,0,0.0194921875,0.0213510814394,0.0100486128531,0.272727272727,0.272727272727,0.278787878788
s3_seir_seed11,stage3_final,seir,8,10,0.9,11,0.5,s1_seir_main,0.254545454545,0.566924817636,0,0.0194921875,0.0213321109848,0.0100663293304,0.272727272727,0.272727272727,0.278787878788
s3_seir_seed11,stage3_final,seir,8,10,0.9,11,0.75,s1_seir_main,0.224242424242,0.26785929204,0,0.0194921875,0.0213321109848,0.0100663293304,0.272727272727,0.272727272727,0.278787878788
s3_seir_seed11,stage3_final,seir,8,10,0.9,11,1,s1_seir_main,0.212121212121,0.404174152898,0,0.0194921875,0.0213321109848,0.0100663293304,0.272727272727,0.272727272727,0.278787878788
s3_seir_seed12,stage3_final,seir,8,10,0.9,12,0,s1_seir_main,0.230303030303,0.626343890303,0,0.010625,0.0219126833686,0.00832636832139,0.278787878788,0.284848484848,0.327272727273
s3_seir_seed12,stage3_final,seir,8,10,0.9,12,0.005,s1_seir_main,0.254545454545,0.285396489543,0,0.010625,0.021918677801,0.00828964023841,0.272727272727,0.272727272727,0.333333333333
s3_seir_seed12,stage3_final,seir,8,10,0.9,12,0.01,s1_seir_main,0.224242424242,0.215184505167,0,0.010625,0.0220591198984,0.00844417986262,0.272727272727,0.278787878788,0.327272727273
s3_seir_seed12,stage3_final,seir,8,10,0.9,12,0.02,s1_seir_main,0.230303030303,0.552484680116,0,0.010625,0.0224202629351,0.00858966802621,0.272727272727,0.284848484848,0.30303030303
s3_seir_seed12,stage3_final,seir,8,10,0.9,12,0.03,s1_seir_main,0.236363636364,0.223357653792,0,0.010625,0.0225801558806,0.008632351638,0.272727272727,0.278787878788,0.315151515152
s3_seir_seed12,stage3_final,seir,8,10,0.9,12,0.04,s1_seir_main,0.236363636364,0.215525330777,0,0.0155097333848,0.0225585392607,0.00867807590942,0.272727272727,0.272727272727,0.321212121212
s3_seir_seed12,stage3_final,seir,8,10,0.9,12,0.05,s1_seir_main,0.230303030303,0.611260787134,0,0.01470825625,0.0225505614027,0.00872670524849,0.272727272727,0.278787878788,0.30303030303
s3_seir_seed12,stage3_final,seir,8,10,0.9,12,0.06,s1_seir_main,0.242424242424,0.267947336837,0,0.010625,0.022584922461,0.00864726555798,0.272727272727,0.272727272727,0.284848484848
s3_seir_seed12,stage3_final,seir,8,10,0.9,12,0.08,s1_seir_main,0.206060606061,0.212323302897,0,0.010625,0.0223353242833,0.00895337764733,0.272727272727,0.272727272727,0.309090909091
s3_seir_seed12,stage3_final,seir,8,10,0.9,12,0.1,s1_seir_main,0.230303030303,0.146663693761,0,0.010625,0.0227009035947,0.00925399682983,0.272727272727,0.272727272727,0.29696969697
s3_seir_seed12,stage3_final,seir,8,10,0.9,12,0.15,s1_seir_main,0.236363636364,0.583732969273,0,0.010625,0.0229016530196,0.0096341632252,0.272727272727,0.272727272727,0.290909090909
s3_seir_seed12,stage3_final,seir,8,10,0.9,12,0.2,s1_seir_main,0.248484848485,0.538674575212,0,0.0172631318681,0.0221115231328,0.00981034300764,0.272727272727,0.272727272727,0.272727272727
s3_seir_seed12,stage3_final,seir,8,10,0.9,12,0.3,s1_seir_main,0.236363636364,0.269193813252,0,0.0194921875,0.0213510814394,0.0100486128531,0.272727272727,0.272727272727,0.278787878788
s3_seir_seed12,stage3_final,seir,8,10,0.9,12,0.5,s1_seir_main,0.218181818182,0.555799363091,0,0.0194921875,0.0213321109848,0.0100663293304,0.272727272727,0.272727272727,0.278787878788
s3_seir_seed12,stage3_final,seir,8,10,0.9,12,0.75,s1_seir_main,0.230303030303,0.421683884303,0,0.0194921875,0.0213321109848,0.0100663293304,0.272727272727,0.272727272727,0.278787878788
s3_seir_seed12,stage3_final,seir,8,10,0.9,12,1,s1_seir_main,0.224242424242,0.258435637495,0,0.0194921875,0.0213321109848,0.0100663293304,0.272727272727,0.272727272727,0.278787878788
s3_seir_seed13,stage3_final,seir,8,10,0.9,13,0,s1_seir_main,0.254545454545,0.214749211361,0,0.010625,0.0219126833686,0.00832636832139,0.278787878788,0.284848484848,0.327272727273
s3_seir_seed13,stage3_final,seir,8,10,0.9,13,0.005,s1_seir_main,0.260606060606,0.642143731515,0,0.010625,0.021918677801,0.00828964023841,0.272727272727,0.272727272727,0.333333333333
s3_seir_seed13,stage3_final,seir,8,10,0.9,13,0.01,s1_seir_main,0.254545454545,0.641951769091,0,0.010625,0.0220591198984,0.00844417986262,0.272727272727,0.278787878788,0.327272727273
s3_seir_seed13,stage3_final,seir,8,10,0.9,13,0.02,s1_seir_main,0.260606060606,0.645526962424,0,0.010625,0.0224202629351,0.00858966802621,0.272727272727,0.284848484848,0.30303030303
s3_seir_seed13,stage3_final,seir,8,10,0.9,13,0.03,s1_seir_main,0.242424242424,0.618132755752,0,0.010625,0.0225801558806,0.008632351638,0.272727272727,0.278787878788,0.315151515152
s3_seir_seed13,stage3_final,seir,8,10,0.9,13,0.04,s1_seir_main,0.260606060606,0.619093164964,0,0.0155097333848,0.0225585392607,0.00867807590942,0.272727272727,0.272727272727,0.321212121212
s3_seir_seed13,stage3_final,seir,8,10,0.9,13,0.05,s1_seir_main,0.230303030303,0.263967840534,0,0.01470825625,0.0225505614027,0.00872670524849,0.272727272727,0.278787878788,0.30303030303
s3_seir_seed13,stage3_final,seir,8,10,0.9,13,0.06,s1_seir_main,0.242424242424,0.575488780606,0,0.010625,0.022584922461,0.00864726555798,0.272727272727,0.272727272727,0.284848484848
s3_seir_seed13,stage3_final,seir,8,10,0.9,13,0.08,s1_seir_main,0.218181818182,0.580376975013,0,0.010625,0.0223353242833,0.00895337764733,0.272727272727,0.272727272727,0.309090909091
s3_seir_seed13,stage3_final,seir,8,10,0.9,13,0.1,s1_seir_main,0.248484848485,0.493852180667,0,0.010625,0.0227009035947,0.00925399682983,0.272727272727,0.272727272727,0.29696969697
s3_seir_seed13,stage3_final,seir,8,10,0.9,13,0.15,s1_seir_main,0.2,0.399263654104,0,0.010625,0.0229016530196,0.0096341632252,0.272727272727,0.272727272727,0.290909090909
s3_seir_seed13,stage3_final,seir,8,10,0.9,13,0.2,s1_seir_main,0.236363636364,0.416022672182,0,0.0172631318681,0.0221115231328,0.00981034300764,0.272727272727,0.272727272727,0.272727272727
s3_seir_seed13,stage3_final,seir,8,10,0.9,13,0.3,s1_seir_main,0.230303030303,0.450047520667,0,0.0194921875,0.0213510814394,0.0100486128531,0.272727272727,0.272727272727,0.278787878788
s3_seir_seed13,stage3_final,seir,8,10,0.9,13,0.5,s1_seir_main,0.236363636364,0.554742999455,0,0.0194921875,0.0213321109848,0.0100663293304,0.272727272727,0.272727272727,0.278787878788
s3_seir_seed13,stage3_final,seir,8,10,0.9,13,0.75,s1_seir_main,0.212121212121,0.274223698101,0,0.0194921875,0.0213321109848,0.0100663293304,0.272727272727,0.272727272727,0.278787878788
s3_seir_seed13,stage3_final,seir,8,10,0.9,13,1,s1_seir_main,0.2,0.407097314055,0,0.0194921875,0.0213321109848,0.0100663293304,0.272727272727,0.272727272727,0.278787878788
s3_seir_seed14,stage3_final,seir,8,10,0.9,14,0,s1_seir_main,0.260606060606,0.605974193333,0,0.010625,0.0219126833686,0.00832636832139,0.278787878788,0.284848484848,0.327272727273
s3_seir_seed14,stage3_final,seir,8,10,0.9,14,0.005,s1_seir_main,0.260606060606,0.265596986512,0,0.010625,0.021918677801,0.00828964023841,0.272727272727,0.272727272727,0.333333333333
s3_seir_seed14,stage3_final,seir,8,10,0.9,14,0.01,s1_seir_main,0.254545454545,0.605913587273,0,0.010625,0.0220591198984,0.00844417986262,0.272727272727,0.278787878788,0.327272727273
s3_seir_seed14,stage3_final,seir,8,10,0.9,14,0.02,s1_seir_main,0.248484848485,0.647756659394,0,0.010625,0.0224202629351,0.00858966802621,0.272727272727,0.284848484848,0.30303030303
s3_seir_seed14,stage3_final,seir,8,10,0.9,14,0.03,s1_seir_main,0.236363636364,0.212791277429,0,0.010625,0.0225801558806,0.008632351638,0.272727272727,0.278787878788,0.315151515152
s3_seir_seed14,stage3_final,seir,8,10,0.9,14,0.04,s1_seir_main,0.242424242424,0.596229271983,0,0.0155097333848,0.0225585392607,0.00867807590942,0.272727272727,0.272727272727,0.321212121212
s3_seir_seed14,stage3_final,seir,8,10,0.9,14,0.05,s1_seir_main,0.236363636364,0.620395409691,0,0.01470825625,0.0225505614027,0.00872670524849,0.272727272727,0.278787878788,0.30303030303
s3_seir_seed14,stage3_final,seir,8,10,0.9,14,0.06,s1_seir_main,0.242424242424,0.563488780606,0,0.010625,0.022584922461,0.00864726555798,0.272727272727,0.272727272727,0.284848484848
s3_seir_seed14,stage3_final,seir,8,10,0.9,14,0.08,s1_seir_main,0.260606060606,0.606678184842,0,0.010625,0.0223353242833,0.00895337764733,0.272727272727,0.272727272727,0.309090909091
s3_seir_seed14,stage3_final,seir,8,10,0.9,14,0.1,s1_seir_main,0.248484848485,0.607848853394,0,0.010625,0.0227009035947,0.00925399682983,0.272727272727,0.272727272727,0.29696969697
s3_seir_seed14,stage3_final,seir,8,10,0.9,14,0.15,s1_seir_main,0.224242424242,0.295454584718,0,0.010625,0.0229016530196,0.0096341632252,0.272727272727,0.272727272727,0.290909090909
s3_seir_seed14,stage3_final,seir,8,10,0.9,14,0.2,s1_seir_main,0.224242424242,0.144362388404,0,0.0172631318681,0.0221115231328,0.00981034300764,0.272727272727,0.272727272727,0.272727272727
s3_seir_seed14,stage3_final,seir,8,10,0.9,14,0.3,s1_seir_main,0.242424242424,0.56715215097,0,0.0194921875,0.0213510814394,0.0100486128531,0.272727272727,0.272727272727,0.278787878788
s3_seir_seed14,stage3_final,seir,8,10,0.9,14,0.5,s1_seir_main,0.242424242424,0.554803605515,0,0.0194921875,0.0213321109848,0.0100663293304,0.272727272727,0.272727272727,0.278787878788
s3_seir_seed14,stage3_final,seir,8,10,0.9,14,0.75,s1_seir_main,0.236363636364,0.158867613252,0,0.0194921875,0.0213321109848,0.0100663293304,0.272727272727,0.272727272727,0.278787878788
s3_seir_seed14,stage3_final,seir,8,10,0.9,14,1,s1_seir_main,0.218181818182,0.244566671351,0,0.0194921875,0.0213321109848,0.0100663293304,0.272727272727,0.272727272727,0.278787878788
s3_seir_seed15,stage3_final,seir,8,10,0.9,15,0,s1_seir_main,0.248484848485,0.65239716303,0,0.010625,0.0219126833686,0.00832636832139,0.278787878788,0.284848484848,0.327272727273
s3_seir_seed15,stage3_final,seir,8,10,0.9,15,0.005,s1_seir_main,0.224242424242,0.214522441058,0,0.010625,0.021918677801,0.00828964023841,0.272727272727,0.272727272727,0.333333333333
s3_seir_seed15,stage3_final,seir,8,10,0.9,15,0.01,s1_seir_main,0.224242424242,0.585003660061,0,0.010625,0.0220591198984,0.00844417986262,0.272727272727,0.278787878788,0.327272727273
s3_seir_seed15,stage3_final,seir,8,10,0.9,15,0.02,s1_seir_main,0.242424242424,0.277539040474,0,0.010625,0.0224202629351,0.00858966802621,0.272727272727,0.284848484848,0.30303030303
s3_seir_seed15,stage3_final,seir,8,10,0.9,15,0.03,s1_seir_main,0.236363636364,0.221557305377,0,0.010625,0.0225801558806,0.008632351638,0.272727272727,0.278787878788,0.315151515152
s3_seir_seed15,stage3_final,seir,8,10,0.9,15,0.04,s1_seir_main,0.248484848485,0.633351204848,0,0.0155097333848,0.0225585392607,0.00867807590942,0.272727272727,0.272727272727,0.321212121212
s3_seir_seed15,stage3_final,seir,8,10,0.9,15,0.05,s1_seir_main,0.230303030303,0.567185750303,0,0.01470825625,0.0225505614027,0.00872670524849,0.272727272727,0.278787878788,0.30303030303
s3_seir_seed15,stage3_final,seir,8,10,0.9,15,0.06,s1_seir_main,0.236363636364,0.619978981273,0,0.010625,0.022584922461,0.00864726555798,0.272727272727,0.272727272727,0.284848484848
s3_seir_seed15,stage3_final,seir,8,10,0.9,15,0.08,s1_seir_main,0.236363636364,0.538343509813,0,0.010625,0.0223353242833,0.00895337764733,0.272727272727,0.272727272727,0.309090909091
s3_seir_seed15,stage3_final,seir,8,10,0.9,15,0.1,s1_seir_main,0.230303030303,0.568818965134,0,0.010625,0.0227009035947,0.00925399682983,0.272727272727,0.272727272727,0.29696969697
s3_seir_seed15,stage3_final,seir,8,10,0.9,15,0.15,s1_seir_main,0.206060606061,0.137488765809,0,0.010625,0.0229016530196,0.0096341632252,0.272727272727,0.272727272727,0.290909090909
s3_seir_seed15,stage3_final,seir,8,10,0.9,15,0.2,s1_seir_main,0.218181818182,0.241311036889,0,0.0172631318681,0.0221115231328,0.00981034300764,0.272727272727,0.272727272727,0.272727272727
s3_seir_seed15,stage3_final,seir,8,10,0.9,15,0.3,s1_seir_main,0.242424242424,0.550881241879,0,0.0194921875,0.0213510814394,0.0100486128531,0.272727272727,0.272727272727,0.278787878788
s3_seir_seed15,stage3_final,seir,8,10,0.9,15,0.5,s1_seir_main,0.236363636364,0.547362999455,0,0.0194921875,0.0213321109848,0.0100663293304,0.272727272727,0.272727272727,0.278787878788
s3_seir_seed15,stage3_final,seir,8,10,0.9,15,0.75,s1_seir_main,0.230303030303,0.550482393394,0,0.0194921875,0.0213321109848,0.0100663293304,0.272727272727,0.272727272727,0.278787878788
s3_seir_seed15,stage3_final,seir,8,10,0.9,15,1,s1_seir_main,0.224242424242,0.125927578816,0,0.0194921875,0.0213321109848,0.0100663293304,0.272727272727,0.272727272727,0.278787878788
s3_seir_seed16,stage3_final,seir,8,10,0.9,16,0,s1_seir_main,0.230303030303,0.592976776535,0,0.010625,0.0219126833686,0.00832636832139,0.278787878788,0.284848484848,0.327272727273
s3_seir_seed16,stage3_final,seir,8,10,0.9,16,0.005,s1_seir_main,0.254545454545,0.263845471361,0,0.010625,0.021918677801,0.00828964023841,0.272727272727,0.272727272727,0.333333333333
s3_seir_seed16,stage3_final,seir,8,10,0.9,16,0.01,s1_seir_main,0.260606060606,0.641576011515,0,0.010625,0.0220591198984,0.00844417986262,0.272727272727,0.278787878788,0.327272727273
s3_seir_seed16,stage3_final,seir,8,10,0.9,16,0.02,s1_seir_main,0.254545454545,0.596534868462,0,0.010625,0.0224202629351,0.00858966802621,0.272727272727,0.284848484848,0.30303030303
s3_seir_seed16,stage3_final,seir,8,10,0.9,16,0.03,s1_seir_main,0.230303030303,0.585725593862,0,0.010625,0.0225801558806,0.008632351638,0.272727272727,0.278787878788,0.315151515152
s3_seir_seed16,stage3_final,seir,8,10,0.9,16,0.04,s1_seir_main,0.242424242424,0.257782300474,0,0.0155097333848,0.0225585392607,0.00867807590942,0.272727272727,0.272727272727,0.321212121212
s3_seir_seed16,stage3_final,seir,8,10,0.9,16,0.05,s1_seir_main,0.248484848485,0.268701215625,0,0.01470825625,0.0225505614027,0.00872670524849,0.272727272727,0.278787878788,0.30303030303
s3_seir_seed16,stage3_final,seir,8,10,0.9,16,0.06,s1_seir_main,0.236363636364,0.572700901818,0,0.010625,0.022584922461,0.00864726555798,0.272727272727,0.272727272727,0.284848484848
s3_seir_seed16,stage3_final,seir,8,10,0.9,16,0.08,s1_seir_main,0.212121212121,0.175415597376,0,0.010625,0.0223353242833,0.00895337764733,0.272727272727,0.272727272727,0.309090909091
s3_seir_seed16,stage3_final,seir,8,10,0.9,16,0.1,s1_seir_main,0.236363636364,0.585909459455,0,0.010625,0.0227009035947,0.00925399682983,0.272727272727,0.272727272727,0.29696969697
s3_seir_seed16,stage3_final,seir,8,10,0.9,16,0.15,s1_seir_main,0.212121212121,0.292169736233,0,0.010625,0.0229016530196,0.0096341632252,0.272727272727,0.272727272727,0.290909090909
s3_seir_seed16,stage3_final,seir,8,10,0.9,16,0.2,s1_seir_main,0.236363636364,0.255383160029,0,0.0172631318681,0.0221115231328,0.00981034300764,0.272727272727,0.272727272727,0.272727272727
s3_seir_seed16,stage3_final,seir,8,10,0.9,16,0.3,s1_seir_main,0.230303030303,0.549123666121,0,0.0194921875,0.0213510814394,0.0100486128531,0.272727272727,0.272727272727,0.278787878788
s3_seir_seed16,stage3_final,seir,8,10,0.9,16,0.5,s1_seir_main,0.2,0.131454722343,0,0.0194921875,0.0213321109848,0.0100663293304,0.272727272727,0.272727272727,0.278787878788
s3_seir_seed16,stage3_final,seir,8,10,0.9,16,0.75,s1_seir_main,0.224242424242,0.533467790887,0,0.0194921875,0.0213321109848,0.0100663293304,0.272727272727,0.272727272727,0.278787878788
s3_seir_seed16,stage3_final,seir,8,10,0.9,16,1,s1_seir_main,0.230303030303,0.56291875703,0,0.0194921875,0.0213321109848,0.0100663293304,0.272727272727,0.272727272727,0.278787878788
s3_seir_seed17,stage3_final,seir,8,10,0.9,17,0,s1_seir_main,0.212121212121,0.542334849262,0,0.010625,0.0219126833686,0.00832636832139,0.278787878788,0.284848484848,0.327272727273
s3_seir_seed17,stage3_final,seir,8,10,0.9,17,0.005,s1_seir_main,0.242424242424,0.602040132788,0,0.010625,0.021918677801,0.00828964023841,0.272727272727,0.272727272727,0.333333333333
s3_seir_seed17,stage3_final,seir,8,10,0.9,17,0.01,s1_seir_main,0.242424242424,0.26807485924,0,0.010625,0.0220591198984,0.00844417986262,0.272727272727,0.278787878788,0.327272727273
s3_seir_seed17,stage3_final,seir,8,10,0.9,17,0.02,s1_seir_main,0.236363636364,0.210146603504,0,0.010625,0.0224202629351,0.00858966802621,0.272727272727,0.284848484848,0.30303030303
s3_seir_seed17,stage3_final,seir,8,10,0.9,17,0.03,s1_seir_main,0.236363636364,0.257639330777,0,0.010625,0.0225801558806,0.008632351638,0.272727272727,0.278787878788,0.315151515152
s3_seir_seed17,stage3_final,seir,8,10,0.9,17,0.04,s1_seir_main,0.224242424242,0.22106140411,0,0.0155097333848,0.0225585392607,0.00867807590942,0.272727272727,0.272727272727,0.321212121212
s3_seir_seed17,stage3_final,seir,8,10,0.9,17,0.05,s1_seir_main,0.206060606061,0.247707882292,0,0.01470825625,0.0225505614027,0.00872670524849,0.272727272727,0.278787878788,0.30303030303
s3_seir_seed17,stage3_final,seir,8,10,0.9,17,0.06,s1_seir_main,0.236363636364,0.629161447273,0,0.010625,0.022584922461,0.00864726555798,0.272727272727,0.272727272727,0.284848484848
s3_seir_seed17,stage3_final,seir,8,10,0.9,17,0.08,s1_seir_main,0.248484848485,0.563799373939,0,0.010625,0.0223353242833,0.00895337764733,0.272727272727,0.272727272727,0.309090909091
s3_seir_seed17,stage3_final,seir,8,10,0.9,17,0.1,s1_seir_main,0.236363636364,0.584818550364,0,0.010625,0.0227009035947,0.00925399682983,0.272727272727,0.272727272727,0.29696969697
s3_seir_seed17,stage3_final,seir,8,10,0.9,17,0.15,s1_seir_main,0.230303030303,0.155162280961,0,0.010625,0.0229016530196,0.0096341632252,0.272727272727,0.272727272727,0.290909090909
s3_seir_seed17,stage3_final,seir,8,10,0.9,17,0.2,s1_seir_main,0.236363636364,0.416022672182,0,0.0172631318681,0.0221115231328,0.00981034300764,0.272727272727,0.272727272727,0.272727272727
s3_seir_seed17,stage3_final,seir,8,10,0.9,17,0.3,s1_seir_main,0.242424242424,0.567043060061,0,0.0194921875,0.0213510814394,0.0100486128531,0.272727272727,0.272727272727,0.278787878788
s3_seir_seed17,stage3_final,seir,8,10,0.9,17,0.5,s1_seir_main,0.230303030303,0.421138429758,0,0.0194921875,0.0213321109848,0.0100663293304,0.272727272727,0.272727272727,0.278787878788
s3_seir_seed17,stage3_final,seir,8,10,0.9,17,0.75,s1_seir_main,0.230303030303,0.538484029758,0,0.0194921875,0.0213321109848,0.0100663293304,0.272727272727,0.272727272727,0.278787878788
s3_seir_seed17,stage3_final,seir,8,10,0.9,17,1,s1_seir_main,0.212121212121,0.277387334464,0,0.0194921875,0.0213321109848,0.0100663293304,0.272727272727,0.272727272727,0.278787878788
s3_seir_seed18,stage3_final,seir,8,10,0.9,18,0,s1_seir_main,0.230303030303,0.61167116303,0,0.010625,0.0219126833686,0.00832636832139,0.278787878788,0.284848484848,0.327272727273
s3_seir_seed18,stage3_final,seir,8,10,0.9,18,0.005,s1_seir_main,0.248484848485,0.603725708485,0,0.010625,0.021918677801,0.00828964023841,0.272727272727,0.272727272727,0.333333333333
s3_seir_seed18,stage3_final,seir,8,10,0.9,18,0.01,s1_seir_main,0.230303030303,0.642854908485,0,0.010625,0.0220591198984,0.00844417986262,0.272727272727,0.278787878788,0.327272727273
s3_seir_seed18,stage3_final,seir,8,10,0.9,18,0.02,s1_seir_main,0.266666666667,0.652302113939,0,0.010625,0.0224202629351,0.00858966802621,0.272727272727,0.284848484848,0.30303030303
s3_seir_seed18,stage3_final,seir,8,10,0.9,18,0.03,s1_seir_main,0.242424242424,0.265445391383,0,0.010625,0.0225801558806,0.008632351638,0.272727272727,0.278787878788,0.315151515152
s3_seir_seed18,stage3_final,seir,8,10,0.9,18,0.04,s1_seir_main,0.236363636364,0.248569342958,0,0.0155097333848,0.0225585392607,0.00867807590942,0.272727272727,0.272727272727,0.321212121212
s3_seir_seed18,stage3_final,seir,8,10,0.9,18,0.05,s1_seir_main,0.212121212121,0.488471218228,0,0.01470825625,0.0225505614027,0.00872670524849,0.272727272727,0.278787878788,0.30303030303
s3_seir_seed18,stage3_final,seir,8,10,0.9,18,0.06,s1_seir_main,0.236363636364,0.266795821686,0,0.010625,0.022584922461,0.00864726555798,0.272727272727,0.272727272727,0.284848484848
s3_seir_seed18,stage3_final,seir,8,10,0.9,18,0.08,s1_seir_main,0.230303030303,0.250996594358,0,0.010625,0.0223353242833,0.00895337764733,0.272727272727,0.272727272727,0.309090909091
s3_seir_seed18,stage3_final,seir,8,10,0.9,18,0.1,s1_seir_main,0.242424242424,0.589542640061,0,0.010625,0.0227009035947,0.00925399682983,0.272727272727,0.272727272727,0.29696969697
s3_seir_seed18,stage3_final,seir,8,10,0.9,18,0.15,s1_seir_main,0.242424242424,0.574411757152,0,0.010625,0.0229016530196,0.0096341632252,0.272727272727,0.272727272727,0.290909090909
s3_seir_seed18,stage3_final,seir,8,10,0.9,18,0.2,s1_seir_main,0.248484848485,0.545563666121,0,0.0172631318681,0.0221115231328,0.00981034300764,0.272727272727,0.272727272727,0.272727272727
s3_seir_seed18,stage3_final,seir,8,10,0.9,18,0.3,s1_seir_main,0.212121212121,0.402495789261,0,0.0194921875,0.0213510814394,0.0100486128531,0.272727272727,0.272727272727,0.278787878788
s3_seir_seed18,stage3_final,seir,8,10,0.9,18,0.5,s1_seir_main,0.224242424242,0.552985423697,0,0.0194921875,0.0213321109848,0.0100663293304,0.272727272727,0.272727272727,0.278787878788
s3_seir_seed18,stage3_final,seir,8,10,0.9,18,0.75,s1_seir_main,0.224242424242,0.520540518159,0,0.0194921875,0.0213321109848,0.0100663293304,0.272727272727,0.272727272727,0.278787878788
s3_seir_seed18,stage3_final,seir,8,10,0.9,18,1,s1_seir_main,0.236363636364,0.547799363091,0,0.0194921875,0.0213321109848,0.0100663293304,0.272727272727,0.272727272727,0.278787878788
s3_seir_seed19,stage3_final,seir,8,10,0.9,19,0,s1_seir_main,0.206060606061,0.614319647879,0,0.010625,0.0219126833686,0.00832636832139,0.278787878788,0.284848484848,0.327272727273
s3_seir_seed19,stage3_final,seir,8,10,0.9,19,0.005,s1_seir_main,0.236363636364,0.217361641113,0,0.010625,0.021918677801,0.00828964023841,0.272727272727,0.272727272727,0.333333333333
s3_seir_seed19,stage3_final,seir,8,10,0.9,19,0.01,s1_seir_main,0.248484848485,0.214364447118,0,0.010625,0.0220591198984,0.00844417986262,0.272727272727,0.278787878788,0.327272727273
s3_seir_seed19,stage3_final,seir,8,10,0.9,19,0.02,s1_seir_main,0.236363636364,0.258184785322,0,0.010625,0.0224202629351,0.00858966802621,0.272727272727,0.284848484848,0.30303030303
s3_seir_seed19,stage3_final,seir,8,10,0.9,19,0.03,s1_seir_main,0.254545454545,0.639635447273,0,0.010625,0.0225801558806,0.008632351638,0.272727272727,0.278787878788,0.315151515152
s3_seir_seed19,stage3_final,seir,8,10,0.9,19,0.04,s1_seir_main,0.236363636364,0.616095175273,0,0.0155097333848,0.0225585392607,0.00867807590942,0.272727272727,0.272727272727,0.321212121212
s3_seir_seed19,stage3_final,seir,8,10,0.9,19,0.05,s1_seir_main,0.224242424242,0.254476325383,0,0.01470825625,0.0225505614027,0.00872670524849,0.272727272727,0.278787878788,0.30303030303
s3_seir_seed19,stage3_final,seir,8,10,0.9,19,0.06,s1_seir_main,0.242424242424,0.267601234474,0,0.010625,0.022584922461,0.00864726555798,0.272727272727,0.272727272727,0.284848484848
s3_seir_seed19,stage3_final,seir,8,10,0.9,19,0.08,s1_seir_main,0.230303030303,0.250014776176,0,0.010625,0.0223353242833,0.00895337764733,0.272727272727,0.272727272727,0.309090909091
s3_seir_seed19,stage3_final,seir,8,10,0.9,19,0.1,s1_seir_main,0.236363636364,0.27074918273,0,0.010625,0.0227009035947,0.00925399682983,0.272727272727,0.272727272727,0.29696969697
s3_seir_seed19,stage3_final,seir,8,10,0.9,19,0.15,s1_seir_main,0.236363636364,0.564532969273,0,0.010625,0.0229016530196,0.0096341632252,0.272727272727,0.272727272727,0.290909090909
s3_seir_seed19,stage3_final,seir,8,10,0.9,19,0.2,s1_seir_main,0.218181818182,0.26183065507,0,0.0172631318681,0.0221115231328,0.00981034300764,0.272727272727,0.272727272727,0.272727272727
s3_seir_seed19,stage3_final,seir,8,10,0.9,19,0.3,s1_seir_main,0.224242424242,0.159289182949,0,0.0194921875,0.0213510814394,0.0100486128531,0.272727272727,0.272727272727,0.278787878788
s3_seir_seed19,stage3_final,seir,8,10,0.9,19,0.5,s1_seir_main,0.224242424242,0.401560190887,0,0.0194921875,0.0213321109848,0.0100663293304,0.272727272727,0.272727272727,0.278787878788
s3_seir_seed19,stage3_final,seir,8,10,0.9,19,0.75,s1_seir_main,0.230303030303,0.252523794519,0,0.0194921875,0.0213321109848,0.0100663293304,0.272727272727,0.272727272727,0.278787878788
s3_seir_seed19,stage3_final,seir,8,10,0.9,19,1,s1_seir_main,0.230303030303,0.148934279919,0,0.0194921875,0.0213321109848,0.0100663293304,0.272727272727,0.272727272727,0.278787878788
s3_sis_seed00,stage3_final,sis,12,10,0.5,0,0,s1_sis_main,0.0769230769231,0.0384615384615,0,0.0161361734998,0.0191434483439,0.0146394800951,0.0769230769231,0.0769230769231,0.384615384615
s3_sis_seed00,stage3_final,sis,12,10,0.5,0,0.005,s1_sis_main,0.0769230769231,0.0384615384615,0,0.0161361734998,0.0191434483439,0.0146394800951,0.0769230769231,0.0769230769231,0.384615384615
s3_sis_seed00,stage3_final,sis,12,10,0.5,0,0.01,s1_sis_main,0,0,0,0.0161361734998,0.0191434483439,0.0146394800951,0.0769230769231,0.0769230769231,0.384615384615
s3_sis_seed00,stage3_final,sis,12,10,0.5,0,0.02,s1_sis_main,0.0769230769231,0.0384615384615,0,0.0161361734998,0.0189041321046,0.0144599929156,0.0769230769231,0.153846153846,0.384615384615
s3_sis_seed00,stage3_final,sis,12,10,0.5,0,0.03,s1_sis_main,0.0769230769231,0.0384615384615,0,0.0161506390265,0.019313701598,0.0172264040756,0.0769230769231,0.0769230769231,0.384615384615
s3_sis_seed00,stage3_final,sis,12,10,0.5,0,0.04,s1_sis_main,0.0769230769231,0.0384615384615,0,0.0161736883395,0.0197442849422,0.0183915636732,0.0769230769231,0.153846153846,0.384615384615
s3_sis_seed00,stage3_final,sis,12,10,0.5,0,0.05,s1_sis_main,0.0769230769231,0.0384615384615,0,0.0161967376525,0.0204399980841,0.0195425848382,0.0769230769231,0.0769230769231,0.307692307692
s3_sis_seed00,stage3_final,sis,12,10,0.5,0,0.06,s1_sis_main,0.0769230769231,0.0384615384615,0,0.0171946169763,0.0208447015111,0.0204798883547,0.0769230769231,0.0769230769231,0.307692307692
s3_sis_seed00,stage3_final,sis,12,10,0.5,0,0.08,s1_sis_main,0.0769230769231,0.0384615384615,0,0.019298245614,0.0215696602046,0.022233101157,0.0769230769231,0.0769230769231,0.307692307692
s3_sis_seed00,stage3_final,sis,12,10,0.5,0,0.1,s1_sis_main,0.0769230769231,0.0384615384615,0,0.019298245614,0.0208621895808,0.021237012429,0.0769230769231,0.0769230769231,0.384615384615
s3_sis_seed00,stage3_final,sis,12,10,0.5,0,0.15,s1_sis_main,0.0769230769231,0.0384615384615,0,0.0142857142857,0.0194265178754,0.0191735053478,0.0769230769231,0.0769230769231,0.384615384615
s3_sis_seed00,stage3_final,sis,12,10,0.5,0,0.2,s1_sis_main,0.0769230769231,0.0384615384615,0,0.0131022110163,0.0196375644009,0.0178578741613,0.0769230769231,0.0769230769231,0.384615384615
s3_sis_seed00,stage3_final,sis,12,10,0.5,0,0.3,s1_sis_main,0.0769230769231,0.0384615384615,0,0.00846774192372,0.0172146402037,0.0143772179144,0.153846153846,0.153846153846,0.538461538462
s3_sis_seed00,stage3_final,sis,12,10,0.5,0,0.5,s1_sis_main,0.153846153846,0.140198511166,0,0.00846774192372,0.0172146402037,0.0143772179144,0.153846153846,0.153846153846,0.538461538462
s3_sis_seed00,stage3_final,sis,12,10,0.5,0,0.75,s1_sis_main,0.0769230769231,0.0384615384615,0,0.00846774192372,0.0172146402037,0.0143772179144,0.153846153846,0.153846153846,0.538461538462
s3_sis_seed00,stage3_final,sis,12,10,0.5,0,1,s1_sis_main,0.0769230769231,0.0384615384615,0,0.00846774192372,0.0172146402037,0.0143772179144,0.153846153846,0.153846153846,0.538461538462
s3_sis_seed01,stage3_final,sis,12,10,0.5,1,0,s1_sis_main,0.0769230769231,0.0384615384615,0,0.0161361734998,0.0191434483439,0.0146394800951,0.0769230769231,0.0769230769231,0.384615384615
s3_sis_seed01,stage3_final,sis,12,10,0.5,1,0.005,s1_sis_main,0.0769230769231,0.0384615384615,0,0.0161361734998,0.0191434483439,0.0146394800951,0.0769230769231,0.0769230769231,0.384615384615
s3_sis_seed01,stage3_final,sis,12,10,0.5,1,0.01,s1_sis_main,0.0769230769231,0.0384615384615,0,0.0161361734998,0.0191434483439,0.0146394800951,0.0769230769231,0.0769230769231,0.384615384615
s3_sis_seed01,stage3_final,sis,12,10,0.5,1,0.02,s1_sis_main,0.0769230769231,0.0384615384615,0,0.0161361734998,0.0189041321046,0.0144599929156,0.0769230769231,0.153846153846,0.384615384615
s3_sis_seed01,stage3_final,sis,12,10,0.5,1,0.03,s1_sis_main,0.0769230769231,0.0384615384615,0,0.0161506390265,0.019313701598,0.0172264040756,0.0769230769231,0.0769230769231,0.384615384615
s3_sis_seed01,stage3_final,sis,12,10,0.5,1,0.04,s1_sis_main,0.0769230769231,0.0384615384615,0,0.0161736883395,0.0197442849422,0.0183915636732,0.0769230769231,0.153846153846,0.384615384615
s3_sis_seed01,stage3_final,sis,12,10,0.5,1,0.05,s1_sis_main,0.0769230769231,0.0384615384615,0,0.0161967376525,0.0204399980841,0.0195425848382,0.0769230769231,0.0769230769231,0.307692307692
s3_sis_seed01,stage3_final,sis,12,10,0.5,1,0.06,s1_sis_main,0.0769230769231,0.0384615384615,0,0.0171946169763,0.0208447015111,0.0204798883547,0.0769230769231,0.0769230769231,0.307692307692
s3_sis_seed01,stage3_final,sis,12,10,0.5,1,0.08,s1_sis_main,0.0769230769231,0.0384615384615,0,0.019298245614,0.0215696602046,0.022233101157,0.0769230769231,0.0769230769231,0.307692307692
s3_sis_seed01,stage3_final,sis,12,10,0.5,1,0.1,s1_sis_main,0.0769230769231,0.0384615384615,0,0.019298245614,0.0208621895808,0.021237012429,0.0769230769231,0.0769230769231,0.384615384615
s3_sis_seed01,stage3_final,sis,12,10,0.5,1,0.15,s1_sis_main,0.0769230769231,0.0384615384615,0,0.0142857142857,0.0194265178754,0.0191735053478,0.0769230769231,0.0769230769231,0.384615384615
s3_sis_seed01,stage3_final,sis,12,10,0.5,1,0.2,s1_sis_main,0.0769230769231,0.0384615384615,0,0.0131022110163,0.0196375644009,0.0178578741613,0.0769230769231,0.0769230769231,0.384615384615
s3_sis_seed01,stage3_final,sis,12,10,0.5,1,0.3,s1_sis_main,0.0769230769231,0.0384615384615,0,0.00846774192372,0.0172146402037,0.0143772179144,0.153846153846,0.153846153846,0.538461538462
s3_sis_seed01,stage3_final,sis,12,10,0.5,1,0.5,s1_sis_main,0.153846153846,0.140198511166,0,0.00846774192372,0.0172146402037,0.0143772179144,0.153846153846,0.153846153846,0.538461538462
s3_sis_seed01,stage3_final,sis,12,10,0.5,1,0.75,s1_sis_main,0.0769230769231,0.0384615384615,0,0.00846774192372,0.0172146402037,0.0143772179144,0.153846153846,0.153846153846,0.538461538462
s3_sis_seed01,stage3_final,sis,12,10,0.5,1,1,s1_sis_main,0.153846153846,0.140198511166,0,0.00846774192372,0.0172146402037,0.0143772179144,0.153846153846,0.153846153846,0.538461538462
s3_sis_seed02,stage3_final,sis,12,10,0.5,2,0,s1_sis_main,0.0769230769231,0.0384615384615,0,0.0161361734998,0.0191434483439,0.0146394800951,0.0769230769231,0.0769230769231,0.384615384615
s3_sis_seed02,stage3_final,sis,12,10,0.5,2,0.005,s1_sis_main,0.153846153846,0.370192307692,0,0.0161361734998,0.0191434483439,0.0146394800951,0.0769230769231,0.0769230769231,0.384615384615
s3_sis_seed02,stage3_final,sis,12,10,0.5,2,0.01,s1_sis_main,0,0,0,0.0161361734998,0.0191434483439,0.0146394800951,0.0769230769231,0.0769230769231,0.384615384615
s3_sis_seed02,stage3_final,sis,12,10,0.5,2,0.02,s1_sis_main,0.0769230769231,0.0384615384615,0,0.0161361734998,0.0189041321046,0.0144599929156,0.0769230769231,0.153846153846,0.384615384615
s3_sis_seed02,stage3_final,sis,12,10,0.5,2,0.03,s1_sis_main,0.0769230769231,0.0384615384615,0,0.0161506390265,0.019313701598,0.0172264040756,0.0769230769231,0.0769230769231,0.384615384615
s3_sis_seed02,stage3_final,sis,12,10,0.5,2,0.04,s1_sis_main,0.0769230769231,0.0384615384615,0,0.0161736883395,0.0197442849422,0.0183915636732,0.0769230769231,0.153846153846,0.384615384615
s3_sis_seed02,stage3_final,sis,12,10,0.5,2,0.05,s1_sis_main,0.0769230769231,0.0384615384615,0,0.0161967376525,0.0204399980841,0.0195425848382,0.0769230769231,0.0769230769231,0.307692307692
s3_sis_seed02,stage3_final,sis,12,10,0.5,2,0.06,s1_sis_main,0.0769230769231,0.0384615384615,0,0.0171946169763,0.0208447015111,0.0204798883547,0.0769230769231,0.0769230769231,0.307692307692
s3_sis_seed02,stage3_final,sis,12,10,0.5,2,0.08,s1_sis_main,0.0769230769231,0.0384615384615,0,0.019298245614,0.0215696602046,0.022233101157,0.0769230769231,0.0769230769231,0.307692307692
s3_sis_seed02,stage3_final,sis,12,10,0.5,2,0.1,s1_sis_main,0.0769230769231,0.0384615384615,0,0.019298245614,0.0208621895808,0.021237012429,0.0769230769231,0.0769230769231,0.384615384615
s3_sis_seed02,stage3_final,sis,12,10,0.5,2,0.15,s1_sis_main,0.0769230769231,0.0384615384615,0,0.0142857142857,0.0194265178754,0.0191735053478,0.0769230769231,0.0769230769231,0.384615384615
s3_sis_seed02,stage3_final,sis,12,10,0.5,2,0.2,s1_sis_main,0.0769230769231,0.0384615384615,0,0.0131022110163,0.0196375644009,0.0178578741613,0.0769230769231,0.0769230769231,0.384615384615
s3_sis_seed02,stage3_final,sis,12,10,0.5,2,0.3,s1_sis_main,0.153846153846,0.140198511166,0,0.00846774192372,0.0172146402037,0.0143772179144,0.153846153846,0.153846153846,0.538461538462
s3_sis_seed02,stage3_final,sis,12,10,0.5,2,0.5,s1_sis_main,0.0769230769231,0.0384615384615,0,0.00846774192372,0.0172146402037,0.0143772179144,0.153846153846,0.153846153846,0.538461538462
s3_sis_seed02,stage3_final,sis,12,10,0.5,2,0.75,s1_sis_main,0.153846153846,0.140198511166,0,0.00846774192372,0.0172146402037,0.0143772179144,0.153846153846,0.153846153846,0.538461538462
s3_sis_seed02,stage3_final,sis,12,10,0.5,2,1,s1_sis_main,0.0769230769231,0.0384615384615,0,0.00846774192372,0.0172146402037,0.0143772179144,0.153846153846,0.153846153846,0.538461538462
s3_sis_seed03,stage3_final,sis,12,10,0.5,3,0,s1_sis_main,0.0769230769231,0.0384615384615,0,0.0161361734998,0.0191434483439,0.0146394800951,0.0769230769231,0.0769230769231,0.384615384615
s3_sis_seed03,stage3_final,sis,12,10,0.5,3,0.005,s1_sis_main,0.0769230769231,0.0384615384615,0,0.0161361734998,0.0191434483439,0.0146394800951,0.0769230769231,0.0769230769231,0.384615384615
s3_sis_seed03,stage3_final,sis,12,10,0.5,3,0.01,s1_sis_main,0.0769230769231,0.0384615384615,0,0.0161361734998,0.0191434483439,0.0146394800951,0.0769230769231,0.0769230769231,0.384615384615
s3_sis_seed03,stage3_final,sis,12,10,0.5,3,0.02,s1_sis_main,0.0769230769231,0.0384615384615,0,0.0161361734998,0.0189041321046,0.0144599929156,0.0769230769231,0.153846153846,0.384615384615
s3_sis_seed03,stage3_final,sis,12,10,0.5,3,0.03,s1_sis_main,0,0,0,0.0161506390265,0.019313701598,0.0172264040756,0.0769230769231,0.0769230769231,0.384615384615
s3_sis_seed03,stage3_final,sis,12,10,0.5,3,0.04,s1_sis_main,0.153846153846,0.0769230769231,0,0.0161736883395,0.0197442849422,0.0183915636732,0.0769230769231,0.153846153846,0.384615384615
s3_sis_seed03,stage3_final,sis,12,10,0.5,3,0.05,s1_sis_main,0.0769230769231,0.0384615384615,0,0.0161967376525,0.0204399980841,0.0195425848382,0.0769230769231,0.0769230769231,0.307692307692
s3_sis_seed03,stage3_final,sis,12,10,0.5,3,0.06,s1_sis_main,0.0769230769231,0.0384615384615,0,0.0171946169763,0.0208447015111,0.0204798883547,0.0769230769231,0.0769230769231,0.307692307692
s3_sis_seed03,stage3_final,sis,12,10,0.5,3,0.08,s1_sis_main,0.0769230769231,0.0384615384615,0,0.019298245614,0.0215696602046,0.022233101157,0.0769230769231,0.0769230769231,0.307692307692
s3_sis_seed03,stage3_final,sis,12,10,0.5,3,0.1,s1_sis_main,0.0769230769231,0.0384615384615,0,0.019298245614,0.0208621895808,0.021237012429,0.0769230769231,0.0769230769231,0.384615384615
s3_sis_seed03,stage3_final,sis,12,10,0.5,3,0.15,s1_sis_main,0.0769230769231,0.0384615384615,0,0.0142857142857,0.0194265178754,0.0191735053478,0.0769230769231,0.0769230769231,0.384615384615
s3_sis_seed03,stage3_final,sis,12,10,0.5,3,0.2,s1_sis_main,0.0769230769231,0.0384615384615,0,0.0131022110163,0.0196375644009,0.0178578741613,0.0769230769231,0.0769230769231,0.384615384615
s3_sis_seed03,stage3_final,sis,12,10,0.5,3,0.3,s1_sis_main,0.0769230769231,0.0384615384615,0,0.00846774192372,0.0172146402037,0.0143772179144,0.153846153846,0.153846153846,0.538461538462
s3_sis_seed03,stage3_final,sis,12,10,0.5,3,0.5,s1_sis_main,0.0769230769231,0.0384615384615,0,0.00846774192372,0.0172146402037,0.0143772179144,0.153846153846,0.153846153846,0.538461538462
s3_sis_seed03,stage3_final,sis,12,10,0.5,3,0.75,s1_sis_main,0.153846153846,0.140198511166,0,0.00846774192372,0.0172146402037,0.0143772179144,0.153846153846,0.153846153846,0.538461538462
s3_sis_seed03,stage3_final,sis,12,10,0.5,3,1,s1_sis_main,0.0769230769231,0.0384615384615,0,0.00846774192372,0.0172146402037,0.0143772179144,0.153846153846,0.153846153846,0.538461538462
s3_sis_seed04,stage3_final,sis,12,10,0.5,4,0,s1_sis_main,0.0769230769231,0.0384615384615,0,0.0161361734998,0.0191434483439,0.0146394800951,0.0769230769231,0.0769230769231,0.384615384615
s3_sis_seed04,stage3_final,sis,12,10,0.5,4,0.005,s1_sis_main,0.0769230769231,0.0384615384615,0,0.0161361734998,0.0191434483439,0.0146394800951,0.0769230769231,0.0769230769231,0.384615384615
s3_sis_seed04,stage3_final,sis,12,10,0.5,4,0.01,s1_sis_main,0.0769230769231,0.0384615384615,0,0.0161361734998,0.0191434483439,0.0146394800951,0.0769230769231,0.0769230769231,0.384615384615
s3_sis_seed04,stage3_final,sis,12,10,0.5,4,0.02,s1_sis_main,0.0769230769231,0.0384615384615,0,0.0161361734998,0.0189041321046,0.0144599929156,0.0769230769231,0.153846153846,0.384615384615
s3_sis_seed04,stage3_final,sis,12,10,0.5,4,0.03,s1_sis_main,0,0,0,0.0161506390265,0.019313701598,0.0172264040756,0.0769230769231,0.0769230769231,0.384615384615
s3_sis_seed04,stage3_final,sis,12,10,0.5,4,0.04,s1_sis_main,0,0,0,0.0161736883395,0.0197442849422,0.0183915636732,0.0769230769231,0.153846153846,0.384615384615
s3_sis_seed04,stage3_final,sis,12,10,0.5,4,0.05,s1_sis_main,0.0769230769231,0.0384615384615,0,0.0161967376525,0.0204399980841,0.0195425848382,0.0769230769231,0.0769230769231,0.307692307692
s3_sis_seed04,stage3_final,sis,12,10,0.5,4,0.06,s1_sis_main,0.0769230769231,0.0384615384615,0,0.0171946169763,0.0208447015111,0.0204798883547,0.0769230769231,0.0769230769231,0.307692307692
s3_sis_seed04,stage3_final,sis,12,10,0.5,4,0.08,s1_sis_main,0.0769230769231,0.0384615384615,0,0.019298245614,0.0215696602046,0.022233101157,0.0769230769231,0.0769230769231,0.307692307692
s3_sis_seed04,stage3_final,sis,12,10,0.5,4,0.1,s1_sis_main,0.0769230769231,0.0384615384615,0,0.019298245614,0.0208621895808,0.021237012429,0.0769230769231,0.0769230769231,0.384615384615
s3_sis_seed04,stage3_final,sis,12,10,0.5,4,0.15,s1_sis_main,0.0769230769231,0.0384615384615,0,0.0142857142857,0.0194265178754,0.0191735053478,0.0769230769231,0.0769230769231,0.384615384615
s3_sis_seed04,stage3_final,sis,12,10,0.5,4,0.2,s1_sis_main,0.0769230769231,0.0384615384615,0,0.0131022110163,0.0196375644009,0.0178578741613,0.0769230769231,0.0769230769231,0.384615384615
s3_sis_seed04,stage3_final,sis,12,10,0.5,4,0.3,s1_sis_main,0.153846153846,0.140198511166,0,0.00846774192372,0.0172146402037,0.0143772179144,0.153846153846,0.153846153846,0.538461538462
s3_sis_seed04,stage3_final,sis,12,10,0.5,4,0.5,s1_sis_main,0.153846153846,0.140198511166,0,0.00846774192372,0.0172146402037,0.0143772179144,0.153846153846,0.153846153846,0.538461538462
s3_sis_seed04,stage3_final,sis,12,10,0.5,4,0.75,s1_sis_main,0.0769230769231,0.0384615384615,0,0.00846774192372,0.0172146402037,0.0143772179144,0.153846153846,0.153846153846,0.538461538462
s3_sis_seed04,stage3_final,sis,12,10,0.5,4,1,s1_sis_main,0.0769230769231,0.0384615384615,0,0.00846774192372,0.0172146402037,0.0143772179144,0.153846153846,0.153846153846,0.538461538462
s3_sis_seed05,stage3_final,sis,12,10,0.5,5,0,s1_sis_main,0.0769230769231,0.0384615384615,0,0.0161361734998,0.0191434483439,0.0146394800951,0.0769230769231,0.0769230769231,0.384615384615
s3_sis_seed05,stage3_final,sis,12,10,0.5,5,0.005,s1_sis_main,0.0769230769231,0.0384615384615,0,0.0161361734998,0.0191434483439,0.0146394800951,0.0769230769231,0.0769230769231,0.384615384615
s3_sis_seed05,stage3_final,sis,12,10,0.5,5,0.01,s1_sis_main,0.153846153846,0.370192307692,0,0.0161361734998,0.0191434483439,0.0146394800951,0.0769230769231,0.0769230769231,0.384615384615
s3_sis_seed05,stage3_final,sis,12,10,0.5,5,0.02,s1_sis_main,0.0769230769231,0.0384615384615,0,0.0161361734998,0.0189041321046,0.0144599929156,0.0769230769231,0.153846153846,0.384615384615
s3_sis_seed05,stage3_final,sis,12,10,0.5,5,0.03,s1_sis_main,0.0769230769231,0.0384615384615,0,0.0161506390265,0.019313701598,0.0172264040756,0.0769230769231,0.0769230769231,0.384615384615
s3_sis_seed05,stage3_final,sis,12,10,0.5,5,0.04,s1_sis_main,0.0769230769231,0.0384615384615,0,0.0161736883395,0.0197442849422,0.0183915636732,0.0769230769231,0.153846153846,0.384615384615
s3_sis_seed05,stage3_final,sis,12,10,0.5,5,0.05,s1_sis_main,0.0769230769231,0.0384615384615,0,0.0161967376525,0.0204399980841,0.0195425848382,0.0769230769231,0.0769230769231,0.307692307692
s3_sis_seed05,stage3_final,sis,12,10,0.5,5,0.06,s1_sis_main,0.0769230769231,0.0384615384615,0,0.0171946169763,0.0208447015111,0.0204798883547,0.0769230769231,0.0769230769231,0.307692307692
s3_sis_seed05,stage3_final,sis,12,10,0.5,5,0.08,s1_sis_main,0.0769230769231,0.0384615384615,0,0.019298245614,0.0215696602046,0.022233101157,0.0769230769231,0.0769230769231,0.307692307692
s3_sis_seed05,stage3_final,sis,12,10,0.5,5,0.1,s1_sis_main,0.0769230769231,0.0384615384615,0,0.019298245614,0.0208621895808,0.021237012429,0.0769230769231,0.0769230769231,0.384615384615
s3_sis_seed05,stage3_final,sis,12,10,0.5,5,0.15,s1_sis_main,0.0769230769231,0.0384615384615,0,0.0142857142857,0.0194265178754,0.0191735053478,0.0769230769231,0.0769230769231,0.384615384615
s3_sis_seed05,stage3_final,sis,12,10,0.5,5,0.2,s1_sis_main,0.0769230769231,0.0384615384615,0,0.0131022110163,0.0196375644009,0.0178578741613,0.0769230769231,0.0769230769231,0.384615384615
s3_sis_seed05,stage3_final,sis,12,10,0.5,5,0.3,s1_sis_main,0.153846153846,0.140198511166,0,0.00846774192372,0.0172146402037,0.0143772179144,0.153846153846,0.153846153846,0.538461538462
s3_sis_seed05,stage3_final,sis,12,10,0.5,5,0.5,s1_sis_main,0.0769230769231,0.0384615384615,0,0.00846774192372,0.0172146402037,0.0143772179144,0.153846153846,0.153846153846,0.538461538462
s3_sis_seed05,stage3_final,sis,12,10,0.5,5,0.75,s1_sis_main,0.0769230769231,0.0384615384615,0,0.00846774192372,0.0172146402037,0.0143772179144,0.153846153846,0.153846153846,0.538461538462
s3_sis_seed05,stage3_final,sis,12,10,0.5,5,1,s1_sis_main,0.153846153846,0.140198511166,0,0.00846774192372,0.0172146402037,0.0143772179144,0.153846153846,0.153846153846,0.538461538462
s3_sis_seed06,stage3_final,sis,12,10,0.5,6,0,s1_sis_main,0,0,0,0.0161361734998,0.0191434483439,0.0146394800951,0.0769230769231,0.0769230769231,0.384615384615
s3_sis_seed06,stage3_final,sis,12,10,0.5,6,0.005,s1_sis_main,0.0769230769231,0.0384615384615,0,0.0161361734998,0.0191434483439,0.0146394800951,0.0769230769231,0.0769230769231,0.384615384615
s3_sis_seed06,stage3_final,sis,12,10,0.5,6,0.01,s1_sis_main,0.153846153846,0.370192307692,0,0.0161361734998,0.0191434483439,0.0146394800951,0.0769230769231,0.0769230769231,0.384615384615
s3_sis_seed06,stage3_final,sis,12,10,0.5,6,0.02,s1_sis_main,0.0769230769231,0.0384615384615,0,0.0161361734998,0.0189041321046,0.0144599929156,0.0769230769231,0.153846153846,0.384615384615
s3_sis_seed06,stage3_final,sis,12,10,0.5,6,0.03,s1_sis_main,0.0769230769231,0.0384615384615,0,0.0161506390265,0.019313701598,0.0172264040756,0.0769230769231,0.0769230769231,0.384615384615
s3_sis_seed06,stage3_final,sis,12,10,0.5,6,0.04,s1_sis_main,0.0769230769231,0.0384615384615,0,0.0161736883395,0.0197442849422,0.0183915636732,0.0769230769231,0.153846153846,0.384615384615
s3_sis_seed06,stage3_final,sis,12,10,0.5,6,0.05,s1_sis_main,0.0769230769231,0.0384615384615,0,0.0161967376525,0.0204399980841,0.0195425848382,0.0769230769231,0.0769230769231,0.307692307692
s3_sis_seed06,stage3_final,sis,12,10,0.5,6,0.06,s1_sis_main,0,0,0,0.0171946169763,0.0208447015111,0.0204798883547,0.0769230769231,0.0769230769231,0.307692307692
s3_sis_seed06,stage3_final,sis,12,10,0.5,6,0.08,s1_sis_main,0.0769230769231,0.0384615384615,0,0.019298245614,0.0215696602046,0.022233101157,0.0769230769231,0.0769230769231,0.307692307692
s3_sis_seed06,stage3_final,sis,12,10,0.5,6,0.1,s1_sis_main,0.0769230769231,0.0384615384615,0,0.019298245614,0.0208621895808,0.021237012429,0.0769230769231,0.0769230769231,0.384615384615
s3_sis_seed06,stage3_final,sis,12,10,0.5,6,0.15,s1_sis_main,0.153846153846,0.0961538461538,0,0.0142857142857,0.0194265178754,0.0191735053478,0.0769230769231,0.0769230769231,0.384615384615
s3_sis_seed06,stage3_final,sis,12,10,0.5,6,0.2,s1_sis_main,0.0769230769231,0.0384615384615,0,0.0131022110163,0.0196375644009,0.0178578741613,0.0769230769231,0.0769230769231,0.384615384615
s3_sis_seed06,stage3_final,sis,12,10,0.5,6,0.3,s1_sis_main,0.0769230769231,0.0384615384615,0,0.00846774192372,0.0172146402037,0.0143772179144,0.153846153846,0.153846153846,0.538461538462
s3_sis_seed06,stage3_final,sis,12,10,0.5,6,0.5,s1_sis_main,0.0769230769231,0.0384615384615,0,0.00846774192372,0.0172146402037,0.0143772179144,0.153846153846,0.153846153846,0.538461538462
s3_sis_seed06,stage3_final,sis,12,10,0.5,6,0.75,s1_sis_main,0.153846153846,0.140198511166,0,0.00846774192372,0.0172146402037,0.0143772179144,0.153846153846,0.153846153846,0.538461538462
s3_sis_seed06,stage3_final,sis,12,10,0.5,6,1,s1_sis_main,0.0769230769231,0.0384615384615,0,0.00846774192372,0.0172146402037,0.0143772179144,0.153846153846,0.153846153846,0.538461538462
s3_sis_seed07,stage3_final,sis,12,10,0.5,7,0,s1_sis_main,0.153846153846,0.370192307692,0,0.0161361734998,0.0191434483439,0.0146394800951,0.0769230769231,0.0769230769231,0.384615384615
s3_sis_seed07,stage3_final,sis,12,10,0.5,7,0.005,s1_sis_main,0.0769230769231,0.0384615384615,0,0.0161361734998,0.0191434483439,0.0146394800951,0.0769230769231,0.0769230769231,0.384615384615
s3_sis_seed07,stage3_final,sis,12,10,0.5,7,0.01,s1_sis_main,0.0769230769231,0.0384615384615,0,0.0161361734998,0.0191434483439,0.0146394800951,0.0769230769231,0.0769230769231,0.384615384615
s3_sis_seed07,stage3_final,sis,12,10,0.5,7,0.02,s1_sis_main,0.0769230769231,0.0384615384615,0,0.0161361734998,0.0189041321046,0.0144599929156,0.0769230769231,0.153846153846,0.384615384615
s3_sis_seed07,stage3_final,sis,12,10,0.5,7,0.03,s1_sis_main,0.0769230769231,0.0384615384615,0,0.0161506390265,0.019313701598,0.0172264040756,0.0769230769231,0.0769230769231,0.384615384615
s3_sis_seed07,stage3_final,sis,12,10,0.5,7,0.04,s1_sis_main,0.0769230769231,0.0384615384615,0,0.0161736883395,0.0197442849422,0.0183915636732,0.0769230769231,0.153846153846,0.384615384615
s3_sis_seed07,stage3_final,sis,12,10,0.5,7,0.05,s1_sis_main,0.0769230769231,0.0384615384615,0,0.0161967376525,0.0204399980841,0.0195425848382,0.0769230769231,0.0769230769231,0.307692307692
s3_sis_seed07,stage3_final,sis,12,10,0.5,7,0.06,s1_sis_main,0.0769230769231,0.0384615384615,0,0.0171946169763,0.0208447015111,0.0204798883547,0.0769230769231,0.0769230769231,0.307692307692
s3_sis_seed07,stage3_final,sis,12,10,0.5,7,0.08,s1_sis_main,0.0769230769231,0.0384615384615,0,0.019298245614,0.0215696602046,0.022233101157,0.0769230769231,0.0769230769231,0.307692307692
s3_sis_seed07,stage3_final,sis,12,10,0.5,7,0.1,s1_sis_main,0.0769230769231,0.0384615384615,0,0.019298245614,0.0208621895808,0.021237012429,0.0769230769231,0.0769230769231,0.384615384615
s3_sis_seed07,stage3_final,sis,12,10,0.5,7,0.15,s1_sis_main,0.0769230769231,0.0384615384615,0,0.0142857142857,0.0194265178754,0.0191735053478,0.0769230769231,0.0769230769231,0.384615384615
s3_sis_seed07,stage3_final,sis,12,10,0.5,7,0.2,s1_sis_main,0.0769230769231,0.0384615384615,0,0.0131022110163,0.0196375644009,0.0178578741613,0.0769230769231,0.0769230769231,0.384615384615
s3_sis_seed07,stage3_final,sis,12,10,0.5,7,0.3,s1_sis_main,0.153846153846,0.140198511166,0,0.00846774192372,0.0172146402037,0.0143772179144,0.153846153846,0.153846153846,0.538461538462
s3_sis_seed07,stage3_final,sis,12,10,0.5,7,0.5,s1_sis_main,0.0769230769231,0.0384615384615,0,0.00846774192372,0.0172146402037,0.0143772179144,0.153846153846,0.153846153846,0.538461538462
s3_sis_seed07,stage3_final,sis,12,10,0.5,7,0.75,s1_sis_main,0.0769230769231,0.0384615384615,0,0.00846774192372,0.0172146402037,0.0143772179144,0.153846153846,0.153846153846,0.538461538462
s3_sis_seed07,stage3_final,sis,12,10,0.5,7,1,s1_sis_main,0.153846153846,0.140198511166,0,0.00846774192372,0.0172146402037,0.0143772179144,0.153846153846,0.153846153846,0.538461538462
s3_sis_seed08,stage3_final,sis,12,10,0.5,8,0,s1_sis_main,0.153846153846,0.370192307692,0,0.0161361734998,0.0191434483439,0.0146394800951,0.0769230769231,0.0769230769231,0.384615384615
s3_sis_seed08,stage3_final,sis,12,10,0.5,8,0.005,s1_sis_main,0.0769230769231,0.0384615384615,0,0.0161361734998,0.0191434483439,0.0146394800951,0.0769230769231,0.0769230769231,0.384615384615
s3_sis_seed08,stage3_final,sis,12,10,0.5,8,0.01,s1_sis_main,0.0769230769231,0.0384615384615,0,0.0161361734998,0.0191434483439,0.0146394800951,0.0769230769231,0.0769230769231,0.384615384615
s3_sis_seed08,stage3_final,sis,12,10,0.5,8,0.02,s1_sis_main,0.153846153846,0.370192307692,0,0.0161361734998,0.0189041321046,0.0144599929156,0.0769230769231,0.153846153846,0.384615384615
s3_sis_seed08,stage3_final,sis,12,10,0.5,8,0.03,s1_sis_main,0.0769230769231,0.0384615384615,0,0.0161506390265,0.019313701598,0.0172264040756,0.0769230769231,0.0769230769231,0.384615384615
s3_sis_seed08,stage3_final,sis,12,10,0.5,8,0.04,s1_sis_main,0.153846153846,0.0769230769231,0,0.0161736883395,0.0197442849422,0.0183915636732,0.0769230769231,0.153846153846,0.384615384615
s3_sis_seed08,stage3_final,sis,12,10,0.5,8,0.05,s1_sis_main,0.0769230769231,0.0384615384615,0,0.0161967376525,0.0204399980841,0.0195425848382,0.0769230769231,0.0769230769231,0.307692307692
s3_sis_seed08,stage3_final,sis,12,10,0.5,8,0.06,s1_sis_main,0.0769230769231,0.0384615384615,0,0.0171946169763,0.0208447015111,0.0204798883547,0.0769230769231,0.0769230769231,0.307692307692
s3_sis_seed08,stage3_final,sis,12,10,0.5,8,0.08,s1_sis_main,0.0769230769231,0.0384615384615,0,0.019298245614,0.0215696602046,0.022233101157,0.0769230769231,0.0769230769231,0.307692307692
s3_sis_seed08,stage3_final,sis,12,10,0.5,8,0.1,s1_sis_main,0.0769230769231,0.0384615384615,0,0.019298245614,0.0208621895808,0.021237012429,0.0769230769231,0.0769230769231,0.384615384615
s3_sis_seed08,stage3_final,sis,12,10,0.5,8,0.15,s1_sis_main,0.0769230769231,0.0384615384615,0,0.0142857142857,0.0194265178754,0.0191735053478,0.0769230769231,0.0769230769231,0.384615384615
s3_sis_seed08,stage3_final,sis,12,10,0.5,8,0.2,s1_sis_main,0.0769230769231,0.0384615384615,0,0.0131022110163,0.0196375644009,0.0178578741613,0.0769230769231,0.0769230769231,0.384615384615
s3_sis_seed08,stage3_final,sis,12,10,0.5,8,0.3,s1_sis_main,0.153846153846,0.140198511166,0,0.00846774192372,0.0172146402037,0.0143772179144,0.153846153846,0.153846153846,0.538461538462
s3_sis_seed08,stage3_final,sis,12,10,0.5,8,0.5,s1_sis_main,0.0769230769231,0.0384615384615,0,0.00846774192372,0.0172146402037,0.0143772179144,0.153846153846,0.153846153846,0.538461538462
s3_sis_seed08,stage3_final,sis,12,10,0.5,8,0.75,s1_sis_main,0.0769230769231,0.0384615384615,0,0.00846774192372,0.0172146402037,0.0143772179144,0.153846153846,0.153846153846,0.538461538462
s3_sis_seed08,stage3_final,sis,12,10,0.5,8,1,s1_sis_main,0.0769230769231,0.0384615384615,0,0.00846774192372,0.0172146402037,0.0143772179144,0.153846153846,0.153846153846,0.538461538462
s3_sis_seed09,stage3_final,sis,12,10,0.5,9,0,s1_sis_main,0.0769230769231,0.0384615384615,0,0.0161361734998,0.0191434483439,0.0146394800951,0.0769230769231,0.0769230769231,0.384615384615
s3_sis_seed09,stage3_final,sis,12,10,0.5,9,0.005,s1_sis_main,0.0769230769231,0.0384615384615,0,0.0161361734998,0.0191434483439,0.0146394800951,0.0769230769231,0.0769230769231,0.384615384615
s3_sis_seed09,stage3_final,sis,12,10,0.5,9,0.01,s1_sis_main,0.0769230769231,0.0384615384615,0,0.0161361734998,0.0191434483439,0.0146394800951,0.0769230769231,0.0769230769231,0.384615384615
s3_sis_seed09,stage3_final,sis,12,10,0.5,9,0.02,s1_sis_main,0.153846153846,0.0961538461538,0,0.0161361734998,0.0189041321046,0.0144599929156,0.0769230769231,0.153846153846,0.384615384615
s3_sis_seed09,stage3_final,sis,12,10,0.5,9,0.03,s1_sis_main,0.0769230769231,0.0384615384615,0,0.0161506390265,0.019313701598,0.0172264040756,0.0769230769231,0.0769230769231,0.384615384615
s3_sis_seed09,stage3_final,sis,12,10,0.5,9,0.04,s1_sis_main,0.0769230769231,0.0384615384615,0,0.0161736883395,0.0197442849422,0.0183915636732,0.0769230769231,0.153846153846,0.384615384615
s3_sis_seed09,stage3_final,sis,12,10,0.5,9,0.05,s1_sis_main,0.0769230769231,0.0384615384615,0,0.0161967376525,0.0204399980841,0.0195425848382,0.0769230769231,0.0769230769231,0.307692307692
s3_sis_seed09,stage3_final,sis,12,10,0.5,9,0.06,s1_sis_main,0.0769230769231,0.0384615384615,0,0.0171946169763,0.0208447015111,0.0204798883547,0.0769230769231,0.0769230769231,0.307692307692
s3_sis_seed09,stage3_final,sis,12,10,0.5,9,0.08,s1_sis_main,0.0769230769231,0.0384615384615,0,0.019298245614,0.0215696602046,0.022233101157,0.0769230769231,0.0769230769231,0.307692307692
s3_sis_seed09,stage3_final,sis,12,10,0.5,9,0.1,s1_sis_main,0,0,0,0.019298245614,0.0208621895808,0.021237012429,0.0769230769231,0.0769230769231,0.384615384615
s3_sis_seed09,stage3_final,sis,12,10,0.5,9,0.15,s1_sis_main,0.0769230769231,0.0384615384615,0,0.0142857142857,0.0194265178754,0.0191735053478,0.0769230769231,0.0769230769231,0.384615384615
s3_sis_seed09,stage3_final,sis,12,10,0.5,9,0.2,s1_sis_main,0.0769230769231,0.0384615384615,0,0.0131022110163,0.0196375644009,0.0178578741613,0.0769230769231,0.0769230769231,0.384615384615
s3_sis_seed09,stage3_final,sis,12,10,0.5,9,0.3,s1_sis_main,0.153846153846,0.140198511166,0,0.00846774192372,0.0172146402037,0.0143772179144,0.153846153846,0.153846153846,0.538461538462
s3_sis_seed09,stage3_final,sis,12,10,0.5,9,0.5,s1_sis_main,0.0769230769231,0.0384615384615,0,0.00846774192372,0.0172146402037,0.0143772179144,0.153846153846,0.153846153846,0.538461538462
s3_sis_seed09,stage3_final,sis,12,10,0.5,9,0.75,s1_sis_main,0.0769230769231,0.0384615384615,0,0.00846774192372,0.0172146402037,0.0143772179144,0.153846153846,0.153846153846,0.538461538462
s3_sis_seed09,stage3_final,sis,12,10,0.5,9,1,s1_sis_main,0.0769230769231,0.0384615384615,0,0.00846774192372,0.0172146402037,0.0143772179144,0.153846153846,0.153846153846,0.538461538462
s3_sis_seed10,stage3_final,sis,12,10,0.5,10,0,s1_sis_main,0.0769230769231,0.0384615384615,0,0.0161361734998,0.0191434483439,0.0146394800951,0.0769230769231,0.0769230769231,0.384615384615
s3_sis_seed10,stage3_final,sis,12,10,0.5,10,0.005,s1_sis_main,0,0,0,0.0161361734998,0.0191434483439,0.0146394800951,0.0769230769231,0.0769230769231,0.384615384615
s3_sis_seed10,stage3_final,sis,12,10,0.5,10,0.01,s1_sis_main,0.0769230769231,0.0384615384615,0,0.0161361734998,0.0191434483439,0.0146394800951,0.0769230769231,0.0769230769231,0.384615384615
s3_sis_seed10,stage3_final,sis,12,10,0.5,10,0.02,s1_sis_main,0.0769230769231,0.0384615384615,0,0.0161361734998,0.0189041321046,0.0144599929156,0.0769230769231,0.153846153846,0.384615384615
s3_sis_seed10,stage3_final,sis,12,10,0.5,10,0.03,s1_sis_main,0.0769230769231,0.0384615384615,0,0.0161506390265,0.019313701598,0.0172264040756,0.0769230769231,0.0769230769231,0.384615384615
s3_sis_seed10,stage3_final,sis,12,10,0.5,10,0.04,s1_sis_main,0.0769230769231,0.0384615384615,0,0.0161736883395,0.0197442849422,0.0183915636732,0.0769230769231,0.153846153846,0.384615384615
s3_sis_seed10,stage3_final,sis,12,10,0.5,10,0.05,s1_sis_main,0.0769230769231,0.0384615384615,0,0.0161967376525,0.0204399980841,0.0195425848382,0.0769230769231,0.0769230769231,0.307692307692
s3_sis_seed10,stage3_final,sis,12,10,0.5,10,0.06,s1_sis_main,0.0769230769231,0.0384615384615,0,0.0171946169763,0.0208447015111,0.0204798883547,0.0769230769231,0.0769230769231,0.307692307692
s3_sis_seed10,stage3_final,sis,12,10,0.5,10,0.08,s1_sis_main,0.0769230769231,0.0384615384615,0,0.019298245614,0.0215696602046,0.022233101157,0.0769230769231,0.0769230769231,0.307692307692
s3_sis_seed10,stage3_final,sis,12,10,0.5,10,0.1,s1_sis_main,0,0,0,0.019298245614,0.0208621895808,0.021237012429,0.0769230769231,0.0769230769231,0.384615384615
s3_sis_seed10,stage3_final,sis,12,10,0.5,10,0.15,s1_sis_main,0.0769230769231,0.0384615384615,0,0.0142857142857,0.0194265178754,0.0191735053478,0.0769230769231,0.0769230769231,0.384615384615
s3_sis_seed10,stage3_final,sis,12,10,0.5,10,0.2,s1_sis_main,0.0769230769231,0.0384615384615,0,0.0131022110163,0.0196375644009,0.0178578741613,0.0769230769231,0.0769230769231,0.384615384615
s3_sis_seed10,stage3_final,sis,12,10,0.5,10,0.3,s1_sis_main,0.153846153846,0.140198511166,0,0.00846774192372,0.0172146402037,0.0143772179144,0.153846153846,0.153846153846,0.538461538462
s3_sis_seed10,stage3_final,sis,12,10,0.5,10,0.5,s1_sis_main,0.0769230769231,0.0384615384615,0,0.00846774192372,0.0172146402037,0.0143772179144,0.153846153846,0.153846153846,0.538461538462
s3_sis_seed10,stage3_final,sis,12,10,0.5,10,0.75,s1_sis_main,0.153846153846,0.140198511166,0,0.00846774192372,0.0172146402037,0.0143772179144,0.153846153846,0.153846153846,0.538461538462
s3_sis_seed10,stage3_final,sis,12,10,0.5,10,1,s1_sis_main,0.153846153846,0.140198511166,0,0.00846774192372,0.0172146402037,0.0143772179144,0.153846153846,0.153846153846,0.538461538462
s3_sis_seed11,stage3_final,sis,12,10,0.5,11,0,s1_sis_main,0.0769230769231,0.0384615384615,0,0.0161361734998,0.0191434483439,0.0146394800951,0.0769230769231,0.0769230769231,0.384615384615
s3_sis_seed11,stage3_final,sis,12,10,0.5,11,0.005,s1_sis_main,0.0769230769231,0.0384615384615,0,0.0161361734998,0.0191434483439,0.0146394800951,0.0769230769231,0.0769230769231,0.384615384615
s3_sis_seed11,stage3_final,sis,12,10,0.5,11,0.01,s1_sis_main,0,0,0,0.0161361734998,0.0191434483439,0.0146394800951,0.0769230769231,0.0769230769231,0.384615384615
s3_sis_seed11,stage3_final,sis,12,10,0.5,11,0.02,s1_sis_main,0.0769230769231,0.0384615384615,0,0.0161361734998,0.0189041321046,0.0144599929156,0.0769230769231,0.153846153846,0.384615384615
s3_sis_seed11,stage3_final,sis,12,10,0.5,11,0.03,s1_sis_main,0,0,0,0.0161506390265,0.019313701598,0.0172264040756,0.0769230769231,0.0769230769231,0.384615384615
s3_sis_seed11,stage3_final,sis,12,10,0.5,11,0.04,s1_sis_main,0.0769230769231,0.0384615384615,0,0.0161736883395,0.0197442849422,0.0183915636732,0.0769230769231,0.153846153846,0.384615384615
s3_sis_seed11,stage3_final,sis,12,10,0.5,11,0.05,s1_sis_main,0.0769230769231,0.0384615384615,0,0.0161967376525,0.0204399980841,0.0195425848382,0.0769230769231,0.0769230769231,0.307692307692
s3_sis_seed11,stage3_final,sis,12,10,0.5,11,0.06,s1_sis_main,0.0769230769231,0.0384615384615,0,0.0171946169763,0.0208447015111,0.0204798883547,0.0769230769231,0.0769230769231,0.307692307692
s3_sis_seed11,stage3_final,sis,12,10,0.5,11,0.08,s1_sis_main,0.0769230769231,0.0384615384615,0,0.019298245614,0.0215696602046,0.022233101157,0.0769230769231,0.0769230769231,0.307692307692
s3_sis_seed11,stage3_final,sis,12,10,0.5,11,0.1,s1_sis_main,0.0769230769231,0.0384615384615,0,0.019298245614,0.0208621895808,0.021237012429,0.0769230769231,0.0769230769231,0.384615384615
s3_sis_seed11,stage3_final,sis,12,10,0.5,11,0.15,s1_sis_main,0.0769230769231,0.0384615384615,0,0.0142857142857,0.0194265178754,0.0191735053478,0.0769230769231,0.0769230769231,0.384615384615
s3_sis_seed11,stage3_final,sis,12,10,0.5,11,0.2,s1_sis_main,0.0769230769231,0.0384615384615,0,0.0131022110163,0.0196375644009,0.0178578741613,0.0769230769231,0.0769230769231,0.384615384615
s3_sis_seed11,stage3_final,sis,12,10,0.5,11,0.3,s1_sis_main,0.0769230769231,0.0384615384615,0,0.00846774192372,0.0172146402037,0.0143772179144,0.153846153846,0.153846153846,0.538461538462
s3_sis_seed11,stage3_final,sis,12,10,0.5,11,0.5,s1_sis_main,0.153846153846,0.140198511166,0,0.00846774192372,0.0172146402037,0.0143772179144,0.153846153846,0.153846153846,0.538461538462
s3_sis_seed11,stage3_final,sis,12,10,0.5,11,0.75,s1_sis_main,0.153846153846,0.140198511166,0,0.00846774192372,0.0172146402037,0.0143772179144,0.153846153846,0.153846153846,0.538461538462
s3_sis_seed11,stage3_final,sis,12,10,0.5,11,1,s1_sis_main,0.153846153846,0.140198511166,0,0.00846774192372,0.0172146402037,0.0143772179144,0.153846153846,0.153846153846,0.538461538462
s3_sis_seed12,stage3_final,sis,12,10,0.5,12,0,s1_sis_main,0.0769230769231,0.0384615384615,0,0.0161361734998,0.0191434483439,0.0146394800951,0.0769230769231,0.0769230769231,0.384615384615
s3_sis_seed12,stage3_final,sis,12,10,0.5,12,0.005,s1_sis_main,0.0769230769231,0.0384615384615,0,0.0161361734998,0.0191434483439,0.0146394800951,0.0769230769231,0.0769230769231,0.384615384615
s3_sis_seed12,stage3_final,sis,12,10,0.5,12,0.01,s1_sis_main,0.0769230769231,0.0384615384615,0,0.0161361734998,0.0191434483439,0.0146394800951,0.0769230769231,0.0769230769231,0.384615384615
s3_sis_seed12,stage3_final,sis,12,10,0.5,12,0.02,s1_sis_main,0.230769230769,0.427884615385,0,0.0161361734998,0.0189041321046,0.0144599929156,0.0769230769231,0.153846153846,0.384615384615
s3_sis_seed12,stage3_final,sis,12,10,0.5,12,0.03,s1_sis_main,0.0769230769231,0.0384615384615,0,0.0161506390265,0.019313701598,0.0172264040756,0.0769230769231,0.0769230769231,0.384615384615
s3_sis_seed12,stage3_final,sis,12,10,0.5,12,0.04,s1_sis_main,0.0769230769231,0.0384615384615,0,0.0161736883395,0.0197442849422,0.0183915636732,0.0769230769231,0.153846153846,0.384615384615
s3_sis_seed12,stage3_final,sis,12,10,0.5,12,0.05,s1_sis_main,0.0769230769231,0.0384615384615,0,0.0161967376525,0.0204399980841,0.0195425848382,0.0769230769231,0.0769230769231,0.307692307692
s3_sis_seed12,stage3_final,sis,12,10,0.5,12,0.06,s1_sis_main,0.0769230769231,0.0384615384615,0,0.0171946169763,0.0208447015111,0.0204798883547,0.0769230769231,0.0769230769231,0.307692307692
s3_sis_seed12,stage3_final,sis,12,10,0.5,12,0.08,s1_sis_main,0.0769230769231,0.0384615384615,0,0.019298245614,0.0215696602046,0.022233101157,0.0769230769231,0.0769230769231,0.307692307692
s3_sis_seed12,stage3_final,sis,12,10,0.5,12,0.1,s1_sis_main,0,0,0,0.019298245614,0.0208621895808,0.021237012429,0.0769230769231,0.0769230769231,0.384615384615
s3_sis_seed12,stage3_final,sis,12,10,0.5,12,0.15,s1_sis_main,0.0769230769231,0.0384615384615,0,0.0142857142857,0.0194265178754,0.0191735053478,0.0769230769231,0.0769230769231,0.384615384615
s3_sis_seed12,stage3_final,sis,12,10,0.5,12,0.2,s1_sis_main,0.0769230769231,0.0384615384615,0,0.0131022110163,0.0196375644009,0.0178578741613,0.0769230769231,0.0769230769231,0.384615384615
s3_sis_seed12,stage3_final,sis,12,10,0.5,12,0.3,s1_sis_main,0.153846153846,0.140198511166,0,0.00846774192372,0.0172146402037,0.0143772179144,0.153846153846,0.153846153846,0.538461538462
s3_sis_seed12,stage3_final,sis,12,10,0.5,12,0.5,s1_sis_main,0.153846153846,0.140198511166,0,0.00846774192372,0.0172146402037,0.0143772179144,0.153846153846,0.153846153846,0.538461538462
s3_sis_seed12,stage3_final,sis,12,10,0.5,12,0.75,s1_sis_main,0.153846153846,0.140198511166,0,0.00846774192372,0.0172146402037,0.0143772179144,0.153846153846,0.153846153846,0.538461538462
s3_sis_seed12,stage3_final,sis,12,10,0.5,12,1,s1_sis_main,0.0769230769231,0.0384615384615,0,0.00846774192372,0.0172146402037,0.0143772179144,0.153846153846,0.153846153846,0.538461538462
s3_sis_seed13,stage3_final,sis,12,10,0.5,13,0,s1_sis_main,0.0769230769231,0.0384615384615,0,0.0161361734998,0.0191434483439,0.0146394800951,0.0769230769231,0.0769230769231,0.384615384615
s3_sis_seed13,stage3_final,sis,12,10,0.5,13,0.005,s1_sis_main,0.0769230769231,0.0384615384615,0,0.0161361734998,0.0191434483439,0.0146394800951,0.0769230769231,0.0769230769231,0.384615384615
s3_sis_seed13,stage3_final,sis,12,10,0.5,13,0.01,s1_sis_main,0.0769230769231,0.0384615384615,0,0.0161361734998,0.0191434483439,0.0146394800951,0.0769230769231,0.0769230769231,0.384615384615
s3_sis_seed13,stage3_final,sis,12,10,0.5,13,0.02,s1_sis_main,0.0769230769231,0.0384615384615,0,0.0161361734998,0.0189041321046,0.0144599929156,0.0769230769231,0.153846153846,0.384615384615
s3_sis_seed13,stage3_final,sis,12,10,0.5,13,0.03,s1_sis_main,0.0769230769231,0.0384615384615,0,0.0161506390265,0.019313701598,0.0172264040756,0.0769230769231,0.0769230769231,0.384615384615
s3_sis_seed13,stage3_final,sis,12,10,0.5,13,0.04,s1_sis_main,0.0769230769231,0.0384615384615,0,0.0161736883395,0.0197442849422,0.0183915636732,0.0769230769231,0.153846153846,0.384615384615
s3_sis_seed13,stage3_final,sis,12,10,0.5,13,0.05,s1_sis_main,0.0769230769231,0.0384615384615,0,0.0161967376525,0.0204399980841,0.0195425848382,0.0769230769231,0.0769230769231,0.307692307692
s3_sis_seed13,stage3_final,sis,12,10,0.5,13,0.06,s1_sis_main,0.0769230769231,0.0384615384615,0,0.0171946169763,0.0208447015111,0.0204798883547,0.0769230769231,0.0769230769231,0.307692307692
s3_sis_seed13,stage3_final,sis,12,10,0.5,13,0.08,s1_sis_main,0.0769230769231,0.0384615384615,0,0.019298245614,0.0215696602046,0.022233101157,0.0769230769231,0.0769230769231,0.307692307692
s3_sis_seed13,stage3_final,sis,12,10,0.5,13,0.1,s1_sis_main,0.0769230769231,0.0384615384615,0,0.019298245614,0.0208621895808,0.021237012429,0.0769230769231,0.0769230769231,0.384615384615
s3_sis_seed13,stage3_final,sis,12,10,0.5,13,0.15,s1_sis_main,0.0769230769231,0.0384615384615,0,0.0142857142857,0.0194265178754,0.0191735053478,0.0769230769231,0.0769230769231,0.384615384615
s3_sis_seed13,stage3_final,sis,12,10,0.5,13,0.2,s1_sis_main,0.0769230769231,0.0384615384615,0,0.0131022110163,0.0196375644009,0.0178578741613,0.0769230769231,0.0769230769231,0.384615384615
s3_sis_seed13,stage3_final,sis,12,10,0.5,13,0.3,s1_sis_main,0.0769230769231,0.0384615384615,0,0.00846774192372,0.0172146402037,0.0143772179144,0.153846153846,0.153846153846,0.538461538462
s3_sis_seed13,stage3_final,sis,12,10,0.5,13,0.5,s1_sis_main,0.0769230769231,0.0384615384615,0,0.00846774192372,0.0172146402037,0.0143772179144,0.153846153846,0.153846153846,0.538461538462
s3_sis_seed13,stage3_final,sis,12,10,0.5,13,0.75,s1_sis_main,0.153846153846,0.140198511166,0,0.00846774192372,0.0172146402037,0.0143772179144,0.153846153846,0.153846153846,0.538461538462
s3_sis_seed13,stage3_final,sis,12,10,0.5,13,1,s1_sis_main,0.0769230769231,0.0384615384615,0,0.00846774192372,0.0172146402037,0.0143772179144,0.153846153846,0.153846153846,0.538461538462
s3_sis_seed14,stage3_final,sis,12,10,0.5,14,0,s1_sis_main,0.0769230769231,0.0384615384615,0,0.0161361734998,0.0191434483439,0.0146394800951,0.0769230769231,0.0769230769231,0.384615384615
s3_sis_seed14,stage3_final,sis,12,10,0.5,14,0.005,s1_sis_main,0.0769230769231,0.0384615384615,0,0.0161361734998,0.0191434483439,0.0146394800951,0.0769230769231,0.0769230769231,0.384615384615
s3_sis_seed14,stage3_final,sis,12,10,0.5,14,0.01,s1_sis_main,0.0769230769231,0.0384615384615,0,0.0161361734998,0.0191434483439,0.0146394800951,0.0769230769231,0.0769230769231,0.384615384615
s3_sis_seed14,stage3_final,sis,12,10,0.5,14,0.02,s1_sis_main,0,0,0,0.0161361734998,0.0189041321046,0.0144599929156,0.0769230769231,0.153846153846,0.384615384615
s3_sis_seed14,stage3_final,sis,12,10,0.5,14,0.03,s1_sis_main,0,0,0,0.0161506390265,0.019313701598,0.0172264040756,0.0769230769231,0.0769230769231,0.384615384615
s3_sis_seed14,stage3_final,sis,12,10,0.5,14,0.04,s1_sis_main,0.0769230769231,0.0384615384615,0,0.0161736883395,0.0197442849422,0.0183915636732,0.0769230769231,0.153846153846,0.384615384615
s3_sis_seed14,stage3_final,sis,12,10,0.5,14,0.05,s1_sis_main,0.0769230769231,0.0384615384615,0,0.0161967376525,0.0204399980841,0.0195425848382,0.0769230769231,0.0769230769231,0.307692307692
s3_sis_seed14,stage3_final,sis,12,10,0.5,14,0.06,s1_sis_main,0.0769230769231,0.0384615384615,0,0.0171946169763,0.0208447015111,0.0204798883547,0.0769230769231,0.0769230769231,0.307692307692
s3_sis_seed14,stage3_final,sis,12,10,0.5,14,0.08,s1_sis_main,0.0769230769231,0.0384615384615,0,0.019298245614,0.0215696602046,0.022233101157,0.0769230769231,0.0769230769231,0.307692307692
s3_sis_seed14,stage3_final,sis,12,10,0.5,14,0.1,s1_sis_main,0.0769230769231,0.0384615384615,0,0.019298245614,0.0208621895808,0.021237012429,0.0769230769231,0.0769230769231,0.384615384615
s3_sis_seed14,stage3_final,sis,12,10,0.5,14,0.15,s1_sis_main,0.0769230769231,0.0384615384615,0,0.0142857142857,0.0194265178754,0.0191735053478,0.0769230769231,0.0769230769231,0.384615384615
s3_sis_seed14,stage3_final,sis,12,10,0.5,14,0.2,s1_sis_main,0.0769230769231,0.0384615384615,0,0.0131022110163,0.0196375644009,0.0178578741613,0.0769230769231,0.0769230769231,0.384615384615
s3_sis_seed14,stage3_final,sis,12,10,0.5,14,0.3,s1_sis_main,0,0,0,0.00846774192372,0.0172146402037,0.0143772179144,0.153846153846,0.153846153846,0.538461538462
s3_sis_seed14,stage3_final,sis,12,10,0.5,14,0.5,s1_sis_main,0.0769230769231,0.0384615384615,0,0.00846774192372,0.0172146402037,0.0143772179144,0.153846153846,0.153846153846,0.538461538462
s3_sis_seed14,stage3_final,sis,12,10,0.5,14,0.75,s1_sis_main,0.0769230769231,0.0384615384615,0,0.00846774192372,0.0172146402037,0.0143772179144,0.153846153846,0.153846153846,0.538461538462
s3_sis_seed14,stage3_final,sis,12,10,0.5,14,1,s1_sis_main,0.153846153846,0.140198511166,0,0.00846774192372,0.0172146402037,0.0143772179144,0.153846153846,0.153846153846,0.538461538462
s3_sis_seed15,stage3_final,sis,12,10,0.5,15,0,s1_sis_main,0.0769230769231,0.0384615384615,0,0.0161361734998,0.0191434483439,0.0146394800951,0.0769230769231,0.0769230769231,0.384615384615
s3_sis_seed15,stage3_final,sis,12,10,0.5,15,0.005,s1_sis_main,0.0769230769231,0.0384615384615,0,0.0161361734998,0.0191434483439,0.0146394800951,0.0769230769231,0.0769230769231,0.384615384615
s3_sis_seed15,stage3_final,sis,12,10,0.5,15,0.01,s1_sis_main,0.0769230769231,0.0384615384615,0,0.0161361734998,0.0191434483439,0.0146394800951,0.0769230769231,0.0769230769231,0.384615384615
s3_sis_seed15,stage3_final,sis,12,10,0.5,15,0.02,s1_sis_main,0.0769230769231,0.0384615384615,0,0.0161361734998,0.0189041321046,0.0144599929156,0.0769230769231,0.153846153846,0.384615384615
s3_sis_seed15,stage3_final,sis,12,10,0.5,15,0.03,s1_sis_main,0.0769230769231,0.0384615384615,0,0.0161506390265,0.019313701598,0.0172264040756,0.0769230769231,0.0769230769231,0.384615384615
s3_sis_seed15,stage3_final,sis,12,10,0.5,15,0.04,s1_sis_main,0.153846153846,0.0769230769231,0,0.0161736883395,0.0197442849422,0.0183915636732,0.0769230769231,0.153846153846,0.384615384615
s3_sis_seed15,stage3_final,sis,12,10,0.5,15,0.05,s1_sis_main,0.0769230769231,0.0384615384615,0,0.0161967376525,0.0204399980841,0.0195425848382,0.0769230769231,0.0769230769231,0.307692307692
s3_sis_seed15,stage3_final,sis,12,10,0.5,15,0.06,s1_sis_main,0,0,0,0.0171946169763,0.0208447015111,0.0204798883547,0.0769230769231,0.0769230769231,0.307692307692
s3_sis_seed15,stage3_final,sis,12,10,0.5,15,0.08,s1_sis_main,0.0769230769231,0.0384615384615,0,0.019298245614,0.0215696602046,0.022233101157,0.0769230769231,0.0769230769231,0.307692307692
s3_sis_seed15,stage3_final,sis,12,10,0.5,15,0.1,s1_sis_main,0.0769230769231,0.0384615384615,0,0.019298245614,0.0208621895808,0.021237012429,0.0769230769231,0.0769230769231,0.384615384615
s3_sis_seed15,stage3_final,sis,12,10,0.5,15,0.15,s1_sis_main,0.0769230769231,0.0384615384615,0,0.0142857142857,0.0194265178754,0.0191735053478,0.0769230769231,0.0769230769231,0.384615384615
s3_sis_seed15,stage3_final,sis,12,10,0.5,15,0.2,s1_sis_main,0,0,0,0.0131022110163,0.0196375644009,0.0178578741613,0.0769230769231,0.0769230769231,0.384615384615
s3_sis_seed15,stage3_final,sis,12,10,0.5,15,0.3,s1_sis_main,0.153846153846,0.140198511166,0,0.00846774192372,0.0172146402037,0.0143772179144,0.153846153846,0.153846153846,0.538461538462
s3_sis_seed15,stage3_final,sis,12,10,0.5,15,0.5,s1_sis_main,0.153846153846,0.140198511166,0,0.00846774192372,0.0172146402037,0.0143772179144,0.153846153846,0.153846153846,0.538461538462
s3_sis_seed15,stage3_final,sis,12,10,0.5,15,0.75,s1_sis_main,0.0769230769231,0.0384615384615,0,0.00846774192372,0.0172146402037,0.0143772179144,0.153846153846,0.153846153846,0.538461538462
s3_sis_seed15,stage3_final,sis,12,10,0.5,15,1,s1_sis_main,0.0769230769231,0.0384615384615,0,0.00846774192372,0.0172146402037,0.0143772179144,0.153846153846,0.153846153846,0.538461538462
s3_sis_seed16,stage3_final,sis,12,10,0.5,16,0,s1_sis_main,0.0769230769231,0.0384615384615,0,0.0161361734998,0.0191434483439,0.0146394800951,0.0769230769231,0.0769230769231,0.384615384615
s3_sis_seed16,stage3_final,sis,12,10,0.5,16,0.005,s1_sis_main,0.0769230769231,0.0384615384615,0,0.0161361734998,0.0191434483439,0.0146394800951,0.0769230769231,0.0769230769231,0.384615384615
s3_sis_seed16,stage3_final,sis,12,10,0.5,16,0.01,s1_sis_main,0.0769230769231,0.0384615384615,0,0.0161361734998,0.0191434483439,0.0146394800951,0.0769230769231,0.0769230769231,0.384615384615
s3_sis_seed16,stage3_final,sis,12,10,0.5,16,0.02,s1_sis_main,0,0,0,0.0161361734998,0.0189041321046,0.0144599929156,0.0769230769231,0.153846153846,0.384615384615
s3_sis_seed16,stage3_final,sis,12,10,0.5,16,0.03,s1_sis_main,0.0769230769231,0.0384615384615,0,0.0161506390265,0.019313701598,0.0172264040756,0.0769230769231,0.0769230769231,0.384615384615
s3_sis_seed16,stage3_final,sis,12,10,0.5,16,0.04,s1_sis_main,0.0769230769231,0.0384615384615,0,0.0161736883395,0.0197442849422,0.0183915636732,0.0769230769231,0.153846153846,0.384615384615
s3_sis_seed16,stage3_final,sis,12,10,0.5,16,0.05,s1_sis_main,0.0769230769231,0.0384615384615,0,0.0161967376525,0.0204399980841,0.0195425848382,0.0769230769231,0.0769230769231,0.307692307692
s3_sis_seed16,stage3_final,sis,12,10,0.5,16,0.06,s1_sis_main,0.0769230769231,0.0384615384615,0,0.0171946169763,0.0208447015111,0.0204798883547,0.0769230769231,0.0769230769231,0.307692307692
s3_sis_seed16,stage3_final,sis,12,10,0.5,16,0.08,s1_sis_main,0.0769230769231,0.0384615384615,0,0.019298245614,0.0215696602046,0.022233101157,0.0769230769231,0.0769230769231,0.307692307692
s3_sis_seed16,stage3_final,sis,12,10,0.5,16,0.1,s1_sis_main,0.0769230769231,0.0384615384615,0,0.019298245614,0.0208621895808,0.021237012429,0.0769230769231,0.0769230769231,0.384615384615
s3_sis_seed16,stage3_final,sis,12,10,0.5,16,0.15,s1_sis_main,0.0769230769231,0.0384615384615,0,0.0142857142857,0.0194265178754,0.0191735053478,0.0769230769231,0.0769230769231,0.384615384615
s3_sis_seed16,stage3_final,sis,12,10,0.5,16,0.2,s1_sis_main,0.0769230769231,0.0384615384615,0,0.0131022110163,0.0196375644009,0.0178578741613,0.0769230769231,0.0769230769231,0.384615384615
s3_sis_seed16,stage3_final,sis,12,10,0.5,16,0.3,s1_sis_main,0.0769230769231,0.0384615384615,0,0.00846774192372,0.0172146402037,0.0143772179144,0.153846153846,0.153846153846,0.538461538462
s3_sis_seed16,stage3_final,sis,12,10,0.5,16,0.5,s1_sis_main,0.153846153846,0.140198511166,0,0.00846774192372,0.0172146402037,0.0143772179144,0.153846153846,0.153846153846,0.538461538462
s3_sis_seed16,stage3_final,sis,12,10,0.5,16,0.75,s1_sis_main,0.0769230769231,0.0384615384615,0,0.00846774192372,0.0172146402037,0.0143772179144,0.153846153846,0.153846153846,0.538461538462
s3_sis_seed16,stage3_final,sis,12,10,0.5,16,1,s1_sis_main,0.0769230769231,0.0384615384615,0,0.00846774192372,0.0172146402037,0.0143772179144,0.153846153846,0.153846153846,0.538461538462
s3_sis_seed17,stage3_final,sis,12,10,0.5,17,0,s1_sis_main,0.0769230769231,0.0384615384615,0,0.0161361734998,0.0191434483439,0.0146394800951,0.0769230769231,0.0769230769231,0.384615384615
s3_sis_seed17,stage3_final,sis,12,10,0.5,17,0.005,s1_sis_main,0.153846153846,0.370192307692,0,0.0161361734998,0.0191434483439,0.0146394800951,0.0769230769231,0.0769230769231,0.384615384615
s3_sis_seed17,stage3_final,sis,12,10,0.5,17,0.01,s1_sis_main,0.0769230769231,0.0384615384615,0,0.0161361734998,0.0191434483439,0.0146394800951,0.0769230769231,0.0769230769231,0.384615384615
s3_sis_seed17,stage3_final,sis,12,10,0.5,17,0.02,s1_sis_main,0.0769230769231,0.0384615384615,0,0.0161361734998,0.0189041321046,0.0144599929156,0.0769230769231,0.153846153846,0.384615384615
s3_sis_seed17,stage3_final,sis,12,10,0.5,17,0.03,s1_sis_main,0.0769230769231,0.0384615384615,0,0.0161506390265,0.019313701598,0.0172264040756,0.0769230769231,0.0769230769231,0.384615384615
s3_sis_seed17,stage3_final,sis,12,10,0.5,17,0.04,s1_sis_main,0.0769230769231,0.0384615384615,0,0.0161736883395,0.0197442849422,0.0183915636732,0.0769230769231,0.153846153846,0.384615384615
s3_sis_seed17,stage3_final,sis,12,10,0.5,17,0.05,s1_sis_main,0.0769230769231,0.0384615384615,0,0.0161967376525,0.0204399980841,0.0195425848382,0.0769230769231,0.0769230769231,0.307692307692
s3_sis_seed17,stage3_final,sis,12,10,0.5,17,0.06,s1_sis_main,0.0769230769231,0.0384615384615,0,0.0171946169763,0.0208447015111,0.0204798883547,0.0769230769231,0.0769230769231,0.307692307692
s3_sis_seed17,stage3_final,sis,12,10,0.5,17,0.08,s1_sis_main,0.0769230769231,0.0384615384615,0,0.019298245614,0.0215696602046,0.022233101157,0.0769230769231,0.0769230769231,0.307692307692
s3_sis_seed17,stage3_final,sis,12,10,0.5,17,0.1,s1_sis_main,0.0769230769231,0.0384615384615,0,0.019298245614,0.0208621895808,0.021237012429,0.0769230769231,0.0769230769231,0.384615384615
s3_sis_seed17,stage3_final,sis,12,10,0.5,17,0.15,s1_sis_main,0.0769230769231,0.0384615384615,0,0.0142857142857,0.0194265178754,0.0191735053478,0.0769230769231,0.0769230769231,0.384615384615
s3_sis_seed17,stage3_final,sis,12,10,0.5,17,0.2,s1_sis_main,0.0769230769231,0.0384615384615,0,0.0131022110163,0.0196375644009,0.0178578741613,0.0769230769231,0.0769230769231,0.384615384615
s3_sis_seed17,stage3_final,sis,12,10,0.5,17,0.3,s1_sis_main,0.0769230769231,0.101736972705,0,0.00846774192372,0.0172146402037,0.0143772179144,0.153846153846,0.153846153846,0.538461538462
s3_sis_seed17,stage3_final,sis,12,10,0.5,17,0.5,s1_sis_main,0.0769230769231,0.0384615384615,0,0.00846774192372,0.0172146402037,0.0143772179144,0.153846153846,0.153846153846,0.538461538462
s3_sis_seed17,stage3_final,sis,12,10,0.5,17,0.75,s1_sis_main,0.0769230769231,0.0384615384615,0,0.00846774192372,0.0172146402037,0.0143772179144,0.153846153846,0.153846153846,0.538461538462
s3_sis_seed17,stage3_final,sis,12,10,0.5,17,1,s1_sis_main,0.153846153846,0.140198511166,0,0.00846774192372,0.0172146402037,0.0143772179144,0.153846153846,0.153846153846,0.538461538462
s3_sis_seed18,stage3_final,sis,12,10,0.5,18,0,s1_sis_main,0.0769230769231,0.0384615384615,0,0.0161361734998,0.0191434483439,0.0146394800951,0.0769230769231,0.0769230769231,0.384615384615
s3_sis_seed18,stage3_final,sis,12,10,0.5,18,0.005,s1_sis_main,0.0769230769231,0.0384615384615,0,0.0161361734998,0.0191434483439,0.0146394800951,0.0769230769231,0.0769230769231,0.384615384615
s3_sis_seed18,stage3_final,sis,12,10,0.5,18,0.01,s1_sis_main,0.0769230769231,0.0384615384615,0,0.0161361734998,0.0191434483439,0.0146394800951,0.0769230769231,0.0769230769231,0.384615384615
s3_sis_seed18,stage3_final,sis,12,10,0.5,18,0.02,s1_sis_main,0.0769230769231,0.0384615384615,0,0.0161361734998,0.0189041321046,0.0144599929156,0.0769230769231,0.153846153846,0.384615384615
s3_sis_seed18,stage3_final,sis,12,10,0.5,18,0.03,s1_sis_main,0.0769230769231,0.0384615384615,0,0.0161506390265,0.019313701598,0.0172264040756,0.0769230769231,0.0769230769231,0.384615384615
s3_sis_seed18,stage3_final,sis,12,10,0.5,18,0.04,s1_sis_main,0.0769230769231,0.0384615384615,0,0.0161736883395,0.0197442849422,0.0183915636732,0.0769230769231,0.153846153846,0.384615384615
s3_sis_seed18,stage3_final,sis,12,10,0.5,18,0.05,s1_sis_main,0.0769230769231,0.0384615384615,0,0.0161967376525,0.0204399980841,0.0195425848382,0.0769230769231,0.0769230769231,0.307692307692
s3_sis_seed18,stage3_final,sis,12,10,0.5,18,0.06,s1_sis_main,0.0769230769231,0.0384615384615,0,0.0171946169763,0.0208447015111,0.0204798883547,0.0769230769231,0.0769230769231,0.307692307692
s3_sis_seed18,stage3_final,sis,12,10,0.5,18,0.08,s1_sis_main,0.0769230769231,0.0384615384615,0,0.019298245614,0.0215696602046,0.022233101157,0.0769230769231,0.0769230769231,0.307692307692
s3_sis_seed18,stage3_final,sis,12,10,0.5,18,0.1,s1_sis_main,0.0769230769231,0.0384615384615,0,0.019298245614,0.0208621895808,0.021237012429,0.0769230769231,0.0769230769231,0.384615384615
s3_sis_seed18,stage3_final,sis,12,10,0.5,18,0.15,s1_sis_main,0.0769230769231,0.0384615384615,0,0.0142857142857,0.0194265178754,0.0191735053478,0.0769230769231,0.0769230769231,0.384615384615
s3_sis_seed18,stage3_final,sis,12,10,0.5,18,0.2,s1_sis_main,0.0769230769231,0.0384615384615,0,0.0131022110163,0.0196375644009,0.0178578741613,0.0769230769231,0.0769230769231,0.384615384615
s3_sis_seed18,stage3_final,sis,12,10,0.5,18,0.3,s1_sis_main,0.0769230769231,0.0384615384615,0,0.00846774192372,0.0172146402037,0.0143772179144,0.153846153846,0.153846153846,0.538461538462
s3_sis_seed18,stage3_final,sis,12,10,0.5,18,0.5,s1_sis_main,0.153846153846,0.140198511166,0,0.00846774192372,0.0172146402037,0.0143772179144,0.153846153846,0.153846153846,0.538461538462
s3_sis_seed18,stage3_final,sis,12,10,0.5,18,0.75,s1_sis_main,0.0769230769231,0.0384615384615,0,0.00846774192372,0.0172146402037,0.0143772179144,0.153846153846,0.153846153846,0.538461538462
s3_sis_seed18,stage3_final,sis,12,10,0.5,18,1,s1_sis_main,0.0769230769231,0.0384615384615,0,0.00846774192372,0.0172146402037,0.0143772179144,0.153846153846,0.153846153846,0.538461538462
s3_sis_seed19,stage3_final,sis,12,10,0.5,19,0,s1_sis_main,0.0769230769231,0.0384615384615,0,0.0161361734998,0.0191434483439,0.0146394800951,0.0769230769231,0.0769230769231,0.384615384615
s3_sis_seed19,stage3_final,sis,12,10,0.5,19,0.005,s1_sis_main,0.0769230769231,0.0384615384615,0,0.0161361734998,0.0191434483439,0.0146394800951,0.0769230769231,0.0769230769231,0.384615384615
s3_sis_seed19,stage3_final,sis,12,10,0.5,19,0.01,s1_sis_main,0.0769230769231,0.0384615384615,0,0.0161361734998,0.0191434483439,0.0146394800951,0.0769230769231,0.0769230769231,0.384615384615
s3_sis_seed19,stage3_final,sis,12,10,0.5,19,0.02,s1_sis_main,0.0769230769231,0.0384615384615,0,0.0161361734998,0.0189041321046,0.0144599929156,0.0769230769231,0.153846153846,0.384615384615
s3_sis_seed19,stage3_final,sis,12,10,0.5,19,0.03,s1_sis_main,0.0769230769231,0.0384615384615,0,0.0161506390265,0.019313701598,0.0172264040756,0.0769230769231,0.0769230769231,0.384615384615
s3_sis_seed19,stage3_final,sis,12,10,0.5,19,0.04,s1_sis_main,0.0769230769231,0.0384615384615,0,0.0161736883395,0.0197442849422,0.0183915636732,0.0769230769231,0.153846153846,0.384615384615
s3_sis_seed19,stage3_final,sis,12,10,0.5,19,0.05,s1_sis_main,0.0769230769231,0.0384615384615,0,0.0161967376525,0.0204399980841,0.0195425848382,0.0769230769231,0.0769230769231,0.307692307692
s3_sis_seed19,stage3_final,sis,12,10,0.5,19,0.06,s1_sis_main,0,0,0,0.0171946169763,0.0208447015111,0.0204798883547,0.0769230769231,0.0769230769231,0.307692307692
s3_sis_seed19,stage3_final,sis,12,10,0.5,19,0.08,s1_sis_main,0.0769230769231,0.0384615384615,0,0.019298245614,0.0215696602046,0.022233101157,0.0769230769231,0.0769230769231,0.307692307692
s3_sis_seed19,stage3_final,sis,12,10,0.5,19,0.1,s1_sis_main,0.0769230769231,0.0384615384615,0,0.019298245614,0.0208621895808,0.021237012429,0.0769230769231,0.0769230769231,0.384615384615
s3_sis_seed19,stage3_final,sis,12,10,0.5,19,0.15,s1_sis_main,0.0769230769231,0.0384615384615,0,0.0142857142857,0.0194265178754,0.0191735053478,0.0769230769231,0.0769230769231,0.384615384615
s3_sis_seed19,stage3_final,sis,12,10,0.5,19,0.2,s1_sis_main,0.0769230769231,0.0384615384615,0,0.0131022110163,0.0196375644009,0.0178578741613,0.0769230769231,0.0769230769231,0.384615384615
s3_sis_seed19,stage3_final,sis,12,10,0.5,19,0.3,s1_sis_main,0.0769230769231,0.0384615384615,0,0.00846774192372,0.0172146402037,0.0143772179144,0.153846153846,0.153846153846,0.538461538462
s3_sis_seed19,stage3_final,sis,12,10,0.5,19,0.5,s1_sis_main,0.0769230769231,0.0384615384615,0,0.00846774192372,0.0172146402037,0.0143772179144,0.153846153846,0.153846153846,0.538461538462
s3_sis_seed19,stage3_final,sis,12,10,0.5,19,0.75,s1_sis_main,0.0769230769231,0.0384615384615,0,0.00846774192372,0.0172146402037,0.0143772179144,0.153846153846,0.153846153846,0.538461538462
s3_sis_seed19,stage3_final,sis,12,10,0.5,19,1,s1_sis_main,0.0769230769231,0.0384615384615,0,0.00846774192372,0.0172146402037,0.0143772179144,0.153846153846,0.153846153846,0.538461538462
s3_sysrisk_seed00,stage3_final,sysrisk,5,2,0.5,0,0,s1_sysrisk_samegrid,0.904761904762,0.952380952381,0,0,0.000952380952381,0.00047619047619,0.952380952381,0.952380952381,0.952380952381
s3_sysrisk_seed00,stage3_final,sysrisk,5,2,0.5,0,0.05,s1_sysrisk_samegrid,0.857142857143,0.857142857143,0,0,0.00253661127473,0.00126830563737,0.857142857143,0.857142857143,0.857142857143
s3_sysrisk_seed00,stage3_final,sysrisk,5,2,0.5,0,0.1,s1_sysrisk_samegrid,0.904761904762,0.952380952381,0,0,0.00145634035855,0.000728170179274,0.857142857143,0.857142857143,0.904761904762
s3_sysrisk_seed00,stage3_final,sysrisk,5,2,0.5,0,0.2,s1_sysrisk_samegrid,0.904761904762,0.952380952381,0,0,0.00258512989874,0.00129256494937,0.809523809524,0.809523809524,0.809523809524
s3_sysrisk_seed00,stage3_final,sysrisk,5,2,0.5,0,0.3,s1_sysrisk_samegrid,0.857142857143,0.928571428571,0,0,0.00365481000676,0.00198249345635,0.809523809524,0.809523809524,0.809523809524
s3_sysrisk_seed00,stage3_final,sysrisk,5,2,0.5,0,0.4,s1_sysrisk_samegrid,0.666666666667,0.672619047619,0,0,0.00531949167507,0.0028102012846,0.809523809524,0.809523809524,0.857142857143
s3_sysrisk_seed00,stage3_final,sysrisk,5,2,0.5,0,0.5,s1_sysrisk_samegrid,0.761904761905,0.666666666667,0,0,0.00259635543353,0.00129817771676,0.857142857143,0.857142857143,0.857142857143
s3_sysrisk_seed00,stage3_final,sysrisk,5,2,0.5,0,0.6,s1_sysrisk_samegrid,0.904761904762,0.952380952381,0,0,0.000639421439397,0.000319710719698,0.904761904762,0.904761904762,1
s3_sysrisk_seed00,stage3_final,sysrisk,5,2,0.5,0,0.75,s1_sysrisk_samegrid,0.809523809524,0.904761904762,0,0,0,0,1,1,1
s3_sysrisk_seed00,stage3_final,sysrisk,5,2,0.5,0,1,s1_sysrisk_samegrid,0.809523809524,0.714285714286,0,0,0,0,1,1,1
s3_sysrisk_seed01,stage3_final,sysrisk,5,2,0.5,1,0,s1_sysrisk_samegrid,0.857142857143,0.928571428571,0,0,0.000952380952381,0.00047619047619,0.952380952381,0.952380952381,0.952380952381
s3_sysrisk_seed01,stage3_final,sysrisk,5,2,0.5,1,0.05,s1_sysrisk_samegrid,0.809523809524,0.904761904762,0,0,0.00253661127473,0.00126830563737,0.857142857143,0.857142857143,0.857142857143
s3_sysrisk_seed01,stage3_final,sysrisk,5,2,0.5,1,0.1,s1_sysrisk_samegrid,0.857142857143,0.845238095238,0,0,0.00145634035855,0.000728170179274,0.857142857143,0.857142857143,0.904761904762
s3_sysrisk_seed01,stage3_final,sysrisk,5,2,0.5,1,0.2,s1_sysrisk_samegrid,0.761904761905,0.880952380952,0,0,0.00258512989874,0.00129256494937,0.809523809524,0.809523809524,0.809523809524
s3_sysrisk_seed01,stage3_final,sysrisk,5,2,0.5,1,0.3,s1_sysrisk_samegrid,0.809523809524,0.880952380952,0,0,0.00365481000676,0.00198249345635,0.809523809524,0.809523809524,0.809523809524
s3_sysrisk_seed01,stage3_final,sysrisk,5,2,0.5,1,0.4,s1_sysrisk_samegrid,0.666666666667,0.404761904762,0,0,0.00531949167507,0.0028102012846,0.809523809524,0.809523809524,0.857142857143
s3_sysrisk_seed01,stage3_final,sysrisk,5,2,0.5,1,0.5,s1_sysrisk_samegrid,0.761904761905,0.833333333333,0,0,0.00259635543353,0.00129817771676,0.857142857143,0.857142857143,0.857142857143
s3_sysrisk_seed01,stage3_final,sysrisk,5,2,0.5,1,0.6,s1_sysrisk_samegrid,0.857142857143,0.690476190476,0,0,0.000639421439397,0.000319710719698,0.904761904762,0.904761904762,1
s3_sysrisk_seed01,stage3_final,sysrisk,5,2,0.5,1,0.75,s1_sysrisk_samegrid,0.857142857143,0.928571428571,0,0,0,0,1,1,1
s3_sysrisk_seed01,stage3_final,sysrisk,5,2,0.5,1,1,s1_sysrisk_samegrid,0.809523809524,0.714285714286,0,0,0,0,1,1,1
s3_sysrisk_seed02,stage3_final,sysrisk,5,2,0.5,2,0,s1_sysrisk_samegrid,0.857142857143,0.928571428571,0,0,0.000952380952381,0.00047619047619,0.952380952381,0.952380952381,0.952380952381
s3_sysrisk_seed02,stage3_final,sysrisk,5,2,0.5,2,0.05,s1_sysrisk_samegrid,0.761904761905,0.880952380952,0,0,0.00253661127473,0.00126830563737,0.857142857143,0.857142857143,0.857142857143
s3_sysrisk_seed02,stage3_final,sysrisk,5,2,0.5,2,0.1,s1_sysrisk_samegrid,0.809523809524,0.904761904762,0,0,0.00145634035855,0.000728170179274,0.857142857143,0.857142857143,0.904761904762
s3_sysrisk_seed02,stage3_final,sysrisk,5,2,0.5,2,0.2,s1_sysrisk_samegrid,0.714285714286,0.857142857143,0,0,0.00258512989874,0.00129256494937,0.809523809524,0.809523809524,0.809523809524
s3_sysrisk_seed02,stage3_final,sysrisk,5,2,0.5,2,0.3,s1_sysrisk_samegrid,0.809523809524,0.821428571429,0,0,0.00365481000676,0.00198249345635,0.809523809524,0.809523809524,0.809523809524
s3_sysrisk_seed02,stage3_final,sysrisk,5,2,0.5,2,0.4,s1_sysrisk_samegrid,0.761904761905,0.857142857143,0,0,0.00531949167507,0.0028102012846,0.809523809524,0.809523809524,0.857142857143
s3_sysrisk_seed02,stage3_final,sysrisk,5,2,0.5,2,0.5,s1_sysrisk_samegrid,0.761904761905,0.880952380952,0,0,0.00259635543353,0.00129817771676,0.857142857143,0.857142857143,0.857142857143
s3_sysrisk_seed02,stage3_final,sysrisk,5,2,0.5,2,0.6,s1_sysrisk_samegrid,0.809523809524,0.904761904762,0,0,0.000639421439397,0.000319710719698,0.904761904762,0.904761904762,1
s3_sysrisk_seed02,stage3_final,sysrisk,5,2,0.5,2,0.75,s1_sysrisk_samegrid,0.809523809524,0.785714285714,0,0,0,0,1,1,1
s3_sysrisk_seed02,stage3_final,sysrisk,5,2,0.5,2,1,s1_sysrisk_samegrid,0.952380952381,0.97619047619,0,0,0,0,1,1,1
s3_sysrisk_seed03,stage3_final,sysrisk,5,2,0.5,3,0,s1_sysrisk_samegrid,0.952380952381,0.97619047619,0,0,0.000952380952381,0.00047619047619,0.952380952381,0.952380952381,0.952380952381
s3_sysrisk_seed03,stage3_final,sysrisk,5,2,0.5,3,0.05,s1_sysrisk_samegrid,0.857142857143,0.928571428571,0,0,0.00253661127473,0.00126830563737,0.857142857143,0.857142857143,0.857142857143
s3_sysrisk_seed03,stage3_final,sysrisk,5,2,0.5,3,0.1,s1_sysrisk_samegrid,0.809523809524,0.904761904762,0,0,0.00145634035855,0.000728170179274,0.857142857143,0.857142857143,0.904761904762
s3_sysrisk_seed03,stage3_final,sysrisk,5,2,0.5,3,0.2,s1_sysrisk_samegrid,0.904761904762,0.952380952381,0,0,0.00258512989874,0.00129256494937,0.809523809524,0.809523809524,0.809523809524
s3_sysrisk_seed03,stage3_final,sysrisk,5,2,0.5,3,0.3,s1_sysrisk_samegrid,0.666666666667,0.821428571429,0,0,0.00365481000676,0.00198249345635,0.809523809524,0.809523809524,0.809523809524
s3_sysrisk_seed03,stage3_final,sysrisk,5,2,0.5,3,0.4,s1_sysrisk_samegrid,0.809523809524,0.869047619048,0,0,0.00531949167507,0.0028102012846,0.809523809524,0.809523809524,0.857142857143
s3_sysrisk_seed03,stage3_final,sysrisk,5,2,0.5,3,0.5,s1_sysrisk_samegrid,0.761904761905,0.880952380952,0,0,0.00259635543353,0.00129817771676,0.857142857143,0.857142857143,0.857142857143
s3_sysrisk_seed03,stage3_final,sysrisk,5,2,0.5,3,0.6,s1_sysrisk_samegrid,0.952380952381,0.857142857143,0,0,0.000639421439397,0.000319710719698,0.904761904762,0.904761904762,1
s3_sysrisk_seed03,stage3_final,sysrisk,5,2,0.5,3,0.75,s1_sysrisk_samegrid,0.904761904762,0.952380952381,0,0,0,0,1,1,1
s3_sysrisk_seed03,stage3_final,sysrisk,5,2,0.5,3,1,s1_sysrisk_samegrid,0.809523809524,0.714285714286,0,0,0,0,1,1,1
s3_sysrisk_seed04,stage3_final,sysrisk,5,2,0.5,4,0,s1_sysrisk_samegrid,0.761904761905,0.880952380952,0,0,0.000952380952381,0.00047619047619,0.952380952381,0.952380952381,0.952380952381
s3_sysrisk_seed04,stage3_final,sysrisk,5,2,0.5,4,0.05,s1_sysrisk_samegrid,0.904761904762,0.952380952381,0,0,0.00253661127473,0.00126830563737,0.857142857143,0.857142857143,0.857142857143
s3_sysrisk_seed04,stage3_final,sysrisk,5,2,0.5,4,0.1,s1_sysrisk_samegrid,0.809523809524,0.797619047619,0,0,0.00145634035855,0.000728170179274,0.857142857143,0.857142857143,0.904761904762
s3_sysrisk_seed04,stage3_final,sysrisk,5,2,0.5,4,0.2,s1_sysrisk_samegrid,0.809523809524,0.880952380952,0,0,0.00258512989874,0.00129256494937,0.809523809524,0.809523809524,0.809523809524
s3_sysrisk_seed04,stage3_final,sysrisk,5,2,0.5,4,0.3,s1_sysrisk_samegrid,0.761904761905,0.869047619048,0,0,0.00365481000676,0.00198249345635,0.809523809524,0.809523809524,0.809523809524
s3_sysrisk_seed04,stage3_final,sysrisk,5,2,0.5,4,0.4,s1_sysrisk_samegrid,0.714285714286,0.833333333333,0,0,0.00531949167507,0.0028102012846,0.809523809524,0.809523809524,0.857142857143
s3_sysrisk_seed04,stage3_final,sysrisk,5,2,0.5,4,0.5,s1_sysrisk_samegrid,0.809523809524,0.904761904762,0,0,0.00259635543353,0.00129817771676,0.857142857143,0.857142857143,0.857142857143
s3_sysrisk_seed04,stage3_final,sysrisk,5,2,0.5,4,0.6,s1_sysrisk_samegrid,0.904761904762,0.952380952381,0,0,0.000639421439397,0.000319710719698,0.904761904762,0.904761904762,1
s3_sysrisk_seed04,stage3_final,sysrisk,5,2,0.5,4,0.75,s1_sysrisk_samegrid,0.857142857143,0.785714285714,0,0,0,0,1,1,1
s3_sysrisk_seed04,stage3_final,sysrisk,5,2,0.5,4,1,s1_sysrisk_samegrid,0.714285714286,0.690476190476,0,0,0,0,1,1,1
s3_sysrisk_seed05,stage3_final,sysrisk,5,2,0.5,5,0,s1_sysrisk_samegrid,0.904761904762,0.952380952381,0,0,0.000952380952381,0.00047619047619,0.952380952381,0.952380952381,0.952380952381
s3_sysrisk_seed05,stage3_final,sysrisk,5,2,0.5,5,0.05,s1_sysrisk_samegrid,0.809523809524,0.904761904762,0,0,0.00253661127473,0.00126830563737,0.857142857143,0.857142857143,0.857142857143
s3_sysrisk_seed05,stage3_final,sysrisk,5,2,0.5,5,0.1,s1_sysrisk_samegrid,0.857142857143,0.904761904762,0,0,0.00145634035855,0.000728170179274,0.857142857143,0.857142857143,0.904761904762
s3_sysrisk_seed05,stage3_final,sysrisk,5,2,0.5,5,0.2,s1_sysrisk_samegrid,0.714285714286,0.857142857143,0,0,0.00258512989874,0.00129256494937,0.809523809524,0.809523809524,0.809523809524
s3_sysrisk_seed05,stage3_final,sysrisk,5,2,0.5,5,0.3,s1_sysrisk_samegrid,0.809523809524,0.904761904762,0,0,0.00365481000676,0.00198249345635,0.809523809524,0.809523809524,0.809523809524
s3_sysrisk_seed05,stage3_final,sysrisk,5,2,0.5,5,0.4,s1_sysrisk_samegrid,0.761904761905,0.755952380952,0,0,0.00531949167507,0.0028102012846,0.809523809524,0.809523809524,0.857142857143
s3_sysrisk_seed05,stage3_final,sysrisk,5,2,0.5,5,0.5,s1_sysrisk_samegrid,0.857142857143,0.928571428571,0,0,0.00259635543353,0.00129817771676,0.857142857143,0.857142857143,0.857142857143
s3_sysrisk_seed05,stage3_final,sysrisk,5,2,0.5,5,0.6,s1_sysrisk_samegrid,0.761904761905,0.761904761905,0,0,0.000639421439397,0.000319710719698,0.904761904762,0.904761904762,1
s3_sysrisk_seed05,stage3_final,sysrisk,5,2,0.5,5,0.75,s1_sysrisk_samegrid,0.857142857143,0.642857142857,0,0,0,0,1,1,1
s3_sysrisk_seed05,stage3_final,sysrisk,5,2,0.5,5,1,s1_sysrisk_samegrid,0.714285714286,0.690476190476,0,0,0,0,1,1,1
s3_sysrisk_seed06,stage3_final,sysrisk,5,2,0.5,6,0,s1_sysrisk_samegrid,0.809523809524,0.904761904762,0,0,0.000952380952381,0.00047619047619,0.952380952381,0.952380952381,0.952380952381
s3_sysrisk_seed06,stage3_final,sysrisk,5,2,0.5,6,0.05,s1_sysrisk_samegrid,0.904761904762,0.952380952381,0,0,0.00253661127473,0.00126830563737,0.857142857143,0.857142857143,0.857142857143
s3_sysrisk_seed06,stage3_final,sysrisk,5,2,0.5,6,0.1,s1_sysrisk_samegrid,0.952380952381,0.97619047619,0,0,0.00145634035855,0.000728170179274,0.857142857143,0.857142857143,0.904761904762
s3_sysrisk_seed06,stage3_final,sysrisk,5,2,0.5,6,0.2,s1_sysrisk_samegrid,0.714285714286,0.833333333333,0,0,0.00258512989874,0.00129256494937,0.809523809524,0.809523809524,0.809523809524
s3_sysrisk_seed06,stage3_final,sysrisk,5,2,0.5,6,0.3,s1_sysrisk_samegrid,0.571428571429,0.761904761905,0,0,0.00365481000676,0.00198249345635,0.809523809524,0.809523809524,0.809523809524
s3_sysrisk_seed06,stage3_final,sysrisk,5,2,0.5,6,0.4,s1_sysrisk_samegrid,0.714285714286,0.744047619048,0,0,0.00531949167507,0.0028102012846,0.809523809524,0.809523809524,0.857142857143
s3_sysrisk_seed06,stage3_final,sysrisk,5,2,0.5,6,0.5,s1_sysrisk_samegrid,0.714285714286,0.642857142857,0,0,0.00259635543353,0.00129817771676,0.857142857143,0.857142857143,0.857142857143
s3_sysrisk_seed06,stage3_final,sysrisk,5,2,0.5,6,0.6,s1_sysrisk_samegrid,0.857142857143,0.928571428571,0,0,0.000639421439397,0.000319710719698,0.904761904762,0.904761904762,1
s3_sysrisk_seed06,stage3_final,sysrisk,5,2,0.5,6,0.75,s1_sysrisk_samegrid,0.714285714286,0.52380952381,0,0,0,0,1,1,1
s3_sysrisk_seed06,stage3_final,sysrisk,5,2,0.5,6,1,s1_sysrisk_samegrid,0.761904761905,0.690476190476,0,0,0,0,1,1,1
s3_sysrisk_seed07,stage3_final,sysrisk,5,2,0.5,7,0,s1_sysrisk_samegrid,1,1,0,0,0.000952380952381,0.00047619047619,0.952380952381,0.952380952381,0.952380952381
s3_sysrisk_seed07,stage3_final,sysrisk,5,2,0.5,7,0.05,s1_sysrisk_samegrid,0.904761904762,0.952380952381,0,0,0.00253661127473,0.00126830563737,0.857142857143,0.857142857143,0.857142857143
s3_sysrisk_seed07,stage3_final,sysrisk,5,2,0.5,7,0.1,s1_sysrisk_samegrid,0.857142857143,0.928571428571,0,0,0.00145634035855,0.000728170179274,0.857142857143,0.857142857143,0.904761904762
s3_sysrisk_seed07,stage3_final,sysrisk,5,2,0.5,7,0.2,s1_sysrisk_samegrid,0.809523809524,0.904761904762,0,0,0.00258512989874,0.00129256494937,0.809523809524,0.809523809524,0.809523809524
s3_sysrisk_seed07,stage3_final,sysrisk,5,2,0.5,7,0.3,s1_sysrisk_samegrid,0.761904761905,0.880952380952,0,0,0.00365481000676,0.00198249345635,0.809523809524,0.809523809524,0.809523809524
s3_sysrisk_seed07,stage3_final,sysrisk,5,2,0.5,7,0.4,s1_sysrisk_samegrid,0.666666666667,0.708333333333,0,0,0.00531949167507,0.0028102012846,0.809523809524,0.809523809524,0.857142857143
s3_sysrisk_seed07,stage3_final,sysrisk,5,2,0.5,7,0.5,s1_sysrisk_samegrid,0.904761904762,0.904761904762,0,0,0.00259635543353,0.00129817771676,0.857142857143,0.857142857143,0.857142857143
s3_sysrisk_seed07,stage3_final,sysrisk,5,2,0.5,7,0.6,s1_sysrisk_samegrid,0.904761904762,0.952380952381,0,0,0.000639421439397,0.000319710719698,0.904761904762,0.904761904762,1
s3_sysrisk_seed07,stage3_final,sysrisk,5,2,0.5,7,0.75,s1_sysrisk_samegrid,0.904761904762,0.952380952381,0,0,0,0,1,1,1
s3_sysrisk_seed07,stage3_final,sysrisk,5,2,0.5,7,1,s1_sysrisk_samegrid,0.761904761905,0.690476190476,0,0,0,0,1,1,1
s3_sysrisk_seed08,stage3_final,sysrisk,5,2,0.5,8,0,s1_sysrisk_samegrid,0.904761904762,0.952380952381,0,0,0.000952380952381,0.00047619047619,0.952380952381,0.952380952381,0.952380952381
s3_sysrisk_seed08,stage3_final,sysrisk,5,2,0.5,8,0.05,s1_sysrisk_samegrid,0.857142857143,0.928571428571,0,0,0.00253661127473,0.00126830563737,0.857142857143,0.857142857143,0.857142857143
s3_sysrisk_seed08,stage3_final,sysrisk,5,2,0.5,8,0.1,s1_sysrisk_samegrid,0.857142857143,0.928571428571,0,0,0.00145634035855,0.000728170179274,0.857142857143,0.857142857143,0.904761904762
s3_sysrisk_seed08,stage3_final,sysrisk,5,2,0.5,8,0.2,s1_sysrisk_samegrid,0.809523809524,0.5,0,0,0.00258512989874,0.00129256494937,0.809523809524,0.809523809524,0.809523809524
s3_sysrisk_seed08,stage3_final,sysrisk,5,2,0.5,8,0.3,s1_sysrisk_samegrid,0.809523809524,0.904761904762,0,0,0.00365481000676,0.00198249345635,0.809523809524,0.809523809524,0.809523809524
s3_sysrisk_seed08,stage3_final,sysrisk,5,2,0.5,8,0.4,s1_sysrisk_samegrid,0.809523809524,0.880952380952,0,0,0.00531949167507,0.0028102012846,0.809523809524,0.809523809524,0.857142857143
s3_sysrisk_seed08,stage3_final,sysrisk,5,2,0.5,8,0.5,s1_sysrisk_samegrid,0.761904761905,0.666666666667,0,0,0.00259635543353,0.00129817771676,0.857142857143,0.857142857143,0.857142857143
s3_sysrisk_seed08,stage3_final,sysrisk,5,2,0.5,8,0.6,s1_sysrisk_samegrid,0.857142857143,0.809523809524,0,0,0.000639421439397,0.000319710719698,0.904761904762,0.904761904762,1
s3_sysrisk_seed08,stage3_final,sysrisk,5,2,0.5,8,0.75,s1_sysrisk_samegrid,1,1,0,0,0,0,1,1,1
s3_sysrisk_seed08,stage3_final,sysrisk,5,2,0.5,8,1,s1_sysrisk_samegrid,0.809523809524,0.571428571429,0,0,0,0,1,1,1
s3_sysrisk_seed09,stage3_final,sysrisk,5,2,0.5,9,0,s1_sysrisk_samegrid,0.809523809524,0.904761904762,0,0,0.000952380952381,0.00047619047619,0.952380952381,0.952380952381,0.952380952381
s3_sysrisk_seed09,stage3_final,sysrisk,5,2,0.5,9,0.05,s1_sysrisk_samegrid,0.904761904762,0.952380952381,0,0,0.00253661127473,0.00126830563737,0.857142857143,0.857142857143,0.857142857143
s3_sysrisk_seed09,stage3_final,sysrisk,5,2,0.5,9,0.1,s1_sysrisk_samegrid,0.666666666667,0.75,0,0,0.00145634035855,0.000728170179274,0.857142857143,0.857142857143,0.904761904762
s3_sysrisk_seed09,stage3_final,sysrisk,5,2,0.5,9,0.2,s1_sysrisk_samegrid,0.904761904762,0.952380952381,0,0,0.00258512989874,0.00129256494937,0.809523809524,0.809523809524,0.809523809524
s3_sysrisk_seed09,stage3_final,sysrisk,5,2,0.5,9,0.3,s1_sysrisk_samegrid,0.857142857143,0.595238095238,0,0,0.00365481000676,0.00198249345635,0.809523809524,0.809523809524,0.809523809524
s3_sysrisk_seed09,stage3_final,sysrisk,5,2,0.5,9,0.4,s1_sysrisk_samegrid,0.809523809524,0.880952380952,0,0,0.00531949167507,0.0028102012846,0.809523809524,0.809523809524,0.857142857143
s3_sysrisk_seed09,stage3_final,sysrisk,5,2,0.5,9,0.5,s1_sysrisk_samegrid,0.809523809524,0.904761904762,0,0,0.00259635543353,0.00129817771676,0.857142857143,0.857142857143,0.857142857143
s3_sysrisk_seed09,stage3_final,sysrisk,5,2,0.5,9,0.6,s1_sysrisk_samegrid,0.809523809524,0.785714285714,0,0,0.000639421439397,0.000319710719698,0.904761904762,0.904761904762,1
s3_sysrisk_seed09,stage3_final,sysrisk,5,2,0.5,9,0.75,s1_sysrisk_samegrid,0.857142857143,0.642857142857,0,0,0,0,1,1,1
s3_sysrisk_seed09,stage3_final,sysrisk,5,2,0.5,9,1,s1_sysrisk_samegrid,0.714285714286,0.666666666667,0,0,0,0,1,1,1
s3_sysrisk_seed10,stage3_final,sysrisk,5,2,0.5,10,0,s1_sysrisk_samegrid,0.857142857143,0.928571428571,0,0,0.000952380952381,0.00047619047619,0.952380952381,0.952380952381,0.952380952381
s3_sysrisk_seed10,stage3_final,sysrisk,5,2,0.5,10,0.05,s1_sysrisk_samegrid,0.761904761905,0.52380952381,0,0,0.00253661127473,0.00126830563737,0.857142857143,0.857142857143,0.857142857143
s3_sysrisk_seed10,stage3_final,sysrisk,5,2,0.5,10,0.1,s1_sysrisk_samegrid,0.809523809524,0.880952380952,0,0,0.00145634035855,0.000728170179274,0.857142857143,0.857142857143,0.904761904762
s3_sysrisk_seed10,stage3_final,sysrisk,5,2,0.5,10,0.2,s1_sysrisk_samegrid,0.761904761905,0.880952380952,0,0,0.00258512989874,0.00129256494937,0.809523809524,0.809523809524,0.809523809524
s3_sysrisk_seed10,stage3_final,sysrisk,5,2,0.5,10,0.3,s1_sysrisk_samegrid,0.904761904762,0.952380952381,0,0,0.00365481000676,0.00198249345635,0.809523809524,0.809523809524,0.809523809524
s3_sysrisk_seed10,stage3_final,sysrisk,5,2,0.5,10,0.4,s1_sysrisk_samegrid,0.761904761905,0.845238095238,0,0,0.00531949167507,0.0028102012846,0.809523809524,0.809523809524,0.857142857143
s3_sysrisk_seed10,stage3_final,sysrisk,5,2,0.5,10,0.5,s1_sysrisk_samegrid,0.761904761905,0.809523809524,0,0,0.00259635543353,0.00129817771676,0.857142857143,0.857142857143,0.857142857143
s3_sysrisk_seed10,stage3_final,sysrisk,5,2,0.5,10,0.6,s1_sysrisk_samegrid,0.857142857143,0.809523809524,0,0,0.000639421439397,0.000319710719698,0.904761904762,0.904761904762,1
s3_sysrisk_seed10,stage3_final,sysrisk,5,2,0.5,10,0.75,s1_sysrisk_samegrid,0.809523809524,0.642857142857,0,0,0,0,1,1,1
s3_sysrisk_seed10,stage3_final,sysrisk,5,2,0.5,10,1,s1_sysrisk_samegrid,0.714285714286,0.666666666667,0,0,0,0,1,1,1
s3_sysrisk_seed11,stage3_final,sysrisk,5,2,0.5,11,0,s1_sysrisk_samegrid,0.857142857143,0.928571428571,0,0,0.000952380952381,0.00047619047619,0.952380952381,0.952380952381,0.952380952381
s3_sysrisk_seed11,stage3_final,sysrisk,5,2,0.5,11,0.05,s1_sysrisk_samegrid,0.857142857143,0.928571428571,0,0,0.00253661127473,0.00126830563737,0.857142857143,0.857142857143,0.857142857143
s3_sysrisk_seed11,stage3_final,sysrisk,5,2,0.5,11,0.1,s1_sysrisk_samegrid,0.809523809524,0.880952380952,0,0,0.00145634035855,0.000728170179274,0.857142857143,0.857142857143,0.904761904762
s3_sysrisk_seed11,stage3_final,sysrisk,5,2,0.5,11,0.2,s1_sysrisk_samegrid,0.857142857143,0.928571428571,0,0,0.00258512989874,0.00129256494937,0.809523809524,0.809523809524,0.809523809524
s3_sysrisk_seed11,stage3_final,sysrisk,5,2,0.5,11,0.3,s1_sysrisk_samegrid,0.714285714286,0.833333333333,0,0,0.00365481000676,0.00198249345635,0.809523809524,0.809523809524,0.809523809524
s3_sysrisk_seed11,stage3_final,sysrisk,5,2,0.5,11,0.4,s1_sysrisk_samegrid,0.809523809524,0.880952380952,0,0,0.00531949167507,0.0028102012846,0.809523809524,0.809523809524,0.857142857143
s3_sysrisk_seed11,stage3_final,sysrisk,5,2,0.5,11,0.5,s1_sysrisk_samegrid,0.761904761905,0.809523809524,0,0,0.00259635543353,0.00129817771676,0.857142857143,0.857142857143,0.857142857143
s3_sysrisk_seed11,stage3_final,sysrisk,5,2,0.5,11,0.6,s1_sysrisk_samegrid,0.952380952381,0.97619047619,0,0,0.000639421439397,0.000319710719698,0.904761904762,0.904761904762,1
s3_sysrisk_seed11,stage3_final,sysrisk,5,2,0.5,11,0.75,s1_sysrisk_samegrid,0.904761904762,0.833333333333,0,0,0,0,1,1,1
s3_sysrisk_seed11,stage3_final,sysrisk,5,2,0.5,11,1,s1_sysrisk_samegrid,0.761904761905,0.690476190476,0,0,0,0,1,1,1
s3_sysrisk_seed12,stage3_final,sysrisk,5,2,0.5,12,0,s1_sysrisk_samegrid,0.761904761905,0.547619047619,0,0,0.000952380952381,0.00047619047619,0.952380952381,0.952380952381,0.952380952381
s3_sysrisk_seed12,stage3_final,sysrisk,5,2,0.5,12,0.05,s1_sysrisk_samegrid,0.952380952381,0.97619047619,0,0,0.00253661127473,0.00126830563737,0.857142857143,0.857142857143,0.857142857143
s3_sysrisk_seed12,stage3_final,sysrisk,5,2,0.5,12,0.1,s1_sysrisk_samegrid,0.904761904762,0.952380952381,0,0,0.00145634035855,0.000728170179274,0.857142857143,0.857142857143,0.904761904762
s3_sysrisk_seed12,stage3_final,sysrisk,5,2,0.5,12,0.2,s1_sysrisk_samegrid,0.761904761905,0.880952380952,0,0,0.00258512989874,0.00129256494937,0.809523809524,0.809523809524,0.809523809524
s3_sysrisk_seed12,stage3_final,sysrisk,5,2,0.5,12,0.3,s1_sysrisk_samegrid,0.904761904762,0.952380952381,0,0,0.00365481000676,0.00198249345635,0.809523809524,0.809523809524,0.809523809524
s3_sysrisk_seed12,stage3_final,sysrisk,5,2,0.5,12,0.4,s1_sysrisk_samegrid,0.619047619048,0.785714285714,0,0,0.00531949167507,0.0028102012846,0.809523809524,0.809523809524,0.857142857143
s3_sysrisk_seed12,stage3_final,sysrisk,5,2,0.5,12,0.5,s1_sysrisk_samegrid,0.714285714286,0.785714285714,0,0,0.00259635543353,0.00129817771676,0.857142857143,0.857142857143,0.857142857143
s3_sysrisk_seed12,stage3_final,sysrisk,5,2,0.5,12,0.6,s1_sysrisk_samegrid,0.857142857143,0.809523809524,0,0,0.000639421439397,0.000319710719698,0.904761904762,0.904761904762,1
s3_sysrisk_seed12,stage3_final,sysrisk,5,2,0.5,12,0.75,s1_sysrisk_samegrid,0.904761904762,0.833333333333,0,0,0,0,1,1,1
s3_sysrisk_seed12,stage3_final,sysrisk,5,2,0.5,12,1,s1_sysrisk_samegrid,0.857142857143,0.738095238095,0,0,0,0,1,1,1
s3_sysrisk_seed13,stage3_final,sysrisk,5,2,0.5,13,0,s1_sysrisk_samegrid,0.904761904762,0.952380952381,0,0,0.000952380952381,0.00047619047619,0.952380952381,0.952380952381,0.952380952381
s3_sysrisk_seed13,stage3_final,sysrisk,5,2,0.5,13,0.05,s1_sysrisk_samegrid,0.857142857143,0.928571428571,0,0,0.00253661127473,0.00126830563737,0.857142857143,0.857142857143,0.857142857143
s3_sysrisk_seed13,stage3_final,sysrisk,5,2,0.5,13,0.1,s1_sysrisk_samegrid,0.904761904762,0.952380952381,0,0,0.00145634035855,0.000728170179274,0.857142857143,0.857142857143,0.904761904762
s3_sysrisk_seed13,stage3_final,sysrisk,5,2,0.5,13,0.2,s1_sysrisk_samegrid,0.666666666667,0.785714285714,0,0,0.00258512989874,0.00129256494937,0.809523809524,0.809523809524,0.809523809524
s3_sysrisk_seed13,stage3_final,sysrisk,5,2,0.5,13,0.3,s1_sysrisk_samegrid,0.666666666667,0.785714285714,0,0,0.00365481000676,0.00198249345635,0.809523809524,0.809523809524,0.809523809524
s3_sysrisk_seed13,stage3_final,sysrisk,5,2,0.5,13,0.4,s1_sysrisk_samegrid,0.809523809524,0.880952380952,0,0,0.00531949167507,0.0028102012846,0.809523809524,0.809523809524,0.857142857143
s3_sysrisk_seed13,stage3_final,sysrisk,5,2,0.5,13,0.5,s1_sysrisk_samegrid,0.761904761905,0.880952380952,0,0,0.00259635543353,0.00129817771676,0.857142857143,0.857142857143,0.857142857143
s3_sysrisk_seed13,stage3_final,sysrisk,5,2,0.5,13,0.6,s1_sysrisk_samegrid,0.809523809524,0.904761904762,0,0,0.000639421439397,0.000319710719698,0.904761904762,0.904761904762,1
s3_sysrisk_seed13,stage3_final,sysrisk,5,2,0.5,13,0.75,s1_sysrisk_samegrid,0.952380952381,0.97619047619,0,0,0,0,1,1,1
s3_sysrisk_seed13,stage3_final,sysrisk,5,2,0.5,13,1,s1_sysrisk_samegrid,0.761904761905,0.595238095238,0,0,0,0,1,1,1
s3_sysrisk_seed14,stage3_final,sysrisk,5,2,0.5,14,0,s1_sysrisk_samegrid,1,1,0,0,0.000952380952381,0.00047619047619,0.952380952381,0.952380952381,0.952380952381
s3_sysrisk_seed14,stage3_final,sysrisk,5,2,0.5,14,0.05,s1_sysrisk_samegrid,1,1,0,0,0.00253661127473,0.00126830563737,0.857142857143,0.857142857143,0.857142857143
s3_sysrisk_seed14,stage3_final,sysrisk,5,2,0.5,14,0.1,s1_sysrisk_samegrid,0.952380952381,0.97619047619,0,0,0.00145634035855,0.000728170179274,0.857142857143,0.857142857143,0.904761904762
s3_sysrisk_seed14,stage3_final,sysrisk,5,2,0.5,14,0.2,s1_sysrisk_samegrid,0.714285714286,0.833333333333,0,0,0.00258512989874,0.00129256494937,0.809523809524,0.809523809524,0.809523809524
s3_sysrisk_seed14,stage3_final,sysrisk,5,2,0.5,14,0.3,s1_sysrisk_samegrid,0.809523809524,0.904761904762,0,0,0.00365481000676,0.00198249345635,0.809523809524,0.809523809524,0.809523809524
s3_sysrisk_seed14,stage3_final,sysrisk,5,2,0.5,14,0.4,s1_sysrisk_samegrid,0.714285714286,0.833333333333,0,0,0.00531949167507,0.0028102012846,0.809523809524,0.809523809524,0.857142857143
s3_sysrisk_seed14,stage3_final,sysrisk,5,2,0.5,14,0.5,s1_sysrisk_samegrid,0.761904761905,0.738095238095,0,0,0.00259635543353,0.00129817771676,0.857142857143,0.857142857143,0.857142857143
s3_sysrisk_seed14,stage3_final,sysrisk,5,2,0.5,14,0.6,s1_sysrisk_samegrid,0.952380952381,0.97619047619,0,0,0.000639421439397,0.000319710719698,0.904761904762,0.904761904762,1
s3_sysrisk_seed14,stage3_final,sysrisk,5,2,0.5,14,0.75,s1_sysrisk_samegrid,0.809523809524,0.785714285714,0,0,0,0,1,1,1
s3_sysrisk_seed14,stage3_final,sysrisk,5,2,0.5,14,1,s1_sysrisk_samegrid,0.857142857143,0.928571428571,0,0,0,0,1,1,1
s3_sysrisk_seed15,stage3_final,sysrisk,5,2,0.5,15,0,s1_sysrisk_samegrid,0.857142857143,0.928571428571,0,0,0.000952380952381,0.00047619047619,0.952380952381,0.952380952381,0.952380952381
s3_sysrisk_seed15,stage3_final,sysrisk,5,2,0.5,15,0.05,s1_sysrisk_samegrid,0.857142857143,0.928571428571,0,0,0.00253661127473,0.00126830563737,0.857142857143,0.857142857143,0.857142857143
s3_sysrisk_seed15,stage3_final,sysrisk,5,2,0.5,15,0.1,s1_sysrisk_samegrid,0.809523809524,0.904761904762,0,0,0.00145634035855,0.000728170179274,0.857142857143,0.857142857143,0.904761904762
s3_sysrisk_seed15,stage3_final,sysrisk,5,2,0.5,15,0.2,s1_sysrisk_samegrid,0.857142857143,0.928571428571,0,0,0.00258512989874,0.00129256494937,0.809523809524,0.809523809524,0.809523809524
s3_sysrisk_seed15,stage3_final,sysrisk,5,2,0.5,15,0.3,s1_sysrisk_samegrid,0.761904761905,0.869047619048,0,0,0.00365481000676,0.00198249345635,0.809523809524,0.809523809524,0.809523809524
s3_sysrisk_seed15,stage3_final,sysrisk,5,2,0.5,15,0.4,s1_sysrisk_samegrid,0.619047619048,0.77380952381,0,0,0.00531949167507,0.0028102012846,0.809523809524,0.809523809524,0.857142857143
s3_sysrisk_seed15,stage3_final,sysrisk,5,2,0.5,15,0.5,s1_sysrisk_samegrid,0.809523809524,0.833333333333,0,0,0.00259635543353,0.00129817771676,0.857142857143,0.857142857143,0.857142857143
s3_sysrisk_seed15,stage3_final,sysrisk,5,2,0.5,15,0.6,s1_sysrisk_samegrid,0.761904761905,0.642857142857,0,0,0.000639421439397,0.000319710719698,0.904761904762,0.904761904762,1
s3_sysrisk_seed15,stage3_final,sysrisk,5,2,0.5,15,0.75,s1_sysrisk_samegrid,0.809523809524,0.904761904762,0,0,0,0,1,1,1
s3_sysrisk_seed15,stage3_final,sysrisk,5,2,0.5,15,1,s1_sysrisk_samegrid,0.857142857143,0.904761904762,0,0,0,0,1,1,1
s3_sysrisk_seed16,stage3_final,sysrisk,5,2,0.5,16,0,s1_sysrisk_samegrid,0.952380952381,0.97619047619,0,0,0.000952380952381,0.00047619047619,0.952380952381,0.952380952381,0.952380952381
s3_sysrisk_seed16,stage3_final,sysrisk,5,2,0.5,16,0.05,s1_sysrisk_samegrid,0.904761904762,0.952380952381,0,0,0.00253661127473,0.00126830563737,0.857142857143,0.857142857143,0.857142857143
s3_sysrisk_seed16,stage3_final,sysrisk,5,2,0.5,16,0.1,s1_sysrisk_samegrid,0.857142857143,0.559523809524,0,0,0.00145634035855,0.000728170179274,0.857142857143,0.857142857143,0.904761904762
s3_sysrisk_seed16,stage3_final,sysrisk,5,2,0.5,16,0.2,s1_sysrisk_samegrid,0.952380952381,0.97619047619,0,0,0.00258512989874,0.00129256494937,0.809523809524,0.809523809524,0.809523809524
s3_sysrisk_seed16,stage3_final,sysrisk,5,2,0.5,16,0.3,s1_sysrisk_samegrid,0.714285714286,0.845238095238,0,0,0.00365481000676,0.00198249345635,0.809523809524,0.809523809524,0.809523809524
s3_sysrisk_seed16,stage3_final,sysrisk,5,2,0.5,16,0.4,s1_sysrisk_samegrid,0.809523809524,0.880952380952,0,0,0.00531949167507,0.0028102012846,0.809523809524,0.809523809524,0.857142857143
s3_sysrisk_seed16,stage3_final,sysrisk,5,2,0.5,16,0.5,s1_sysrisk_samegrid,0.761904761905,0.880952380952,0,0,0.00259635543353,0.00129817771676,0.857142857143,0.857142857143,0.857142857143
s3_sysrisk_seed16,stage3_final,sysrisk,5,2,0.5,16,0.6,s1_sysrisk_samegrid,0.857142857143,0.928571428571,0,0,0.000639421439397,0.000319710719698,0.904761904762,0.904761904762,1
s3_sysrisk_seed16,stage3_final,sysrisk,5,2,0.5,16,0.75,s1_sysrisk_samegrid,0.904761904762,0.952380952381,0,0,0,0,1,1,1
s3_sysrisk_seed16,stage3_final,sysrisk,5,2,0.5,16,1,s1_sysrisk_samegrid,0.761904761905,0.714285714286,0,0,0,0,1,1,1
s3_sysrisk_seed17,stage3_final,sysrisk,5,2,0.5,17,0,s1_sysrisk_samegrid,0.761904761905,0.880952380952,0,0,0.000952380952381,0.00047619047619,0.952380952381,0.952380952381,0.952380952381
s3_sysrisk_seed17,stage3_final,sysrisk,5,2,0.5,17,0.05,s1_sysrisk_samegrid,0.761904761905,0.880952380952,0,0,0.00253661127473,0.00126830563737,0.857142857143,0.857142857143,0.857142857143
s3_sysrisk_seed17,stage3_final,sysrisk,5,2,0.5,17,0.1,s1_sysrisk_samegrid,0.809523809524,0.904761904762,0,0,0.00145634035855,0.000728170179274,0.857142857143,0.857142857143,0.904761904762
s3_sysrisk_seed17,stage3_final,sysrisk,5,2,0.5,17,0.2,s1_sysrisk_samegrid,0.809523809524,0.857142857143,0,0,0.00258512989874,0.00129256494937,0.809523809524,0.809523809524,0.809523809524
s3_sysrisk_seed17,stage3_final,sysrisk,5,2,0.5,17,0.3,s1_sysrisk_samegrid,0.714285714286,0.511904761905,0,0,0.00365481000676,0.00198249345635,0.809523809524,0.809523809524,0.809523809524
s3_sysrisk_seed17,stage3_final,sysrisk,5,2,0.5,17,0.4,s1_sysrisk_samegrid,0.761904761905,0.845238095238,0,0,0.00531949167507,0.0028102012846,0.809523809524,0.809523809524,0.857142857143
s3_sysrisk_seed17,stage3_final,sysrisk,5,2,0.5,17,0.5,s1_sysrisk_samegrid,0.714285714286,0.785714285714,0,0,0.00259635543353,0.00129817771676,0.857142857143,0.857142857143,0.857142857143
s3_sysrisk_seed17,stage3_final,sysrisk,5,2,0.5,17,0.6,s1_sysrisk_samegrid,0.952380952381,0.97619047619,0,0,0.000639421439397,0.000319710719698,0.904761904762,0.904761904762,1
s3_sysrisk_seed17,stage3_final,sysrisk,5,2,0.5,17,0.75,s1_sysrisk_samegrid,0.809523809524,0.738095238095,0,0,0,0,1,1,1
s3_sysrisk_seed17,stage3_final,sysrisk,5,2,0.5,17,1,s1_sysrisk_samegrid,0.761904761905,0.690476190476,0,0,0,0,1,1,1
s3_sysrisk_seed18,stage3_final,sysrisk,5,2,0.5,18,0,s1_sysrisk_samegrid,0.809523809524,0.904761904762,0,0,0.000952380952381,0.00047619047619,0.952380952381,0.952380952381,0.952380952381
s3_sysrisk_seed18,stage3_final,sysrisk,5,2,0.5,18,0.05,s1_sysrisk_samegrid,0.809523809524,0.904761904762,0,0,0.00253661127473,0.00126830563737,0.857142857143,0.857142857143,0.857142857143
s3_sysrisk_seed18,stage3_final,sysrisk,5,2,0.5,18,0.1,s1_sysrisk_samegrid,0.904761904762,0.952380952381,0,0,0.00145634035855,0.000728170179274,0.857142857143,0.857142857143,0.904761904762
s3_sysrisk_seed18,stage3_final,sysrisk,5,2,0.5,18,0.2,s1_sysrisk_samegrid,0.952380952381,0.97619047619,0,0,0.00258512989874,0.00129256494937,0.809523809524,0.809523809524,0.809523809524
s3_sysrisk_seed18,stage3_final,sysrisk,5,2,0.5,18,0.3,s1_sysrisk_samegrid,0.857142857143,0.928571428571,0,0,0.00365481000676,0.00198249345635,0.809523809524,0.809523809524,0.809523809524
s3_sysrisk_seed18,stage3_final,sysrisk,5,2,0.5,18,0.4,s1_sysrisk_samegrid,0.761904761905,0.845238095238,0,0,0.00531949167507,0.0028102012846,0.809523809524,0.809523809524,0.857142857143
s3_sysrisk_seed18,stage3_final,sysrisk,5,2,0.5,18,0.5,s1_sysrisk_samegrid,0.761904761905,0.880952380952,0,0,0.00259635543353,0.00129817771676,0.857142857143,0.857142857143,0.857142857143
s3_sysrisk_seed18,stage3_final,sysrisk,5,2,0.5,18,0.6,s1_sysrisk_samegrid,0.857142857143,0.928571428571,0,0,0.000639421439397,0.000319710719698,0.904761904762,0.904761904762,1
s3_sysrisk_seed18,stage3_final,sysrisk,5,2,0.5,18,0.75,s1_sysrisk_samegrid,0.904761904762,0.952380952381,0,0,0,0,1,1,1
s3_sysrisk_seed18,stage3_final,sysrisk,5,2,0.5,18,1,s1_sysrisk_samegrid,0.761904761905,0.595238095238,0,0,0,0,1,1,1
s3_sysrisk_seed19,stage3_final,sysrisk,5,2,0.5,19,0,s1_sysrisk_samegrid,0.857142857143,0.928571428571,0,0,0.000952380952381,0.00047619047619,0.952380952381,0.952380952381,0.952380952381
s3_sysrisk_seed19,stage3_final,sysrisk,5,2,0.5,19,0.05,s1_sysrisk_samegrid,0.952380952381,0.97619047619,0,0,0.00253661127473,0.00126830563737,0.857142857143,0.857142857143,0.857142857143
s3_sysrisk_seed19,stage3_final,sysrisk,5,2,0.5,19,0.1,s1_sysrisk_samegrid,0.714285714286,0.857142857143,0,0,0.00145634035855,0.000728170179274,0.857142857143,0.857142857143,0.904761904762
s3_sysrisk_seed19,stage3_final,sysrisk,5,2,0.5,19,0.2,s1_sysrisk_samegrid,0.761904761905,0.880952380952,0,0,0.00258512989874,0.00129256494937,0.809523809524,0.809523809524,0.809523809524
s3_sysrisk_seed19,stage3_final,sysrisk,5,2,0.5,19,0.3,s1_sysrisk_samegrid,0.714285714286,0.845238095238,0,0,0.00365481000676,0.00198249345635,0.809523809524,0.809523809524,0.809523809524
s3_sysrisk_seed19,stage3_final,sysrisk,5,2,0.5,19,0.4,s1_sysrisk_samegrid,0.761904761905,0.857142857143,0,0,0.00531949167507,0.0028102012846,0.809523809524,0.809523809524,0.857142857143
s3_sysrisk_seed19,stage3_final,sysrisk,5,2,0.5,19,0.5,s1_sysrisk_samegrid,0.809523809524,0.833333333333,0,0,0.00259635543353,0.00129817771676,0.857142857143,0.857142857143,0.857142857143
s3_sysrisk_seed19,stage3_final,sysrisk,5,2,0.5,19,0.6,s1_sysrisk_samegrid,0.857142857143,0.904761904762,0,0,0.000639421439397,0.000319710719698,0.904761904762,0.904761904762,1
s3_sysrisk_seed19,stage3_final,sysrisk,5,2,0.5,19,0.75,s1_sysrisk_samegrid,0.761904761905,0.595238095238,0,0,0,0,1,1,1
s3_sysrisk_seed19,stage3_final,sysrisk,5,2,0.5,19,1,s1_sysrisk_samegrid,0.761904761905,0.642857142857,0,0,0,0,1,1,1
s5_sampled_seir_n10_a10_seed00,stage5_grid_sensitivity,seir,10,10,0.9,0,0,s5_ideal_seir_n10_a10,0.223776223776,0.671061977657,0,0.017,0.02124340053,0.00726500854396,0.230769230769,0.234265734266,0.475524475524
s5_sampled_seir_n10_a10_seed00,stage5_grid_sensitivity,seir,10,10,0.9,0,0.1,s5_ideal_seir_n10_a10,0.230769230769,0.351346722269,0,0.017,0.0217054737028,0.00817068443689,0.230769230769,0.237762237762,0.472027972028
s5_sampled_seir_n10_a10_seed00,stage5_grid_sensitivity,seir,10,10,0.9,0,0.3,s5_ideal_seir_n10_a10,0.213286713287,0.150381489202,0,0.017,0.0209786276329,0.00822991202835,0.230769230769,0.230769230769,0.444055944056
s5_sampled_seir_n10_a10_seed00,stage5_grid_sensitivity,seir,10,10,0.9,0,1,s5_ideal_seir_n10_a10,0.227272727273,0.401579332682,0,0.017,0.0210392536084,0.00826096846536,0.230769230769,0.230769230769,0.444055944056
s5_sampled_seir_n10_a10_seed01,stage5_grid_sensitivity,seir,10,10,0.9,1,0,s5_ideal_seir_n10_a10,0.227272727273,0.650265616263,0,0.017,0.02124340053,0.00726500854396,0.230769230769,0.234265734266,0.475524475524
s5_sampled_seir_n10_a10_seed01,stage5_grid_sensitivity,seir,10,10,0.9,1,0.1,s5_ideal_seir_n10_a10,0.223776223776,0.592731435008,0,0.017,0.0217054737028,0.00817068443689,0.230769230769,0.237762237762,0.472027972028
s5_sampled_seir_n10_a10_seed01,stage5_grid_sensitivity,seir,10,10,0.9,1,0.3,s5_ideal_seir_n10_a10,0.216783216783,0.33599125787,0,0.017,0.0209786276329,0.00822991202835,0.230769230769,0.230769230769,0.444055944056
s5_sampled_seir_n10_a10_seed01,stage5_grid_sensitivity,seir,10,10,0.9,1,1,s5_ideal_seir_n10_a10,0.206293706294,0.395075836179,0,0.017,0.0210392536084,0.00826096846536,0.230769230769,0.230769230769,0.444055944056
s5_sampled_seir_n10_a10_seed02,stage5_grid_sensitivity,seir,10,10,0.9,2,0,s5_ideal_seir_n10_a10,0.223776223776,0.62568963121,0,0.017,0.02124340053,0.00726500854396,0.230769230769,0.234265734266,0.475524475524
s5_sampled_seir_n10_a10_seed02,stage5_grid_sensitivity,seir,10,10,0.9,2,0.1,s5_ideal_seir_n10_a10,0.199300699301,0.147115461453,0,0.017,0.0217054737028,0.00817068443689,0.230769230769,0.237762237762,0.472027972028
s5_sampled_seir_n10_a10_seed02,stage5_grid_sensitivity,seir,10,10,0.9,2,0.3,s5_ideal_seir_n10_a10,0.188811188811,0.308789677369,0,0.017,0.0209786276329,0.00822991202835,0.230769230769,0.230769230769,0.444055944056
s5_sampled_seir_n10_a10_seed02,stage5_grid_sensitivity,seir,10,10,0.9,2,1,s5_ideal_seir_n10_a10,0.206293706294,0.152986384307,0,0.017,0.0210392536084,0.00826096846536,0.230769230769,0.230769230769,0.444055944056
s5_sampled_seir_n10_a10_seed03,stage5_grid_sensitivity,seir,10,10,0.9,3,0,s5_ideal_seir_n10_a10,0.230769230769,0.268938601689,0,0.017,0.02124340053,0.00726500854396,0.230769230769,0.234265734266,0.475524475524
s5_sampled_seir_n10_a10_seed03,stage5_grid_sensitivity,seir,10,10,0.9,3,0.1,s5_ideal_seir_n10_a10,0.20979020979,0.334647736255,0,0.017,0.0217054737028,0.00817068443689,0.230769230769,0.237762237762,0.472027972028
s5_sampled_seir_n10_a10_seed03,stage5_grid_sensitivity,seir,10,10,0.9,3,0.3,s5_ideal_seir_n10_a10,0.216783216783,0.330326922206,0,0.017,0.0209786276329,0.00822991202835,0.230769230769,0.230769230769,0.444055944056
s5_sampled_seir_n10_a10_seed03,stage5_grid_sensitivity,seir,10,10,0.9,3,1,s5_ideal_seir_n10_a10,0.213286713287,0.151923447244,0,0.017,0.0210392536084,0.00826096846536,0.230769230769,0.230769230769,0.444055944056
s5_sampled_seir_n10_a10_seed04,stage5_grid_sensitivity,seir,10,10,0.9,4,0,s5_ideal_seir_n10_a10,0.230769230769,0.654292697234,0,0.017,0.02124340053,0.00726500854396,0.230769230769,0.234265734266,0.475524475524
s5_sampled_seir_n10_a10_seed04,stage5_grid_sensitivity,seir,10,10,0.9,4,0.1,s5_ideal_seir_n10_a10,0.230769230769,0.597270211232,0,0.017,0.0217054737028,0.00817068443689,0.230769230769,0.237762237762,0.472027972028
s5_sampled_seir_n10_a10_seed04,stage5_grid_sensitivity,seir,10,10,0.9,4,0.3,s5_ideal_seir_n10_a10,0.188811188811,0.3226206285,0,0.017,0.0209786276329,0.00822991202835,0.230769230769,0.230769230769,0.444055944056
s5_sampled_seir_n10_a10_seed04,stage5_grid_sensitivity,seir,10,10,0.9,4,1,s5_ideal_seir_n10_a10,0.213286713287,0.562145554847,0,0.017,0.0210392536084,0.00826096846536,0.230769230769,0.230769230769,0.444055944056
s5_sampled_sis_n20_a10_seed00,stage5_grid_sensitivity,sis,20,10,0.5,0,0,s5_ideal_sis_n20_a10,0.047619047619,0.0238095238095,0,0.01086375771,0.016401176696,0.0127786377123,0.047619047619,0.0952380952381,0.47619047619
s5_sampled_sis_n20_a10_seed00,stage5_grid_sensitivity,sis,20,10,0.5,0,0.05,s5_ideal_sis_n20_a10,0.047619047619,0.0238095238095,0,0.0106666083625,0.017542322179,0.0146026641053,0.047619047619,0.047619047619,0.428571428571
s5_sampled_sis_n20_a10_seed00,stage5_grid_sensitivity,sis,20,10,0.5,0,0.3,s5_ideal_sis_n20_a10,0.047619047619,0.0238095238095,0,0.0075,0.0118641993102,0.0113387819744,0.047619047619,0.0952380952381,0.619047619048
s5_sampled_sis_n20_a10_seed00,stage5_grid_sensitivity,sis,20,10,0.5,0,1,s5_ideal_sis_n20_a10,0,0,0,0.0075,0.0118641993102,0.0113387819744,0.047619047619,0.0952380952381,0.619047619048
s5_sampled_sis_n20_a10_seed01,stage5_grid_sensitivity,sis,20,10,0.5,1,0,s5_ideal_sis_n20_a10,0.047619047619,0.0238095238095,0,0.01086375771,0.016401176696,0.0127786377123,0.047619047619,0.0952380952381,0.47619047619
s5_sampled_sis_n20_a10_seed01,stage5_grid_sensitivity,sis,20,10,0.5,1,0.05,s5_ideal_sis_n20_a10,0.0952380952381,0.109126984127,0,0.0106666083625,0.017542322179,0.0146026641053,0.047619047619,0.047619047619,0.428571428571
s5_sampled_sis_n20_a10_seed01,stage5_grid_sensitivity,sis,20,10,0.5,1,0.3,s5_ideal_sis_n20_a10,0.047619047619,0.0238095238095,0,0.0075,0.0118641993102,0.0113387819744,0.047619047619,0.0952380952381,0.619047619048
s5_sampled_sis_n20_a10_seed01,stage5_grid_sensitivity,sis,20,10,0.5,1,1,s5_ideal_sis_n20_a10,0.047619047619,0.0238095238095,0,0.0075,0.0118641993102,0.0113387819744,0.047619047619,0.0952380952381,0.619047619048
s5_sampled_sis_n20_a10_seed02,stage5_grid_sensitivity,sis,20,10,0.5,2,0,s5_ideal_sis_n20_a10,0.047619047619,0.0238095238095,0,0.01086375771,0.016401176696,0.0127786377123,0.047619047619,0.0952380952381,0.47619047619
s5_sampled_sis_n20_a10_seed02,stage5_grid_sensitivity,sis,20,10,0.5,2,0.05,s5_ideal_sis_n20_a10,0.047619047619,0.0238095238095,0,0.0106666083625,0.017542322179,0.0146026641053,0.047619047619,0.047619047619,0.428571428571
s5_sampled_sis_n20_a10_seed02,stage5_grid_sensitivity,sis,20,10,0.5,2,0.3,s5_ideal_sis_n20_a10,0.047619047619,0.0238095238095,0,0.0075,0.0118641993102,0.0113387819744,0.047619047619,0.0952380952381,0.619047619048
s5_sampled_sis_n20_a10_seed02,stage5_grid_sensitivity,sis,20,10,0.5,2,1,s5_ideal_sis_n20_a10,0.047619047619,0.0238095238095,0,0.0075,0.0118641993102,0.0113387819744,0.047619047619,0.0952380952381,0.619047619048
s5_sampled_sis_n20_a10_seed03,stage5_grid_sensitivity,sis,20,10,0.5,3,0,s5_ideal_sis_n20_a10,0.0952380952381,0.0654761904762,0,0.01086375771,0.016401176696,0.0127786377123,0.047619047619,0.0952380952381,0.47619047619
s5_sampled_sis_n20_a10_seed03,stage5_grid_sensitivity,sis,20,10,0.5,3,0.05,s5_ideal_sis_n20_a10,0.0952380952381,0.0654761904762,0,0.0106666083625,0.017542322179,0.0146026641053,0.047619047619,0.047619047619,0.428571428571
s5_sampled_sis_n20_a10_seed03,stage5_grid_sensitivity,sis,20,10,0.5,3,0.3,s5_ideal_sis_n20_a10,0.047619047619,0.0238095238095,0,0.0075,0.0118641993102,0.0113387819744,0.047619047619,0.0952380952381,0.619047619048
s5_sampled_sis_n20_a10_seed03,stage5_grid_sensitivity,sis,20,10,0.5,3,1,s5_ideal_sis_n20_a10,0,0,0,0.0075,0.0118641993102,0.0113387819744,0.047619047619,0.0952380952381,0.619047619048
s5_sampled_sis_n20_a10_seed04,stage5_grid_sensitivity,sis,20,10,0.5,4,0,s5_ideal_sis_n20_a10,0.0952380952381,0.0997023809524,0,0.01086375771,0.016401176696,0.0127786377123,0.047619047619,0.0952380952381,0.47619047619
s5_sampled_sis_n20_a10_seed04,stage5_grid_sensitivity,sis,20,10,0.5,4,0.05,s5_ideal_sis_n20_a10,0.0952380952381,0.0654761904762,0,0.0106666083625,0.017542322179,0.0146026641053,0.047619047619,0.047619047619,0.428571428571
s5_sampled_sis_n20_a10_seed04,stage5_grid_sensitivity,sis,20,10,0.5,4,0.3,s5_ideal_sis_n20_a10,0.047619047619,0.0238095238095,0,0.0075,0.0118641993102,0.0113387819744,0.047619047619,0.0952380952381,0.619047619048
s5_sampled_sis_n20_a10_seed04,stage5_grid_sensitivity,sis,20,10,0.5,4,1,s5_ideal_sis_n20_a10,0.047619047619,0.0238095238095,0,0.0075,0.0118641993102,0.0113387819744,0.047619047619,0.0952380952381,0.619047619048
s5_sampled_sysrisk_n5_a3_seed00,stage5_grid_sensitivity,sysrisk,5,3,0.5,0,0,s5_ideal_sysrisk_n5_a3,1,1,0,0,0,0,1,1,1
s5_sampled_sysrisk_n5_a3_seed00,stage5_grid_sensitivity,sysrisk,5,3,0.5,0,0.3,s5_ideal_sysrisk_n5_a3,0.857142857143,0.607142857143,0,0,0.00133333333333,0.000666666666667,0.952380952381,0.952380952381,0.952380952381
s5_sampled_sysrisk_n5_a3_seed00,stage5_grid_sensitivity,sysrisk,5,3,0.5,0,0.6,s5_ideal_sysrisk_n5_a3,0.857142857143,0.928571428571,0,0,0.00190476190476,0.000952380952381,0.952380952381,0.952380952381,0.952380952381
s5_sampled_sysrisk_n5_a3_seed00,stage5_grid_sensitivity,sysrisk,5,3,0.5,0,1,s5_ideal_sysrisk_n5_a3,0.809523809524,0.690476190476,0,0,0.00190476190476,0.000952380952381,0.952380952381,0.952380952381,0.952380952381
s5_sampled_sysrisk_n5_a3_seed01,stage5_grid_sensitivity,sysrisk,5,3,0.5,1,0,s5_ideal_sysrisk_n5_a3,1,1,0,0,0,0,1,1,1
s5_sampled_sysrisk_n5_a3_seed01,stage5_grid_sensitivity,sysrisk,5,3,0.5,1,0.3,s5_ideal_sysrisk_n5_a3,0.952380952381,0.97619047619,0,0,0.00133333333333,0.000666666666667,0.952380952381,0.952380952381,0.952380952381
s5_sampled_sysrisk_n5_a3_seed01,stage5_grid_sensitivity,sysrisk,5,3,0.5,1,0.6,s5_ideal_sysrisk_n5_a3,0.952380952381,0.97619047619,0,0,0.00190476190476,0.000952380952381,0.952380952381,0.952380952381,0.952380952381
s5_sampled_sysrisk_n5_a3_seed01,stage5_grid_sensitivity,sysrisk,5,3,0.5,1,1,s5_ideal_sysrisk_n5_a3,0.857142857143,0.857142857143,0,0,0.00190476190476,0.000952380952381,0.952380952381,0.952380952381,0.952380952381
s5_sampled_sysrisk_n5_a3_seed02,stage5_grid_sensitivity,sysrisk,5,3,0.5,2,0,s5_ideal_sysrisk_n5_a3,1,1,0,0,0,0,1,1,1
s5_sampled_sysrisk_n5_a3_seed02,stage5_grid_sensitivity,sysrisk,5,3,0.5,2,0.3,s5_ideal_sysrisk_n5_a3,0.904761904762,0.952380952381,0,0,0.00133333333333,0.000666666666667,0.952380952381,0.952380952381,0.952380952381
s5_sampled_sysrisk_n5_a3_seed02,stage5_grid_sensitivity,sysrisk,5,3,0.5,2,0.6,s5_ideal_sysrisk_n5_a3,0.952380952381,0.97619047619,0,0,0.00190476190476,0.000952380952381,0.952380952381,0.952380952381,0.952380952381
s5_sampled_sysrisk_n5_a3_seed02,stage5_grid_sensitivity,sysrisk,5,3,0.5,2,1,s5_ideal_sysrisk_n5_a3,0.761904761905,0.785714285714,0,0,0.00190476190476,0.000952380952381,0.952380952381,0.952380952381,0.952380952381
s5_sampled_sysrisk_n5_a3_seed03,stage5_grid_sensitivity,sysrisk,5,3,0.5,3,0,s5_ideal_sysrisk_n5_a3,0.952380952381,0.97619047619,0,0,0,0,1,1,1
s5_sampled_sysrisk_n5_a3_seed03,stage5_grid_sensitivity,sysrisk,5,3,0.5,3,0.3,s5_ideal_sysrisk_n5_a3,0.857142857143,0.880952380952,0,0,0.00133333333333,0.000666666666667,0.952380952381,0.952380952381,0.952380952381
s5_sampled_sysrisk_n5_a3_seed03,stage5_grid_sensitivity,sysrisk,5,3,0.5,3,0.6,s5_ideal_sysrisk_n5_a3,0.904761904762,0.952380952381,0,0,0.00190476190476,0.000952380952381,0.952380952381,0.952380952381,0.952380952381
s5_sampled_sysrisk_n5_a3_seed03,stage5_grid_sensitivity,sysrisk,5,3,0.5,3,1,s5_ideal_sysrisk_n5_a3,0.809523809524,0.809523809524,0,0,0.00190476190476,0.000952380952381,0.952380952381,0.952380952381,0.952380952381
s5_sampled_sysrisk_n5_a3_seed04,stage5_grid_sensitivity,sysrisk,5,3,0.5,4,0,s5_ideal_sysrisk_n5_a3,0.857142857143,0.928571428571,0,0,0,0,1,1,1
s5_sampled_sysrisk_n5_a3_seed04,stage5_grid_sensitivity,sysrisk,5,3,0.5,4,0.3,s5_ideal_sysrisk_n5_a3,1,1,0,0,0.00133333333333,0.000666666666667,0.952380952381,0.952380952381,0.952380952381
s5_sampled_sysrisk_n5_a3_seed04,stage5_grid_sensitivity,sysrisk,5,3,0.5,4,0.6,s5_ideal_sysrisk_n5_a3,0.952380952381,0.97619047619,0,0,0.00190476190476,0.000952380952381,0.952380952381,0.952380952381,0.952380952381
s5_sampled_sysrisk_n5_a3_seed04,stage5_grid_sensitivity,sysrisk,5,3,0.5,4,1,s5_ideal_sysrisk_n5_a3,0.761904761905,0.785714285714,0,0,0.00190476190476,0.000952380952381,0.952380952381,0.952380952381,0.952380952381
